grouping_variable,group_label,n,mean_predicted_tau_pp,realized_aipw_rd_pp,realized_aipw_rd_ci_low_pp,realized_aipw_rd_ci_high_pp,realized_aipw_rr
cate_predicted_quintile,Q1,22475,18.648725727522176,17.584205057940558,15.394555981159613,19.476450008198963,1.8392366577802117
cate_predicted_quintile,Q2,39688,30.159412130178332,29.23284118071454,27.293093623961596,31.015425722720714,2.8793048961868117
cate_predicted_quintile,Q3,2334,30.46227975974114,44.56199525008847,37.27711366003519,51.87064508379351,10.287529574859736
cate_predicted_quintile,Q4,15744,41.256520573803776,40.462282510218266,37.616690846114786,43.03497712083657,4.250726161571073
residence,1,17663,25.186027580450542,23.086791766305428,20.483860573188437,25.593149725370935,1.9500618121557773
residence,2,62578,30.158556373637424,30.28338844211808,28.96739117893364,31.639147560568293,3.283824823622004
social_group,1,16740,30.28154637230072,29.001383429845482,26.451681736006893,31.986894836396473,2.9103636715431715
social_group,2,14285,27.691357372346342,27.575545211392505,24.372772128145176,30.795748476549168,4.0438376681092985
social_group,3,31674,27.42145353022412,26.904700352141614,25.519743449934644,28.43265940084901,2.61076535644858
social_group,4,13348,28.33583812357942,27.343682137306434,24.956078362117513,29.63067942461242,2.3292310156217475
