geo_key,state_name,source_period,Z,matched,rural_births_pubpriv,unique_respondents,weighted_share_of_rural_retained,n_public,n_private,survey_weighted_csection_rate_pct,missing_reason
28,Andhra Pradesh,31 March 2021,57.09219858156028,True,2018,1492,0.034264737882089134,1128,890,41.06266054640428,
12,Arunachal Pradesh,31 March 2021,8.333333333333334,True,3453,2960,0.000779485302166612,3314,139,18.61155893037088,
18,Assam,31 March 2021,22.081218274111674,True,8068,7210,0.029402351075551048,7350,718,18.748125911038965,
10,Bihar,31 March 2021,8.660130718954248,True,14686,10281,0.1357497986293803,11432,3254,11.758464589679383,
22,Chhattisgarh,31 March 2021,15.662650602409638,True,5917,4633,0.023294738997746613,5264,653,13.427728574797678,
30,Goa,31 March 2021,20.833333333333332,True,138,124,0.0005261999213737007,88,50,40.07715386802313,
24,Gujarat,31 March 2021,10.135135135135135,True,6562,5061,0.03847193166113225,3525,3037,16.645443352736347,
6,Haryana,31 March 2021,4.435483870967742,True,4782,3570,0.0201616525789714,3133,1649,18.830880725961276,
2,Himachal Pradesh,31 March 2021,2.0408163265306123,True,2124,1772,0.005045560270490911,1765,359,23.154900805415988,
20,Jharkhand,31 March 2021,27.19298245614035,True,6355,4924,0.02878200696531133,5244,1111,13.8906586503824,
29,Karnataka,31 March 2021,30.082417582417584,True,5791,4432,0.041797457516800925,4276,1515,30.530617261621522,
32,Kerala,31 March 2021,6.338028169014085,True,1568,1356,0.015973929392393733,609,959,38.7984497260862,
23,Madhya Pradesh,31 March 2021,3.6440677966101696,True,11968,8741,0.06533365707187871,11132,836,9.904358365831996,
27,Maharashtra,31 March 2021,31.203703703703702,True,6207,4861,0.06752545490827212,4359,1848,23.089806611407056,
14,Manipur,31 March 2021,22.058823529411764,True,1588,1322,0.0015315239079053025,1188,400,26.59799952910591,
17,Meghalaya,31 March 2021,2.6785714285714284,True,3250,2613,0.0027801781123337178,2866,384,11.22533873541027,
15,Mizoram,31 March 2021,0.0,True,1064,856,0.00043992923248156317,1009,55,6.5958619588424705,
13,Nagaland,31 March 2021,8.333333333333334,True,885,736,0.0004153940673410198,798,87,9.235863750989406,
21,Odisha,31 March 2021,20.490716180371354,True,6848,5837,0.038103138824781946,6090,758,21.310539294476335,
3,Punjab,31 March 2021,25.5,True,3793,3053,0.017111400126582545,2320,1473,40.19136110109724,
8,Rajasthan,31 March 2021,20.33106960950764,True,11435,8470,0.07683226366391473,9727,1708,8.592110825239164,
11,Sikkim,31 March 2021,0.0,True,513,479,0.00025208353889501407,463,50,27.905652455889314,
33,Tamil Nadu,31 March 2021,16.2987012987013,True,3933,3107,0.04076193508972992,2915,1018,43.18100012221981,
36,Telangana,31 March 2021,75.88235294117646,True,5056,3771,0.020585713991492345,2803,2253,60.4453146407702,
16,Tripura,31 March 2021,4.545454545454546,True,1544,1401,0.0027831267639668593,1372,172,21.23302649584466,
5,Uttarakhand,31 March 2021,24.528301886792452,True,2479,2019,0.0068366549189725415,1943,536,20.707048477776333,
9,Uttar Pradesh,31 March 2021,28.95086321381142,True,25040,18619,0.20389619721609856,18839,6201,13.208745261554835,
19,West Bengal,31 March 2021,4.813218390804598,True,3905,3429,0.0719262157867485,3273,632,31.281192054560908,
35,Andaman & Nicobar Islands,31 March 2021,25.0,True,332,288,0.00014087539899290476,319,13,20.4549353117221,
4,Chandigarh,31 March 2021,,True,6,4,9.386056952509736e-06,5,1,0.0,RHS denominator zero/not applicable
25,Dadra & Nagar Haveli and Daman & Diu,31 March 2021,0.0,True,335,259,0.0002968039125644386,257,78,16.67633847645231,
7,Delhi,31 March 2021,,True,128,105,0.0006004728333884488,76,52,31.13828573991522,RHS denominator zero/not applicable
1,Jammu & Kashmir,31 March 2021,71.82539682539682,True,4365,3685,0.007756883705585894,4180,185,41.72068666977172,
37,Ladakh,31 March 2021,28.571428571428573,True,378,336,0.00013753436342945643,377,1,37.190128099561356,
31,Lakshadweep,31 March 2021,66.66666666666667,True,67,64,1.7267353084927394e-05,61,6,33.23811376856752,
34,Puducherry,31 March 2021,0.0,True,136,114,0.0002859178515389165,109,27,29.96326731788544,
