context_group,covariate,smd_before,smd_after_ipw,flag_after_abs_smd_gt_0_1
low,birth_order,-0.24637069696548944,0.026291242624766554,False
low,wealth_index,0.7418688455734855,0.00302794923162072,False
low,education_years,0.5341087990599988,-0.016841020078673528,False
low,residence=2,0.0,0.0,False
low,religion=1,-0.10244372875685295,-0.02084504575058326,False
low,religion=2,0.07499821008730426,0.01683815080436366,False
low,religion=3,0.08667354699573472,0.015627523804432896,False
low,religion=4,0.04091775649548394,0.0028341143738827633,False
low,religion=5,-0.029858070110546316,-0.008789718296602933,False
low,religion=6,-0.01581127288532858,-0.015553959658903478,False
low,religion=9,-0.006371233863508675,-0.012035694227502274,False
low,religion=96,-0.0476914432803982,-9.412281363813819e-05,False
low,social_group=1,-0.24353706578506631,0.047442438751699983,False
low,social_group=2,-0.277600976360637,-0.04789065884584432,False
low,social_group=3,0.20338853723635147,-0.00981002085085155,False
low,social_group=4,0.23779952949010133,0.0011035388678164565,False
low,social_group=Missing,-0.032056572829480934,-0.0040022008883513665,False
low,twin_order=0,-0.12257533282979458,0.0007987933353023393,False
low,twin_order=1,0.0856496358261143,-0.0014027216328247412,False
low,twin_order=2,0.08362026373484799,-0.0011977025183912136,False
low,twin_order=3,0.027511811053762138,0.01631202214623546,False
low,state=10,-0.03534374106088368,0.049155520404120336,False
low,state=11,-0.01817104766642401,-0.0019717349529036966,False
low,state=12,-0.05226798708476994,-0.005583042067083107,False
low,state=13,-0.019256225309238928,-0.0007113578695289791,False
low,state=15,-0.034742689273682445,-0.012330407715176472,False
low,state=16,-0.0678170527547549,-0.01226645315298267,False
low,state=17,-0.056619428081871745,0.014511798232604596,False
low,state=19,-0.15809478653618997,-0.013319329478468919,False
low,state=2,-0.04030625193495147,0.00408425742424207,False
low,state=22,-0.1444862765821899,0.007925233441885898,False
low,state=23,-0.43401798894586957,-0.06113532536099552,False
low,state=24,0.40049176195730346,0.0009381569289720849,False
low,state=25,-0.014335454709722884,-0.001359972187953375,False
low,state=32,0.35358872023065874,0.00403507057123982,False
low,state=33,0.04315522951446914,-0.012402109833906747,False
low,state=34,-0.01612442361288617,0.002186413938591097,False
low,state=6,0.14107047073882542,0.017765138528625025,False
high,birth_order,-0.22563784105609977,0.015878864125628885,False
high,wealth_index,0.6807039618991757,0.004505287355919063,False
high,education_years,0.5164984095113145,-0.007034592233096527,False
high,residence=2,0.0,0.0,False
high,religion=1,-0.01515616101766618,0.024832573185977525,False
high,religion=2,-0.026530809182415325,-0.0170674291215631,False
high,religion=3,0.009961048691688198,-0.01607008771014212,False
high,religion=4,0.10009511962229674,0.00036988609818331704,False
high,religion=5,0.0054078920851967265,-0.00154394161469423,False
high,religion=6,0.027905827280175415,0.0052695369776556596,False
high,religion=7,-0.006688394307682939,-0.00856742000863673,False
high,religion=8,-0.01864670358269283,-0.01693297056765108,False
high,religion=9,-0.010894507861449135,-0.010948497108587236,False
high,religion=96,-0.06765180229750915,-0.025727424829367906,False
high,social_group=1,-0.1373115125871512,0.021938446428103,False
high,social_group=2,-0.2457745479669462,-0.036586333946342135,False
high,social_group=3,0.1190835375027166,0.02215573513229063,False
high,social_group=4,0.2286556840204855,-0.009206849726033191,False
high,social_group=Missing,-0.10465248324379504,-0.03228140326342054,False
high,twin_order=0,-0.102882664918039,-0.0005130124790919378,False
high,twin_order=1,0.07158531521674637,-0.0006226646688487642,False
high,twin_order=2,0.07158531521674637,-0.0005364662280220809,False
high,twin_order=3,0.017181374786493134,0.015794393966828676,False
high,state=1,-0.15380532583176193,-0.010162342085427892,False
high,state=14,-0.0077489944922763815,0.006002490040795032,False
high,state=18,-0.22843394869320405,-0.04541473014457455,False
high,state=20,-0.07754602482626609,-0.014120643318883895,False
high,state=21,-0.20439951142890103,-0.05534883431916678,False
high,state=27,0.1874585497497249,-0.006572064650686601,False
high,state=28,0.21719719332355342,-0.0013219934626555426,False
high,state=29,0.02126282390049198,-0.001974109694943041,False
high,state=3,0.11816955841620772,0.002742388183569089,False
high,state=30,0.01918131313447415,0.0012552786772236416,False
high,state=31,-0.005770108330106082,-0.0061614658685257805,False
high,state=35,-0.017873121334661336,-0.019713376256521573,False
high,state=36,0.17063608744700012,0.0044870483759663175,False
high,state=37,-0.025024531325763398,-0.02340829404343255,False
high,state=5,0.0401085487792191,0.00882760099538368,False
high,state=8,-0.20007691512352296,0.037285269897064766,False
high,state=9,0.0013110192641067433,0.03052389546826822,False
