omitted_state_code,omitted_state_name,retained_n,rd_low_pct,rd_high_pct,delta_high_minus_low_pct
1,Jammu & Kashmir,152218,35.1697465981244,28.20840417321832,-6.9613424249060785
2,Himachal Pradesh,154459,35.21077747390296,28.167796208255414,-7.042981265647544
3,Punjab,152790,35.1697465981244,28.307768726955146,-6.861977871169252
5,Uttarakhand,154104,35.1697465981244,28.149313141887788,-7.02043345623661
6,Haryana,151801,36.01397315423793,28.167796208255414,-7.846176945982517
8,Rajasthan,145148,35.1697465981244,30.22833912806958,-4.941407470054816
9,Uttar Pradesh,131543,35.1697465981244,27.4603783370603,-7.7093682610641
10,Bihar,141897,35.41673445864687,28.167796208255414,-7.248938250391458
11,Sikkim,156070,35.1858822969736,28.167796208255414,-7.018086088718189
12,Arunachal Pradesh,153130,35.1884754310211,28.167796208255414,-7.020679222765683
13,Nagaland,155698,35.19020197219804,28.167796208255414,-7.022405763942626
14,Manipur,154995,35.1697465981244,28.17770356721063,-6.992043030913766
15,Mizoram,155519,35.18123779963069,28.167796208255414,-7.01344159137528
16,Tripura,155039,35.23856830994254,28.167796208255414,-7.07077210168713
17,Meghalaya,153333,35.24457128186837,28.167796208255414,-7.0767750736129535
18,Assam,148515,35.1697465981244,27.586734053615313,-7.583012544509085
19,West Bengal,152678,30.2688857599794,28.167796208255414,-2.1010895517239874
20,Jharkhand,150228,35.1697465981244,27.71270210350253,-7.457044494621869
21,Odisha,149735,35.1697465981244,26.647129267809188,-8.52261733031521
22,Chhattisgarh,150666,34.71019747001172,28.167796208255414,-6.542401261756307
23,Madhya Pradesh,144615,34.68076212248493,28.167796208255414,-6.512965914229515
24,Gujarat,150021,37.503180394406485,28.167796208255414,-9.335384186151071
25,Dadra & Nagar Haveli and Daman & Diu,156248,35.185195956743165,28.167796208255414,-7.017399748487751
27,Maharashtra,150376,35.1697465981244,29.57109687723137,-5.598649720893029
28,Andhra Pradesh,154565,35.1697465981244,27.811148500565018,-7.35859809755938
29,Karnataka,150792,35.1697465981244,28.35746640935635,-6.8122801887680495
30,Goa,156445,35.1697465981244,28.17268652150394,-6.997060076620457
31,Lakshadweep,156516,35.1697465981244,28.16788338032531,-7.001863217799087
32,Kerala,155015,36.42309688081267,28.167796208255414,-8.255300672557258
33,Tamil Nadu,152650,35.55964501312283,28.167796208255414,-7.3918488048674185
34,Puducherry,156447,35.1704215091992,28.167796208255414,-7.002625300943787
35,Andaman & Nicobar Islands,156251,35.1697465981244,28.165131614477534,-7.004614983646864
36,Telangana,151527,35.1697465981244,27.984292027562706,-7.185454570561692
37,Ladakh,156205,35.1697465981244,28.170852134242175,-6.998894463882223
