replicate,rd_low_pct,rd_high_pct,delta_high_minus_low_pct,rr_low,rr_high
0,34.43348088574522,27.5087868133982,-6.92469407234702,3.6782983603198636,3.05078735604355
1,35.20569446754924,28.438525957234283,-6.76716851031496,3.7627776376278126,3.1097870303317823
2,35.48249158201243,28.434021715097145,-7.048469866915283,3.797338071487891,3.0756622268891407
3,35.40899024704484,28.056497338396134,-7.352492908648706,3.664136048569042,3.0493570274422694
4,34.08433381328138,27.874498221731088,-6.209835591550295,3.612982989653434,3.0735987747921274
5,34.390092745938176,28.625643618623876,-5.7644491273143,3.5903068737986774,3.1187948435262762
6,33.54899742679635,27.247618726864285,-6.301378699932062,3.4911882235527094,2.999346018156034
7,35.60523115192253,28.680682214406872,-6.9245489375156595,3.7595582300085586,3.2346992795699827
8,35.968414892025336,28.10631292189686,-7.862101970128478,3.7714057911357837,3.0843927155166213
9,34.909115685362735,28.17674259727849,-6.732373088084245,3.6639016346128184,3.0733099623551605
10,34.73599552120133,28.33736965651151,-6.398625864689823,3.6490527455930457,3.1475763269241823
11,35.86856350374956,27.353027065034752,-8.515536438714811,3.8115829537814747,3.011561534899365
12,34.9447201616888,28.0910094084345,-6.853710753254301,3.753050283881188,3.064835118753907
13,34.23790288403649,27.983052273897748,-6.254850610138739,3.6894055721114527,3.131268307157956
14,35.42780643239873,27.946113583215116,-7.4816928491836165,3.744461803161688,3.0868594594084753
15,36.478463765237194,27.235256998046175,-9.243206767191019,3.822835880983679,3.006883791776699
16,34.30427826071788,28.027562563075037,-6.276715697642842,3.668100702109119,3.110268126850782
17,35.174080752521476,27.24792628163053,-7.926154470890946,3.7863743749961096,3.0767460968882445
18,35.1737193059407,28.850259820953006,-6.323459484987694,3.717277419367301,3.189547029001051
19,35.197182037630284,28.393966808621627,-6.803215229008657,3.6508795150521545,3.0966865772205208
20,33.97293351883175,28.9970239308216,-4.9759095880101505,3.595069856887111,3.177399304769702
21,35.03038299636793,27.613733806596684,-7.416649189771249,3.5613525578607788,3.0734605163237707
22,35.08885405052524,28.513648480738013,-6.575205569787229,3.6823159844653293,3.1244286668502723
23,35.03196424093801,28.006532826931483,-7.025431414006526,3.6710513295525935,3.1098968238114995
24,33.60125729431388,27.41481252838075,-6.186444765933132,3.5482883657205613,3.0341011090900545
25,34.757100472940664,27.655239699148037,-7.101860773792627,3.715163104756918,3.0075843639109485
26,35.46631317470014,28.11915468037991,-7.3471584943202295,3.706468371688662,3.113772304082152
27,35.65104071951184,28.046537186410838,-7.604503533101003,3.6546530472626166,3.0439486288889412
28,34.83800671300612,27.9229451752264,-6.915061537779724,3.639894275527616,3.0505166917489923
29,35.18538757999339,28.693467737177958,-6.491919842815431,3.7089973919770065,3.165844048281649
30,34.65651116941272,27.96326822532781,-6.693242944084908,3.736202834187437,3.1005076912080125
31,35.72090644440286,28.938260403604886,-6.782646040797971,3.74515927049296,3.112273546398381
32,34.69025250072777,28.491783984821407,-6.198468515906367,3.6897858744282135,3.1289672140319724
33,35.23697531145273,27.804027500673236,-7.4329478107794955,3.678118756145199,3.0822456394742432
34,34.70918551898949,27.72439401825764,-6.984791500731852,3.6632372468456804,3.035557766327656
35,35.69805926372622,27.53656256064721,-8.161496703079013,3.716050176073333,3.08393478552659
36,34.97968695722775,27.938806792631922,-7.040880164595826,3.5942301034764443,3.0925162257448466
37,34.89303010443236,28.00184887939099,-6.891181225041372,3.693739886770912,3.0416099632062887
38,33.91933230721469,28.07553086501778,-5.843801442196909,3.560041721246845,3.109576766042078
39,34.2671596822843,27.317106921977807,-6.9500527603064945,3.7600847034931886,3.0396558913881644
40,35.35045959211862,28.051683673489336,-7.298775918629282,3.7201747712836446,3.1236310387794415
41,33.111932866788095,28.13081381122464,-4.981119055563454,3.542838315034499,3.1149751232180796
42,35.766577209907894,28.123955519822776,-7.642621690085118,3.754072279435037,3.0841602318068686
43,35.0752102071861,28.084430154271878,-6.990780052914225,3.7226389263894792,3.10811681821653
44,34.13234758851944,28.73847706328586,-5.393870525233577,3.641039618709492,3.1535031088637107
45,35.462926298595995,28.254912077792298,-7.2080142208036975,3.724632632149099,3.1728967541050017
46,35.196608748170156,29.130488042675417,-6.06612070549474,3.728881535826674,3.243639761432655
47,36.31295256016902,28.012275633993678,-8.300676926175345,3.7150233153265004,3.12894687573353
48,35.630388892561506,27.28037881605675,-8.350010076504756,3.7823050884176204,3.0156136425023967
49,36.01585876822765,27.532206370330336,-8.483652397897316,3.7691024067727215,3.036135069670179
50,36.26403068671274,27.76083520707619,-8.503195479636553,3.800679353855424,3.086204762149232
51,35.304401210361966,28.075395171713737,-7.2290060386482295,3.6892539463456364,3.1070179301494147
52,34.11837104838888,27.86343488972345,-6.25493615866543,3.632409521664461,3.1171171714150967
53,34.41295606058249,27.84299167201426,-6.569964388568227,3.65696377245988,3.0808740297938337
54,34.68399102950397,28.73257097621681,-5.951420053287162,3.587878563607076,3.1683874951043083
55,34.6178757387112,28.558953908585703,-6.058921830125495,3.609874336989314,3.151413836782112
56,35.49934779158922,28.21243921540482,-7.286908576184402,3.7183793699005125,3.1360044769338087
57,34.59282661470132,28.492355666630587,-6.100470948070736,3.555828749838454,3.091423524650162
58,37.25320557898367,28.318148140523093,-8.935057438460575,3.9282332906572948,3.1578254753098474
59,35.59477582791782,29.11182802906921,-6.482947798848613,3.7455765765426188,3.2438659591153267
60,34.39283524471489,28.276183771355036,-6.116651473359852,3.6071357890031024,3.1362913680785067
61,36.29041807578419,27.127396454905572,-9.163021620878617,3.7938795478388254,3.0691376262752854
62,35.12724818379692,28.172803149965976,-6.954445033830947,3.786900242480602,3.137765580491894
63,34.32400066013964,27.755611885687614,-6.568388774452025,3.6249050487578076,3.1197594745735477
64,34.80115467621117,28.614222957513245,-6.186931718697924,3.6761551147902147,3.1450709091041578
65,35.56367076875764,28.238542689877168,-7.325128078880471,3.6913122734265205,3.1180337400691807
66,35.25771789266156,27.79575862123377,-7.461959271427791,3.6796098428647053,3.0990124292028214
67,35.097586218610935,27.910933932575578,-7.186652286035358,3.6539013581936834,3.092861568403294
68,34.406068617125236,28.04024001168539,-6.3658286054398445,3.646788712381965,3.103925447921632
69,35.901807377777196,28.614683978866406,-7.28712339891079,3.7027553900467955,3.1640889384266324
70,35.486129255210706,28.325116970477193,-7.161012284733513,3.7484325088411676,3.178128984828217
71,34.90802106904172,27.953401760842176,-6.954619308199547,3.656808285313706,3.116829708044901
72,35.37706738211076,27.82094943350244,-7.556117948608318,3.7116553909839554,3.019358371148288
73,35.344459443796374,27.64107590238183,-7.703383541414546,3.773992014081027,3.061491024568143
74,35.385094083231046,28.393573851578658,-6.9915202316523875,3.6812711362881942,3.189600372530611
75,34.6695532474812,27.295482278110374,-7.374070969370823,3.6521774371973272,3.0031985986813723
76,36.79002833618087,28.600405410835293,-8.189622925345574,3.794977689664694,3.139871865301129
77,34.879041683531206,27.444815131836677,-7.434226551694529,3.7532319722808887,3.014726935279183
78,34.71040425343458,28.42508505787416,-6.285319195560422,3.618648420679409,3.113409832123918
79,36.47972881372877,27.92093847603958,-8.558790337689189,3.8510912477246597,3.1076011783938307
80,33.797671696759615,28.42753833503692,-5.370133361722694,3.586127684970343,3.1647514915747044
81,33.9680465526208,27.741098356388427,-6.226948196232371,3.578941712202932,3.119581056552716
82,35.10809760965405,28.38744492587474,-6.7206526837793135,3.7350033161565426,3.1168840817493058
83,34.46683642250918,27.190788254493935,-7.276048168015247,3.6646540583752545,3.0394795294948063
84,35.20956478997445,29.268609879162362,-5.9409549108120885,3.6080998220865457,3.310815167117525
85,35.96593999419048,28.677377259086512,-7.288562735103966,3.762913363673602,3.207787132873292
86,35.27852457926236,28.056931237563166,-7.221593341699194,3.7891352112301044,3.109057596805871
87,35.65411337027298,27.95300037902114,-7.70111299125184,3.7210335152218303,3.066487844469111
88,35.17679537948525,28.291267258352406,-6.885528121132843,3.5833651805505267,3.1423767175940465
89,34.7872541572159,28.282218038721407,-6.505036118494491,3.740051828198098,3.086623550219489
90,35.68589200274063,28.676414168716992,-7.009477834023638,3.7035176767658315,3.1930933132034682
91,36.10392603058577,28.604377159353035,-7.499548871232733,3.793759107683327,3.193833218561951
92,35.61028470127581,28.039666595372374,-7.570618105903435,3.8196971228170202,3.1557301605845423
93,34.584305570618525,28.163375832532456,-6.42092973808607,3.6335245512728838,3.1313017880670553
94,35.1528608284974,28.32259152849219,-6.830269300005213,3.695132218706667,3.0626928637798594
95,34.710890639001654,28.81374224936275,-5.897148389638904,3.669159122724181,3.186102324476808
96,35.30268611250638,28.033201910723438,-7.269484201782941,3.7073977379446865,3.1505620922265507
97,35.90496792843487,28.49196857767682,-7.412999350758053,3.7648515079578107,3.101864214516811
98,35.796382110027004,27.841534185313176,-7.954847924713828,3.797210999375688,3.0684869867580553
99,35.07658730228851,28.100851024238715,-6.975736278049794,3.6678640763634713,3.1348491159129175
100,33.68323547389756,27.449060086095372,-6.234175387802189,3.5798795902149685,2.9981749968172293
101,34.06696024835914,28.055912033679714,-6.011048214679423,3.6114697096272095,3.0964425868903174
102,35.98966753996519,28.294167119771345,-7.695500420193845,3.816483217046856,3.16031019835396
103,34.782894807006784,27.91840006776819,-6.864494739238594,3.7154764837557117,3.080884121049917
104,34.92921196300844,27.60381124312703,-7.3254007198814115,3.6546975948473563,3.0594208082627716
105,35.63743266089498,27.83061273862075,-7.806819922274229,3.710448613341865,3.044136573020998
106,35.112151974903014,29.125809719076113,-5.9863422558269015,3.727515124356533,3.2487672355767967
107,35.29547227961616,27.827351052594807,-7.468121227021356,3.712171796008442,3.07049526494528
108,34.59113785047515,28.818620398351197,-5.772517452123953,3.5961164901742815,3.2238279502507297
109,36.23261216982429,28.17106423321179,-8.061547936612502,3.87618250136809,3.1194475275507845
110,36.98852126281798,28.7299401023236,-8.258581160494384,3.8145003295938658,3.174553372025195
111,34.18034042516274,26.8705936296223,-7.309746795540441,3.6525169245927422,2.9758942821424372
112,34.64907955940263,28.510714002496584,-6.138365556906045,3.5623794417696164,3.159426019631673
113,34.914124528305734,28.292110338159837,-6.622014190145897,3.6887461138130253,3.162804471848225
114,34.31316735872253,29.45717264263778,-4.855994716084751,3.6759821612391064,3.200174830625115
115,34.481998571621425,28.12683655272951,-6.355162018891914,3.60316603440266,3.055892777923654
116,34.97313877204291,27.566465011114538,-7.406673760928371,3.734297070515543,3.008832066632512
117,36.078514851595976,27.945699298487998,-8.132815553107978,3.787010431267649,3.080843068298905
118,37.11862596918039,28.44791856811233,-8.670707401068064,3.8580694057867078,3.1318864656511716
119,36.763526380486795,27.930287933506776,-8.833238446980019,3.7569637338542865,3.085070767509138
120,35.64475073799623,28.895395583825263,-6.749355154170971,3.748246442393836,3.1570933692984804
121,35.01066889269709,28.412326074520944,-6.598342818176146,3.717004194090218,3.1494303547059697
122,35.555190851909835,29.011164490571907,-6.544026361337927,3.8020230983920844,3.250759334017361
123,35.87638491408852,28.58068597232346,-7.295698941765057,3.7089595953767183,3.1486299418665205
124,35.773422763704296,29.169400345128526,-6.60402241857577,3.72600651107039,3.185948555439717
125,34.77493608079985,28.782121944757677,-5.9928141360421705,3.6870798262015763,3.1599774064214188
126,34.46984726098927,28.31236646501378,-6.157480795975488,3.6900047856629805,3.0996513957603744
127,35.9946222963636,28.286850427524545,-7.707771868839057,3.85585326990936,3.131694721482863
128,34.673259706477786,27.167510197898864,-7.505749508578923,3.597828438154767,3.0387306904582387
129,34.2405818657758,27.577245230814114,-6.663336634961688,3.604620294448297,2.997468350007446
130,35.25067133321708,28.743464448381534,-6.5072068848355435,3.665914126261025,3.0962177738086902
131,35.00392380251124,28.842917854756976,-6.161005947754262,3.6575729101855123,3.206917792112087
132,34.78880943001641,28.229428631388938,-6.559380798627469,3.619682230087139,3.1432768207247297
133,35.85071718349352,28.85129278293802,-6.999424400555501,3.7531135736196535,3.2044463166771653
134,34.16575203099968,28.204731500730627,-5.9610205302690495,3.5798629562413753,3.0866325725617005
135,35.22186937415942,28.362658746883728,-6.85921062727569,3.7565665063939124,3.1360942938906895
136,35.72818871238624,29.00741058800602,-6.720778124380221,3.719363687120651,3.169515056610646
137,35.12076377457814,28.597481436211712,-6.523282338366425,3.5475000974303077,3.168447606525381
138,35.45254921099921,28.558224428381052,-6.894324782618156,3.7625633795804574,3.139589581562313
139,33.847667912086756,27.87351535016865,-5.974152561918107,3.6279303273401466,3.054145241126396
140,33.499851466910194,27.402751436504257,-6.097100030405937,3.4925925804003666,3.0371953562097196
141,35.520523440061304,27.060019490023578,-8.460503950037726,3.782193543369103,3.0052184906982413
142,35.21704591802635,28.90095333276189,-6.31609258526446,3.698657900084328,3.1954891104762577
143,35.42820680703736,28.111537580740194,-7.316669226297169,3.787126408523106,3.074536695009135
144,35.771462637629924,28.069680714600366,-7.701781923029557,3.782153842232741,3.057681629576368
145,35.34617141156156,27.848355416756153,-7.497815994805411,3.6415877822904195,3.0743267509243792
146,35.23650638703424,28.235028279488418,-7.001478107545822,3.654972210410375,3.1346715460962526
147,34.950796410113185,28.390404792563693,-6.560391617549492,3.6631806623701815,3.0996862433892596
148,34.256235059741016,28.250287559955268,-6.005947499785748,3.646428274374952,3.1137223085191965
149,34.08603261857092,27.920821130451156,-6.165211488119763,3.6737814049831625,3.0735341231010165
150,35.37817302460615,27.739353438366948,-7.638819586239201,3.7443123809923584,3.056982753207912
151,36.14262200442122,27.228173526301003,-8.914448478120217,3.7205969511702905,3.0336819231863754
152,35.42164318612365,28.33268491986969,-7.0889582662539645,3.711919308923858,3.0901010101007245
153,35.331723318481586,28.316411490120007,-7.015311828361579,3.7484630332307343,3.09422834642457
154,36.18190220356409,27.682462170269705,-8.499440033294388,3.804837238513201,3.1198102753152575
155,34.330660232111605,28.644374501329395,-5.68628573078221,3.5456933947149505,3.175218031268024
156,35.203550553427355,28.520200629907883,-6.683349923519472,3.7478947150575506,3.1317857904669277
157,34.62821645220999,28.402768605332163,-6.225447846877827,3.554119569376841,3.114853463761321
158,34.11519630970608,28.664799954535376,-5.450396355170703,3.66229552100632,3.2001298454955296
159,36.37325043664486,27.059966168855993,-9.313284267788866,3.867709895545653,3.0416979807247193
160,36.04708373511837,28.351123818080993,-7.695959917037378,3.7514979779890067,3.113867409515278
161,34.4181631187849,28.035625468926206,-6.382537649858698,3.6228536473370085,3.083884916796334
162,35.81720510464881,27.911700786596306,-7.9055043180525,3.8074074762985086,3.0599443374468125
163,35.07420329818123,27.811122852515847,-7.263080445665384,3.6763957018285125,3.080160805088762
164,34.80084428686227,28.6961665355565,-6.104677751305772,3.674491821253138,3.2061508508332954
165,35.649180918847314,27.366335255182538,-8.282845663664776,3.6585378787877088,3.022655235048529
166,33.31762421049102,28.428412575039573,-4.889211635451446,3.5497040113833376,3.0782021168650524
167,34.80056477461439,27.954675055561278,-6.845889719053108,3.6707166597028635,3.0790094762544142
168,34.915486942682875,27.501113428775632,-7.414373513907243,3.711744761228895,3.0455734434800297
169,34.66447140566592,28.40216746966352,-6.2623039360024,3.7412261040895283,3.109540053183014
170,35.75024429132337,27.477841654649637,-8.272402636673732,3.743771315980081,3.0900327667631213
171,35.1792042175042,27.69892035940878,-7.480283858095419,3.813423186325084,3.108918113733225
172,35.402309320375366,27.679619285758605,-7.722690034616761,3.718530962463468,3.074137277427447
173,35.23618675015793,27.78709816057271,-7.449088589585216,3.66843321144609,3.0492804343803237
174,35.360273192234295,28.19553088564668,-7.164742306587616,3.750395403615577,3.113606296320572
175,35.93614764962856,27.710122136498626,-8.226025513129933,3.8588344596311868,3.030279966656571
176,35.30820813237473,28.04792075646595,-7.260287375908781,3.641844549426925,3.107161801643776
177,35.16578739148935,27.910888355630515,-7.254899035858838,3.646167552893737,3.125619590231378
178,35.353371166956634,28.123110754837345,-7.230260412119289,3.726240966141355,3.0669928615270488
179,34.19295333222778,27.629190050064672,-6.563763282163109,3.602426296248065,3.058041242039867
180,34.54100310939117,28.059609793179547,-6.481393316211623,3.6762250308995013,3.117265205605523
181,36.11224887651936,27.750383654741086,-8.361865221778274,3.8411891542619228,3.006181272851938
182,35.07617780878596,28.681706856404443,-6.394470952381514,3.607783620605124,3.1932709817407003
183,35.46096823706692,28.595846843170225,-6.865121393896697,3.6803420119702275,3.142872530632399
184,34.778397639757365,28.45929275534853,-6.3191048844088336,3.6204318661897137,3.0860493059341305
185,35.0470910002781,27.192465032037518,-7.854625968240583,3.6845330363173883,3.058993819384685
186,35.34330219636968,26.863346262023093,-8.479955934346584,3.680363108687163,2.9716204351004873
187,36.125405355695584,28.375423349017826,-7.749982006677758,3.797818581108209,3.0764666690675893
188,35.35638462296548,28.719002698954004,-6.637381924011475,3.7152705214287414,3.1383752450566322
189,35.11508398263618,28.97058986835168,-6.144494114284498,3.7491389765772043,3.1736533578226997
190,35.35712207836876,28.38376535098806,-6.9733567273807004,3.680700542258142,3.1083311092220436
191,34.30699266865648,28.884017380084547,-5.42297528857193,3.6759857426714015,3.1927730673392674
192,35.05191099891718,28.676872158277956,-6.375038840639224,3.6672263166589616,3.148696066134644
193,35.57596102651619,28.11926333807892,-7.45669768843727,3.746414019647192,3.11418928850539
194,35.518696023760675,27.951347546383897,-7.567348477376779,3.7902873255661693,3.092613336174052
195,35.172669836394554,28.727234681532245,-6.4454351548623094,3.784800217594635,3.130326945650388
196,34.35870727276712,27.561676212316755,-6.797031060450365,3.5560601409052723,3.0438941691596533
197,34.778071840000635,29.0202815055002,-5.757790334500434,3.623008813033533,3.191251775376884
198,36.24037229443837,28.2583947504496,-7.981977543988773,3.7715980442122605,3.116449502979283
199,35.6983770648098,28.525754950853777,-7.17262211395602,3.7241320468137684,3.15744180023415
200,34.28726892703212,28.107695121961164,-6.179573805070959,3.617965526250396,3.153665588777703
201,36.29790219017042,27.699373197196657,-8.598528992973762,3.7802431342740013,3.063306513090225
202,34.47037655243829,28.338255354798303,-6.132121197639986,3.5923334164073926,3.119733302034375
203,34.78030758182348,27.73430227210004,-7.046005309723437,3.727415293793299,3.0703353091605594
204,35.21653371236601,28.67699130734006,-6.539542405025948,3.6100607953811754,3.1356174197971103
205,33.966805927947895,27.803330294442,-6.163475633505897,3.543992992769824,3.0811165443841193
206,34.51106113814186,28.013917178515086,-6.497143959626776,3.6677541537027083,3.1000686333616927
207,33.29246915721926,27.925000286481254,-5.367468870738005,3.514049947978453,3.1165233231797536
208,35.488047423997756,28.11574627892347,-7.372301145074285,3.72761917395691,3.0615513589606347
209,35.29379301263537,28.61451686267078,-6.67927614996459,3.7212281193939347,3.1203078224893317
210,35.350788428645004,27.700594531610317,-7.650193897034686,3.813267051517762,3.090488176719287
211,34.9093942530705,28.03848674794147,-6.870907505129033,3.612456448281469,3.1039681172237046
212,36.259149701330884,27.79239897124147,-8.466750730089412,3.8424564182730703,3.04655855115827
213,35.08767589871768,28.08878614639938,-6.9988897523182985,3.720027469557353,3.131475590445225
214,34.940663902500305,28.24790295492083,-6.692760947579476,3.7086846329178007,3.1029344069512867
215,35.637981018217,27.868929992252273,-7.769051025964725,3.773149512670879,3.0457333206150996
216,35.85026816963136,28.25928415783786,-7.590984011793502,3.7296225017464377,3.10932179597773
217,34.67655599788437,27.0650998935326,-7.61145610435177,3.614723743416835,3.029487798918539
218,34.26507556179804,28.09434969521164,-6.170725866586402,3.701955433939219,3.1550695650091405
219,34.41429445335301,28.030162423605574,-6.384132029747434,3.6601034803047607,3.0858268605688064
220,34.54154279489536,27.573365810948296,-6.9681769839470675,3.6716300083668165,3.024813718392606
221,36.08991426330214,27.927255009789675,-8.162659253512466,3.765128218092207,3.077605181671885
222,33.540030371468916,28.326467844450804,-5.213562527018112,3.6528028693223105,3.1509519265193195
223,35.33060961157604,27.246708811724996,-8.08390079985104,3.7168372988653164,2.999012118612844
224,35.00414831151603,27.56972733584006,-7.434420975675973,3.570031762287937,3.0611764170964753
225,33.954766090548894,28.499378969676126,-5.455387120872768,3.5591111524071555,3.13523985970623
226,35.944789212981476,28.574264294851492,-7.370524918129984,3.863144869765716,3.1662324415507377
227,35.72211694652443,28.294525445451974,-7.427591501072456,3.6875157500051703,3.134960221659198
228,35.011138224878316,28.54960597431769,-6.4615322505606265,3.7277120805909916,3.1389369223330745
229,34.26516677630613,28.983601908748224,-5.281564867557908,3.65551540525794,3.175184521812348
230,35.33099160173975,28.483851112378545,-6.847140489361202,3.714769031954451,3.215149570387188
231,35.28460582532842,28.721472145747818,-6.563133679580602,3.7005160906221124,3.1957898897413344
232,34.75179535418299,28.366656031873895,-6.385139322309094,3.684141698648883,3.1801847926247095
233,34.98756465570576,28.044423171996574,-6.943141483709187,3.689411293477634,3.073115473978077
234,35.530886480951786,28.356691322627057,-7.1741951583247285,3.756666204326726,3.1611080458771146
235,35.18885581389979,28.553981672204443,-6.634874141695349,3.6961980781210984,3.1668022107901908
236,35.5313940842721,28.544069942249067,-6.987324142023034,3.697401514100801,3.164180115437412
237,35.2496966847885,27.641626717879685,-7.608069966908818,3.642800200932541,3.0486969190152267
238,35.822361382323756,29.325729266678636,-6.49663211564512,3.6969573924651375,3.174212390917562
239,34.75277838929001,27.73263555055766,-7.0201428387323475,3.6978899266750735,3.0227359995507617
240,35.992023946753406,27.724049864191457,-8.267974082561949,3.701515038569387,3.1289404833778693
241,34.5845350479143,27.665232061356694,-6.919302986557607,3.6044719096705955,3.0076690163686073
242,34.213950744754534,29.02224536102478,-5.191705383729754,3.6215218568785694,3.150654681601092
243,34.70991932817659,27.948474153420143,-6.761445174756446,3.674816323460906,3.1033116951170086
244,35.08486916635266,28.769592452837422,-6.315276713515239,3.7031107062710373,3.133790628704992
245,34.841547673054826,27.817479047518578,-7.024068625536248,3.6244674755891744,3.0102131785468678
246,33.714980388724825,28.26115263131954,-5.453827757405286,3.5870855455095114,3.1283642175881696
247,36.47574946751369,28.122810051741265,-8.352939415772422,3.845271158759079,3.1049241079212515
248,36.06009135300279,27.732105404236883,-8.327985948765907,3.756612169365305,3.06347123827199
249,35.36602052510213,27.964392027427067,-7.401628497675063,3.773845527886481,3.1029651255363895
250,36.716352759111736,27.409798539245468,-9.306554219866268,3.788235725525857,3.023120737264877
251,35.410527811729835,28.783819062698406,-6.62670874903143,3.7124628529723096,3.229011790985271
252,35.765979185649485,28.777679634224267,-6.988299551425218,3.750922548606212,3.182417320425113
253,34.7664952593722,28.06185467591955,-6.7046405834526475,3.58805852389729,3.0437035646459396
254,34.88650945313646,27.24017817683211,-7.646331276304352,3.6984704284880854,3.001139220741736
255,35.05967178407654,27.445352982519438,-7.614318801557104,3.706534327095115,3.0370564806163576
256,34.910088362013845,28.624090068893395,-6.28599829312045,3.6529753667888443,3.1145790808973315
257,36.82621833562234,29.088731538784096,-7.7374867968382475,3.824108412570141,3.1925207900375585
258,35.236449342972854,27.628226498029374,-7.60822284494348,3.651147057727342,3.0890828250969644
259,35.592842664704634,28.561726306309488,-7.0311163583951455,3.658099071041483,3.1820533666740234
260,32.70584419381206,28.265357035082456,-4.440487158729606,3.513143817436296,3.0971015576261927
261,36.174896334445265,28.65155911072653,-7.523337223718734,3.8632464019814905,3.159863458812761
262,36.383654329535,28.62263662918275,-7.761017700352248,3.8130054149820216,3.136882545099007
263,34.618780469148156,28.254515620921755,-6.3642648482264015,3.63729521027885,3.1303854239177076
264,34.89312749227422,27.718416281028464,-7.174711211245754,3.590295316382995,3.0465662006788445
265,36.28554733861326,27.728833256242392,-8.55671408237087,3.8127419928454693,3.119175602893443
266,35.97955343550785,27.559958435572984,-8.41959499993487,3.7942922554252827,3.0281469064284465
267,35.7779816134009,27.921847652738986,-7.856133960661911,3.7023635006001756,3.0746083374297695
268,35.42856328427338,28.5282489804619,-6.900314303811481,3.6688199370021026,3.1377784070363206
269,35.56808700376873,27.661158032419063,-7.906928971349668,3.6766203473908465,3.0488591631878075
270,34.98631904122187,27.90669968526706,-7.079619355954808,3.7240880827595686,3.0472377530668635
271,35.718546385832624,28.436654531526408,-7.281891854306217,3.809628395766687,3.08270130055146
272,34.77154122399484,29.376504715945984,-5.395036508048854,3.655462541986364,3.2382781012629454
273,34.90727991757721,28.740155150132235,-6.167124767444978,3.7344506340006602,3.1926326140007872
274,36.24299119765822,28.211641632189664,-8.031349565468556,3.807150456547652,3.2008267168601665
275,34.521626336817704,28.582249652816976,-5.939376684000727,3.668410145517129,3.1318006887728185
276,35.25177037496856,27.66089305590428,-7.59087731906428,3.6987602553157406,3.1214366369116324
277,34.61628670758499,28.800289003875207,-5.815997703709783,3.656831305396405,3.189874611784933
278,35.998699456634306,28.21891309769857,-7.779786358935734,3.7016781379603043,3.1161000729095796
279,34.42618772049377,27.781388108350235,-6.644799612143537,3.585669629213876,3.0723411753756253
280,34.27376434830251,28.175992528282745,-6.097771820019762,3.5894807666892925,3.137488493184667
281,35.5284345219558,27.526301824337807,-8.002132697617995,3.8614043044351183,3.0375017171617875
282,35.84425010263151,28.74717090357458,-7.097079199056932,3.7604573909920656,3.108231799419367
283,34.04763793329104,27.42228519030001,-6.6253527429910335,3.6134910481715594,3.096472749750182
284,35.92213596524439,27.656490236705267,-8.26564572853912,3.6818877218739847,3.118087249937491
285,35.34406414912834,27.73665999670194,-7.607404152426405,3.632523209426711,3.082444087264531
286,34.765183704159135,28.290520331158632,-6.474663373000503,3.659537903994316,3.1283820551963757
287,34.633291783635364,27.53889090721675,-7.094400876418614,3.565070822559841,3.0623017746521284
288,34.86906478129936,27.350277948911213,-7.518786832388145,3.713314357564973,3.070626234395654
289,34.702995800713644,27.49791915993176,-7.205076640781883,3.6282280856093903,3.0471217948517904
290,36.276096793975086,29.0771531852429,-7.198943608732186,3.798489775411373,3.1847584637805046
291,33.58800271076673,28.413659209848852,-5.174343500917878,3.486161524549455,3.1182641126157917
292,35.76795305209149,28.61695804865889,-7.150995003432602,3.8156719997898,3.128019506543187
293,35.74449546042193,28.387798156535858,-7.356697303886072,3.786066350549248,3.1193337853367615
294,35.81027530755052,28.38070883302004,-7.429566474530478,3.836505364734258,3.101818166722539
295,35.620592636776514,28.541298893118416,-7.0792937436580985,3.814827183400446,3.096448924659093
296,35.35871482994777,27.509000987046107,-7.849713842901664,3.749829767629375,3.079351054891614
297,36.02853299973924,28.45971169227306,-7.56882130746618,3.8051202904242127,3.1820834166757455
298,35.49378881817997,28.5278941560568,-6.965894662123173,3.7238935272265357,3.129031536527998
299,35.811457973430606,27.24498209984574,-8.566475873584867,3.7527537483142313,3.0160689683948405
300,34.595841824181285,28.47745878794081,-6.118383036240473,3.579040324076319,3.1539939633682934
301,35.325441356601075,28.29083960285693,-7.034601753744145,3.7795105601535544,3.1422928311239056
302,35.31705387367023,27.39485839717756,-7.922195476492671,3.6550760139062044,3.0305354770412762
303,34.8715369133546,27.381211280890184,-7.490325632464419,3.687029995101197,3.0299256046806278
304,33.83947448060785,28.410231362839934,-5.429243117767914,3.5211131391777437,3.1398585393284977
305,35.03437711218661,28.249867560014852,-6.784509552171759,3.7518654835303558,3.102817249635514
306,35.481781473781915,28.326402569371687,-7.155378904410227,3.7375724621760127,3.1599910255893366
307,34.68739518511552,27.735924086368986,-6.951471098746534,3.612299056226361,3.059668355675796
308,36.52099801457678,28.14033641411205,-8.380661600464734,3.8457227411674886,3.094731768166401
309,35.727929303551356,28.51620636581237,-7.211722937738987,3.716357179447422,3.0957503050696795
310,35.15003381298657,27.121378149899456,-8.028655663087115,3.6627985836384087,3.0202404854131157
311,35.21631096756488,28.935476772186107,-6.280834195378773,3.5940725370998914,3.1833215054123705
312,34.84299446924837,28.711009221189776,-6.131985248058591,3.663904846547895,3.1884666719047066
313,35.01116810675309,27.772179279426247,-7.238988827326843,3.7193386535264406,3.0871280655694795
314,36.05939693494823,27.784250702046208,-8.275146232902024,3.8077226970797295,3.0775665013486875
315,33.53540425179743,28.65547615167148,-4.879928100125952,3.493423528352227,3.164435553277274
316,36.21381653538999,27.98505984129284,-8.228756694097147,3.861041465534558,3.1300957953063286
317,34.558995184469495,27.985887985898238,-6.5731071985712575,3.6157606266599274,3.054729111827679
318,34.87107930535009,27.652829069368746,-7.2182502359813405,3.582169503789626,3.075468794930653
319,36.56146156675507,28.147759476548195,-8.413702090206876,3.8715309408885066,3.139884428923947
320,35.40086344697466,28.618270383522532,-6.782593063452129,3.7367559971737108,3.1451405832303965
321,35.25861361407509,27.78261039630085,-7.476003217774238,3.675246162831502,3.067025097831642
322,34.64152845188268,28.71088352227249,-5.930644929610189,3.6935110099512825,3.118599466173043
323,35.29767786465014,27.85617927425612,-7.441498590394019,3.691937928311593,3.082398144726457
324,34.65369006000666,27.9246583215699,-6.72903173843676,3.6557388706587073,3.134751268538113
325,35.594490569534344,28.465942376425712,-7.128548193108632,3.7221141799248247,3.1344222096909538
326,34.19180799328477,28.385306995050648,-5.806500998234121,3.568844710186458,3.1985302415647574
327,35.418788711424256,28.216919417637452,-7.201869293786803,3.7638180284432936,3.118431968387994
328,35.135727136063565,27.54592216601307,-7.589804970050494,3.7505287418087163,3.063607333837641
329,35.011153021657265,27.829065623466185,-7.182087398191079,3.6932388176759297,3.0249490382417785
330,35.09762902327639,28.81229958730295,-6.285329435973441,3.761995478445688,3.211429236389114
331,34.70039395290306,28.28207125881148,-6.418322694091582,3.6959690691516744,3.0898553345097466
332,36.482020615812864,28.330542325137532,-8.151478290675332,3.8019168539335793,3.1646931514779606
333,34.72190942118923,28.851552699049275,-5.870356722139956,3.671186919965961,3.1934746391337847
334,34.972433340720414,26.82146072973689,-8.150972610983523,3.641243588482204,2.9503910011556074
335,34.59844142421442,27.186752366697764,-7.411689057516657,3.6641421286289844,3.025017340944635
336,34.86790261357848,27.296046588363755,-7.571856025214725,3.6266415834163523,2.9978523440046434
337,34.33256994492263,28.00043874148309,-6.332131203439541,3.621798760786877,3.11415517046912
338,35.79471286336341,28.121973985660798,-7.67273887770261,3.734930018041831,3.087688686948764
339,36.043132248188435,27.856140388814758,-8.186991859373677,3.757498450595848,3.110912883783753
340,35.74875178965316,28.00801903228945,-7.740732757363713,3.7976509796180475,3.0854169572493677
341,35.06037763371072,28.233100168978464,-6.8272774647322585,3.7492479744820257,3.121509420829919
342,34.95146641833159,28.204359581428335,-6.7471068369032565,3.7634824552924817,3.1326165108257515
343,35.439836278389066,27.706156844543994,-7.733679433845072,3.709205895580298,3.0928381078653966
344,35.523230365616435,27.913911309136385,-7.60931905648005,3.745139016961302,3.1146931239251203
345,35.08537208968973,28.093676011972935,-6.991696077716792,3.6331233050980942,3.085428435463031
346,35.511900472467076,27.782987697779802,-7.728912774687274,3.8090590636359214,3.125033326982576
347,35.653163234099104,27.878846796536592,-7.774316437562511,3.796200843724167,3.124949177555378
348,35.27730081254803,28.820174850215878,-6.4571259623321495,3.759313160424189,3.1931107088415867
349,34.625580509038144,27.808566243266576,-6.817014265771569,3.6719353801874957,3.07282566316517
350,34.95512043134031,27.895109258166016,-7.060011173174296,3.7206855567577404,3.1122924449860454
351,33.7903339476023,27.966316992655905,-5.824016954946394,3.550675737262161,3.0821472093039697
352,35.05888848304839,28.976398881661343,-6.082489601387049,3.691206652801551,3.1199964510599343
353,36.3235224662639,28.16998312152259,-8.153539344741311,3.712193573793376,3.112026740545759
354,35.445934167588774,27.907176302348464,-7.53875786524031,3.669891309873515,3.113711656827777
355,35.201340639378955,28.49621372884103,-6.705126910537924,3.6887865205434154,3.109161379994502
356,35.63965904389186,28.973303488026314,-6.666355555865547,3.8604443597716642,3.1613497520929323
357,35.159694691560674,27.91629464671485,-7.243400044845824,3.734284446446364,3.0620559918690087
358,36.20052525440074,29.311473751076832,-6.8890515033239055,3.7654146169420275,3.1833106339366184
359,35.37021838220567,28.85643054077943,-6.51378784142624,3.6672245498152467,3.166947259336497
360,34.35175187953707,26.717820434455252,-7.633931445081817,3.662579469720756,2.9553180303204227
361,35.075358970054104,27.624601184443865,-7.450757785610239,3.8381250329512437,3.054424344758609
362,35.87840920216526,28.460012967211266,-7.418396234953992,3.732171857616292,3.1754849024479044
363,34.58160406083366,28.984061518472927,-5.597542542360735,3.6763220656065028,3.17886891923938
364,34.65540773912801,27.63392387050264,-7.021483868625367,3.6164327214385636,3.05551409367621
365,35.57314390402274,28.401416228061894,-7.171727675960849,3.7590583951043204,3.0989687140626416
366,35.69138346497156,27.924308910457363,-7.7670745545141955,3.7452951258828824,3.115353877403667
367,33.664916308012636,27.681750397932483,-5.983165910080153,3.5310831763180293,3.086230292657444
368,36.27065095631987,28.391549160783402,-7.879101795536467,3.748367871531206,3.171317363650581
369,35.54665330775116,28.648275237653685,-6.898378070097472,3.6973227893994722,3.2243366553785022
370,34.57478104301662,28.377902055136957,-6.196878987879664,3.717348614080045,3.0996447798768307
371,37.26411716053551,28.512290264465634,-8.751826896069879,3.9652777814427096,3.151006723898179
372,35.38351649251601,27.375805195463666,-8.007711297052342,3.68314711956529,3.068071294674018
373,33.64731991513945,28.29035283586513,-5.35696707927432,3.6351043458476138,3.136921015541111
374,33.579443539183664,28.832906008108594,-4.74653753107507,3.6173492719224436,3.1559692763155556
375,34.69754558599119,28.59227040124943,-6.105275184741764,3.6903921683108436,3.143356560030864
376,34.7669208907335,28.0264566510677,-6.740464239665801,3.6040401492578296,3.0947776041702504
377,34.68274707195802,28.01118251642437,-6.671564555533649,3.6377631041871488,3.031333412831506
378,34.96575575018726,28.053008552066274,-6.912747198120989,3.6963410193465753,3.123305870377559
379,36.59662613697474,27.93025251609728,-8.666373620877462,3.9205101823466317,3.0451973405241413
380,34.993661106799976,27.84773161213745,-7.145929494662525,3.741959894774052,3.0588941560388654
381,35.57302406026807,27.479825004632563,-8.093199055635505,3.7463739723346086,3.059021915743332
382,35.57412018086445,28.499368423819526,-7.074751757044922,3.64947019384253,3.12180276988398
383,34.61494535494102,28.906213887322835,-5.708731467618186,3.577738113575229,3.139377550106786
384,34.84978968643298,28.085270556551013,-6.764519129881965,3.733219822072249,3.1115615617869006
385,34.49981474033396,28.064216611993242,-6.435598128340718,3.645180661221333,3.1366713091343597
386,34.75684203420607,29.14695432111981,-5.6098877130862626,3.6198737916603343,3.2162982759931404
387,35.13213820706132,28.615325537992277,-6.51681266906904,3.6615609540000897,3.2098831894096413
388,34.44698635267441,29.06711946891579,-5.379866883758616,3.6247992456946276,3.1932111549587123
389,36.59347579617515,27.744637990676292,-8.848837805498857,3.915880372248758,3.0849950000794975
390,34.807003098666634,27.492892446649854,-7.31411065201678,3.650422480717529,3.055628414406643
391,34.44093262247232,29.15649256929358,-5.284440053178738,3.670594319945253,3.175660073189079
392,33.8078419502316,28.40093242159526,-5.406909528636337,3.6242451415442236,3.105805284281779
393,34.008218647641264,27.4106477437321,-6.5975709039091655,3.6377223699527375,3.0318813784119096
394,34.7690983331602,29.679432227088455,-5.089666106071746,3.588331052439274,3.282149906951955
395,34.514830028744555,28.298010677528023,-6.216819351216532,3.672632914728029,3.139647712727819
396,34.71748481776417,29.298891408959406,-5.418593408804767,3.7099975085645824,3.2487778745874647
397,35.31577264249137,27.627686809740748,-7.68808583275062,3.7806932662360673,3.038803008233003
398,35.83847953129742,28.836149161365288,-7.002330369932135,3.799125114770133,3.2033239970094742
399,35.41791352099808,29.052071931211103,-6.3658415897869745,3.7772529812803604,3.234132974140326
400,36.121324150132715,27.822416838612344,-8.29890731152037,3.9139600570719004,3.0856315038592044
401,35.95389191385326,28.25928317810371,-7.694608735749551,3.7961330622811933,3.0777643956536216
402,35.24482966314129,28.64442107885462,-6.600408584286669,3.600762492794773,3.0967691633641605
403,36.56100333492873,29.110285562092354,-7.450717772836374,3.8136920499901312,3.2341181406591573
404,34.697727847690544,27.882773437948682,-6.814954409741862,3.6468136416716006,3.0766288411343656
405,35.03017827210921,27.748336508604122,-7.2818417635050885,3.7024518646945794,3.056634626990353
406,35.967454189771026,28.181292434604977,-7.786161755166049,3.71629573197012,3.075276004416109
407,33.962748872628,28.376063102587807,-5.586685770040191,3.6162479745516527,3.0985235366631616
408,35.32580978456307,28.463077349860555,-6.862732434702515,3.7319350711669683,3.139434217486054
409,34.94601815356706,28.26334917529621,-6.682668978270851,3.651088073881061,3.1470258729735385
410,36.155301336520814,28.020160127703175,-8.13514120881764,3.7406901842632623,3.127578879070177
411,33.53833733004504,28.037289561761714,-5.501047768283325,3.5492436226982593,3.0881938107977502
412,33.483841148823416,28.043054085776664,-5.440787063046752,3.54268558293219,3.1055138262455606
413,34.956964594302534,27.75299839242272,-7.203966201879812,3.7451545442046457,3.0877301889336652
414,34.79404512663512,27.709895195301915,-7.084149931333204,3.692911685166901,3.106268435164434
415,35.1437939598928,28.31012872483276,-6.833665235060035,3.7009530899838747,3.1814791188935163
416,35.81402841008726,27.943639580954603,-7.870388829132658,3.7192982133908954,3.1418395564371195
417,35.884114204723424,27.972927782510954,-7.91118642221247,3.790030106935827,3.061935848016354
418,35.82762075599321,27.688823817733983,-8.138796938259226,3.7684563810919793,3.014765092027956
419,35.77510355535268,27.912737732132808,-7.862365823219871,3.794712071239941,3.076921382911848
420,35.478232110935934,28.103307813494098,-7.3749242974418365,3.7155410517099177,3.0652584480308827
421,35.82761454906652,28.409276332523547,-7.4183382165429705,3.8051142153966016,3.115831977815595
422,35.355980979589404,28.108211137013896,-7.247769842575508,3.7338455343915573,3.1195678248804897
423,35.126229466473866,27.545176906932088,-7.581052559541778,3.7296972785078117,3.060078020703523
424,35.69953265954096,28.041846078754435,-7.657686580786521,3.7713472383454665,3.137589978468459
425,34.51700933305884,28.102438126583984,-6.414571206474854,3.6061290212580386,3.1086180946200033
426,34.897860219283544,28.807999390013418,-6.089860829270126,3.659193902576297,3.1845527995768506
427,35.41135764936339,27.51003350182637,-7.901324147537018,3.7442809236801025,3.042546117211693
428,35.383963146423,27.978815289755556,-7.405147856667444,3.737927519707148,3.0976837219722158
429,35.76699324003882,28.23944398468077,-7.527549255358053,3.710246832633831,3.181472232102514
430,36.59447813509943,28.78344304434741,-7.811035090752018,3.8929159308701973,3.1542519620641105
431,36.35882048090524,27.871908565826033,-8.486911915079205,3.892170078884763,3.0903668331517893
432,33.70988501852583,27.39524714556324,-6.314637872962592,3.552090757747485,3.099714999197134
433,35.52020256195888,28.630061587114238,-6.890140974844645,3.7078622257647087,3.1544073245236435
434,35.62611278797916,28.591294324134253,-7.034818463844907,3.8561279492410043,3.208572051723595
435,35.867738318945534,27.84605832803415,-8.021679990911384,3.8291163326001456,3.1422711103982413
436,35.441009365902346,27.373222378021833,-8.067786987880513,3.7467991380550556,3.0344478679437055
437,35.11838096472245,27.82696177173698,-7.291419192985469,3.7099527846786104,3.0619238850324146
438,35.27123477507321,27.874786268114306,-7.3964485069589045,3.7408513547627567,3.0513582736043428
439,34.244684624893786,27.553579332748157,-6.691105292145629,3.5491183343500907,3.065720255678925
440,34.952602955720295,28.613851376656807,-6.338751579063487,3.6444070874139034,3.1312371497912226
441,36.51818856240068,27.762951823853932,-8.755236738546749,3.816175712384037,3.060497208150692
442,34.655743324625035,28.96522168511979,-5.690521639505246,3.692839411329885,3.1819323655155123
443,35.70848396443591,29.053971432775267,-6.654512531660647,3.7572982229434952,3.176858726501386
444,35.69146818538748,28.93748349833054,-6.753984687056938,3.70462948897521,3.192140742670776
445,35.360377086685254,28.12621905806887,-7.234158028616385,3.729281713201806,3.133743116201858
446,34.683151655647485,28.999094214318298,-5.6840574413291876,3.598723707592791,3.2050149929538385
447,33.91549709436015,28.06341698977854,-5.85208010458161,3.575201780017428,3.108087232694744
448,34.43079521388368,28.008395166388343,-6.4224000474953336,3.6424359519319487,3.0780277140189782
449,35.56309896875973,28.152250244906497,-7.410848723853235,3.660303963258567,3.1433219157739907
450,33.955785773111,29.187847213966023,-4.76793855914498,3.561475565043294,3.2769663124205533
451,37.32593928376279,29.16592014081094,-8.160019142951853,3.8660478151787645,3.195118048175841
452,35.9520190318417,27.223287921351936,-8.728731110489765,3.790889731821603,3.01703967207631
453,34.95854249964619,27.55344363911233,-7.405098860533862,3.7402220518055116,3.0609135989711502
454,35.200713602082615,28.752629058494595,-6.4480845435880205,3.680641555744979,3.1791429409322527
455,34.49794981788317,29.24454927153006,-5.253400546353106,3.671983406188006,3.2457784455271916
456,34.81677589742714,28.25817766663301,-6.558598230794132,3.6660999425007894,3.1513143967093518
457,35.37313574495216,28.327132759285224,-7.046002985666934,3.7009465260602497,3.069541915368013
458,36.2515795341572,28.928138149580228,-7.323441384576974,3.796578120333778,3.201678149312335
459,34.630414841993954,27.739607243683317,-6.890807598310637,3.63916432062289,3.059513728157041
460,35.769280905263656,28.155053067791137,-7.614227837472519,3.691368103802439,3.0581194980749964
461,35.234247397068486,28.398125565930567,-6.83612183113792,3.619628847116269,3.12745980416885
462,33.46153024020702,28.035118895394916,-5.426411344812102,3.5215388716358205,3.0837765332014713
463,34.293224260828254,27.909018116725452,-6.3842061441028015,3.6214103096034584,3.0653961883102947
464,36.36470961093471,28.53498765217476,-7.829721958759951,3.7774040515657794,3.117926374840438
465,35.87839385477529,28.78658009132133,-7.09181376345396,3.8435037155425125,3.158589979508108
466,35.175037960998324,27.95901189008826,-7.216026070910065,3.792225123254328,3.0671498634596444
467,34.87602718477122,28.63744883085917,-6.238578353912047,3.6885167631778817,3.196525726829205
468,34.66907830990055,28.25171232030653,-6.417365989594018,3.7069205643462224,3.147061716706723
469,34.902940766131685,27.80125435335735,-7.101686412774335,3.7064161715484167,3.061080791621648
470,34.88234564483962,28.155253927907843,-6.727091716931774,3.673308884661406,3.09997891966053
471,34.39579805196836,28.044567042691433,-6.35123100927693,3.6232785885203715,3.123336752062378
472,36.057850417012126,28.810880042314814,-7.246970374697312,3.7482544092930996,3.1179863475093534
473,34.788634883997105,26.92441582682902,-7.864219057168086,3.6001329810720932,2.9831028628212555
474,35.70768018347897,28.053500160712154,-7.654180022766816,3.6951087664726394,3.130619344151107
475,34.42333777502727,28.027539788550705,-6.395797986476566,3.6953387718132538,3.083496371805133
476,34.97490142607792,28.29681390335321,-6.678087522724709,3.7340097867869586,3.122567382228
477,33.757108295449186,27.711406298274543,-6.045701997174643,3.534616535811635,3.0919766528524444
478,35.14293930579758,28.4764620613409,-6.666477244456683,3.689961459453775,3.1950604609914035
479,33.76701167312641,28.061178041352985,-5.705833631773427,3.5452004806002795,3.1022373403858556
480,36.511574096824376,28.53017462613272,-7.981399470691656,3.885570101685968,3.1651456101757365
481,34.34490486574891,28.261608566690366,-6.083296299058542,3.6566900475957644,3.0785241325164057
482,34.72483017705639,27.720892042169254,-7.003938134887136,3.6721212253080977,3.047966481415692
483,36.43700696126192,27.944579539664904,-8.492427421597018,3.944648550727093,3.108837399936521
484,36.36315171582596,27.907777871734694,-8.455373844091262,3.8283882998980014,3.059320866534974
485,36.17546171686302,28.279106980905162,-7.896354735957857,3.7795280267050204,3.107297622068504
486,35.150564857913935,27.95695910074493,-7.193605757169006,3.6403696777226147,3.135913332360781
487,35.2473536788973,28.176409854441097,-7.070943824456201,3.6036282192367066,3.138224240174546
488,36.119396108620926,27.554066923691046,-8.56532918492988,3.709923501028144,3.0502912942143854
489,35.16192099120518,29.531387579575387,-5.630533411629791,3.7853624519590694,3.294126103631326
490,35.222134458581145,27.978822258041436,-7.243312200539709,3.756717044418125,3.116025892774931
491,35.13929324258495,28.249093123848546,-6.890200118736402,3.713891988337795,3.110633273848285
492,33.82968204609834,28.239798574216834,-5.589883471881507,3.5362683465675464,3.119691410453548
493,34.59742348946161,27.591077360705572,-7.006346128756039,3.6032118710126335,3.069091634677957
494,33.67630872485459,27.732545720372524,-5.943763004482069,3.53462520797027,3.0551355340948447
495,35.132806724563395,28.511729794083273,-6.621076930480122,3.627243398738004,3.1574881191569375
496,34.606546693669536,27.897277276359723,-6.709269417309812,3.633179937800707,3.051701250500398
497,33.61524199684709,27.658826245847628,-5.9564157509994615,3.58564107794698,3.0869323604882473
498,35.37134547685261,28.580677657815972,-6.7906678190366385,3.7286096636973234,3.1971354814536452
499,35.34834693103278,27.878525003412303,-7.469821927620476,3.6718968037452386,3.106573546345796
