variable,model_role,audit_status,nfhs4_variable_label,nfhs5_variable_label,nfhs4_value_labels_json,nfhs5_value_labels_json,differing_label_codes,observed_only_nfhs4,observed_only_nfhs5,nfhs4_missing_analytic,nfhs5_missing_analytic,nfhs4_special_cleaned_code_count,nfhs5_special_cleaned_code_count,review_note
m15,exposure,METADATA_LABELS_MATCH,place of delivery,place of delivery,"{""10"": ""home"", ""11"": ""respondent's home"", ""12"": ""other home"", ""13"": ""parents' home"", ""20"": ""public sector"", ""21"": ""public: govt./munic. hospital"", ""22"": ""public: govt. dispensary"", ""23"": ""public: uhc/uhp/ufwc"", ""24"": ""public: chc/rural hospital/block phc"", ""25"": ""public: phc/additional phc"", ""26"": ""public: sub-centre"", ""27"": ""other public sector health facility"", ""30"": ""private sector"", ""31"": ""private: hospital/maternity home/clinic"", ""32"": ""other private sector health facility"", ""33"": ""ngo or trust hospital/clinic"", ""96"": ""other""}","{""10"": ""home"", ""11"": ""respondent's home"", ""12"": ""other home"", ""13"": ""parents' home"", ""20"": ""public sector"", ""21"": ""public: govt./munic. hospital"", ""22"": ""public: govt. dispensary"", ""23"": ""public: uhc/uhp/ufwc"", ""24"": ""public: chc/rural hospital/block phc"", ""25"": ""public: phc/additional phc"", ""26"": ""public: sub-centre"", ""27"": ""other public sector health facility"", ""30"": ""private sector"", ""31"": ""private: hospital/maternity home/clinic"", ""32"": ""other private sector health facility"", ""33"": ""ngo or trust hospital/clinic"", ""96"": ""other""}",,,,0,0,,,Check full questionnaire wording and any questionnaire-specific category changes before declaring substantive equivalence.
m17,outcome,METADATA_LABELS_MATCH,delivery by caesarean section,delivery by caesarean section,"{""0"": ""no"", ""1"": ""yes""}","{""0"": ""no"", ""1"": ""yes""}",,,,0,0,,,Check full questionnaire wording and any questionnaire-specific category changes before declaring substantive equivalence.
v024,state,ROUND_SPECIFIC_STATE_MAP_REVIEW,state,state,"{""1"": ""andaman and nicobar islands"", ""2"": ""andhra pradesh"", ""3"": ""arunachal pradesh"", ""4"": ""assam"", ""5"": ""bihar"", ""6"": ""chandigarh"", ""7"": ""chhattisgarh"", ""8"": ""dadra and nagar haveli"", ""9"": ""daman and diu"", ""10"": ""goa"", ""11"": ""gujarat"", ""12"": ""haryana"", ""13"": ""himachal pradesh"", ""14"": ""jammu and kashmir"", ""15"": ""jharkhand"", ""16"": ""karnataka"", ""17"": ""kerala"", ""18"": ""lakshadweep"", ""19"": ""madhya pradesh"", ""20"": ""maharashtra"", ""21"": ""manipur"", ""22"": ""meghalaya"", ""23"": ""mizoram"", ""24"": ""nagaland"", ""25"": ""delhi"", ""26"": ""odisha"", ""27"": ""puducherry"", ""28"": ""punjab"", ""29"": ""rajasthan"", ""30"": ""sikkim"", ""31"": ""tamil nadu"", ""32"": ""tripura"", ""33"": ""uttar pradesh"", ""34"": ""uttarakhand"", ""35"": ""west bengal"", ""36"": ""telangana""}","{""1"": ""jammu & kashmir"", ""2"": ""himachal pradesh"", ""3"": ""punjab"", ""4"": ""chandigarh"", ""5"": ""uttarakhand"", ""6"": ""haryana"", ""7"": ""nct of delhi"", ""8"": ""rajasthan"", ""9"": ""uttar pradesh"", ""10"": ""bihar"", ""11"": ""sikkim"", ""12"": ""arunachal pradesh"", ""13"": ""nagaland"", ""14"": ""manipur"", ""15"": ""mizoram"", ""16"": ""tripura"", ""17"": ""meghalaya"", ""18"": ""assam"", ""19"": ""west bengal"", ""20"": ""jharkhand"", ""21"": ""odisha"", ""22"": ""chhattisgarh"", ""23"": ""madhya pradesh"", ""24"": ""gujarat"", ""25"": ""dadra & nagar haveli and daman & diu"", ""27"": ""maharashtra"", ""28"": ""andhra pradesh"", ""29"": ""karnataka"", ""30"": ""goa"", ""31"": ""lakshadweep"", ""32"": ""kerala"", ""33"": ""tamil nadu"", ""34"": ""puducherry"", ""35"": ""andaman & nicobar islands"", ""36"": ""telangana"", ""37"": ""ladakh""}",1;10;11;12;13;14;15;16;17;18;19;2;20;21;22;23;24;25;27;28;29;3;30;31;32;33;34;35;4;5;6;7;8;9,26,37,0,0,,,Verify harmonized geography and territorial changes against the raw state labels.
v025,residence,METADATA_LABELS_MATCH,type of place of residence,type of place of residence,"{""1"": ""urban"", ""2"": ""rural""}","{""1"": ""urban"", ""2"": ""rural""}",,,,0,0,,,Check full questionnaire wording and any questionnaire-specific category changes before declaring substantive equivalence.
v130,religion,METADATA_LABELS_MATCH,religion,religion,"{""1"": ""hindu"", ""2"": ""muslim"", ""3"": ""christian"", ""4"": ""sikh"", ""5"": ""buddhist/neo-buddhist"", ""6"": ""jain"", ""7"": ""jewish"", ""8"": ""parsi/zoroastrian"", ""9"": ""no religion"", ""96"": ""other""}","{""1"": ""hindu"", ""2"": ""muslim"", ""3"": ""christian"", ""4"": ""sikh"", ""5"": ""buddhist / neo-buddhist"", ""6"": ""jain"", ""7"": ""jewish"", ""8"": ""parsi / zoroastrian"", ""9"": ""no religion"", ""96"": ""other""}",,,,0,0,,,Check full questionnaire wording and any questionnaire-specific category changes before declaring substantive equivalence.
v133,education_years,METADATA_LABELS_MATCH,education in single years,education in single years,"{""97"": ""inconsistent""}","{""97"": ""inconsistent""}",,,,0,0,0,0,Check full questionnaire wording and any questionnaire-specific category changes before declaring substantive equivalence.
v190,wealth_index,CONSTRUCT_OR_DESIGN_REVIEW,wealth index,wealth index combined,"{""1"": ""poorest"", ""2"": ""poorer"", ""3"": ""middle"", ""4"": ""richer"", ""5"": ""richest""}","{""1"": ""poorest"", ""2"": ""poorer"", ""3"": ""middle"", ""4"": ""richer"", ""5"": ""richest""}",,,,0,0,,,Within-round wealth quintiles can be compared as ordinal categories; construction and real purchasing power need independent documentation.
s116,social_group,METADATA_LABELS_MATCH,"belong to a scheduled caste, a scheduled tribe, other backward class","belong to a scheduled caste, a scheduled tribe, other backward class","{""1"": ""schedule caste"", ""2"": ""schedule tribe"", ""3"": ""obc"", ""4"": ""none of them"", ""8"": ""don't know""}","{""1"": ""schedule caste"", ""2"": ""schedule tribe"", ""3"": ""obc"", ""4"": ""none of them"", ""8"": ""don't know""}",,,,7616,9171,1164,1351,Check full questionnaire wording and any questionnaire-specific category changes before declaring substantive equivalence.
bord,birth_order,METADATA_LABELS_MATCH,birth order number,birth order number,{},{},,,16,0,0,,,Check full questionnaire wording and any questionnaire-specific category changes before declaring substantive equivalence.
b0,twin_order,METADATA_LABELS_MATCH,child is twin,child is twin,"{""0"": ""single birth"", ""1"": ""1st of multiple"", ""2"": ""2nd of multiple"", ""3"": ""3rd of multiple"", ""4"": ""4th of multiple"", ""5"": ""5th of multiple""}","{""0"": ""single birth"", ""1"": ""1st of multiple"", ""2"": ""2nd of multiple"", ""3"": ""3rd of multiple"", ""4"": ""4th of multiple"", ""5"": ""5th of multiple""}",,,,0,0,,,Check full questionnaire wording and any questionnaire-specific category changes before declaring substantive equivalence.
v001,cluster_number,CONSTRUCT_OR_DESIGN_REVIEW,cluster number,cluster number,{},{},,,,0,0,,,"Identifiers, weights, PSU and strata are round-specific; labels alone do not verify comparable sampling design."
v022,sample_stratum_v022,CONSTRUCT_OR_DESIGN_REVIEW,sample strata for sampling errors,sample strata for sampling errors,{},{},,,,0,0,,,"Identifiers, weights, PSU and strata are round-specific; labels alone do not verify comparable sampling design."
v005,sample_weight_normalized,CONSTRUCT_OR_DESIGN_REVIEW,national women's sample weight (6 decimals),women's individual sample weight (6 decimals),{},{},,,,0,0,,,"Identifiers, weights, PSU and strata are round-specific; labels alone do not verify comparable sampling design."
caseid,respondent_id,CONSTRUCT_OR_DESIGN_REVIEW,case identification,case identification,{},{},,,,0,0,,,"Identifiers, weights, PSU and strata are round-specific; labels alone do not verify comparable sampling design."
