wave,analysis,metric,estimate,se,ci_lower,ci_upper,singleton_treatment,design_df,interval_type
NFHS-4,all_narrow,observed_public_pct,18.6669306334195,0.35204652415547893,17.976900003810066,19.356961263028936,adjust,26001,95% marginal approximate Taylor t; conditional; no multiplicity adjustment
NFHS-4,all_narrow,observed_private_pct,41.084109825437956,0.38172006491960847,40.335917417167785,41.83230223370813,adjust,26001,95% marginal approximate Taylor t; conditional; no multiplicity adjustment
NFHS-4,all_narrow,observed_gap_pp,22.41717919201846,0.5131039787322993,21.41146705681389,23.422891327223027,adjust,26001,95% marginal approximate Taylor t; conditional; no multiplicity adjustment
NFHS-4,all_narrow,adjusted_public_pct,20.152015601282553,0.3707469160762098,19.42533117075303,20.878700031812077,adjust,26001,95% marginal approximate Taylor t; conditional; no multiplicity adjustment
NFHS-4,all_narrow,adjusted_private_pct,39.31755722860801,0.35931393008392926,38.613282082026096,40.02183237518992,adjust,26001,95% marginal approximate Taylor t; conditional; no multiplicity adjustment
NFHS-4,all_narrow,adjusted_gap_pp,19.165541627325457,0.4944713284668519,18.196350515655496,20.134732738995417,adjust,26001,95% marginal approximate Taylor t; conditional; no multiplicity adjustment
NFHS-4,all_narrow,observed_public_pct,18.6669306334195,0.35218530507491896,17.976627985543594,19.357233281295407,average,26001,95% marginal approximate Taylor t; conditional; no multiplicity adjustment
NFHS-4,all_narrow,observed_private_pct,41.084109825437956,0.38101241269497477,40.33730445460915,41.83091519626676,average,26001,95% marginal approximate Taylor t; conditional; no multiplicity adjustment
NFHS-4,all_narrow,observed_gap_pp,22.41717919201846,0.5134297363716561,21.410828553850326,23.42352983018659,average,26001,95% marginal approximate Taylor t; conditional; no multiplicity adjustment
NFHS-4,all_narrow,adjusted_public_pct,20.152015601282553,0.3706232473578338,19.425573568270824,20.878457634294282,average,26001,95% marginal approximate Taylor t; conditional; no multiplicity adjustment
NFHS-4,all_narrow,adjusted_private_pct,39.31755722860801,0.3588916829910588,38.61410970964731,40.02100474756871,average,26001,95% marginal approximate Taylor t; conditional; no multiplicity adjustment
NFHS-4,all_narrow,adjusted_gap_pp,19.165541627325457,0.49474280628597506,18.19581840413727,20.135264850513643,average,26001,95% marginal approximate Taylor t; conditional; no multiplicity adjustment
NFHS-4,all_narrow,observed_public_pct,18.6669306334195,0.3515540852614262,17.97786521123804,19.35599605560096,zero_sensitivity_only,26001,95% marginal approximate Taylor t; conditional; no multiplicity adjustment
NFHS-4,all_narrow,observed_private_pct,41.084109825437956,0.3803295262127332,40.338642949827715,41.8295767010482,zero_sensitivity_only,26001,95% marginal approximate Taylor t; conditional; no multiplicity adjustment
NFHS-4,all_narrow,observed_gap_pp,22.41717919201846,0.5125095190378713,21.412632230644842,23.421726153392076,zero_sensitivity_only,26001,95% marginal approximate Taylor t; conditional; no multiplicity adjustment
NFHS-4,all_narrow,adjusted_public_pct,20.152015601282553,0.3699589813203183,19.42687556638938,20.877155636175726,zero_sensitivity_only,26001,95% marginal approximate Taylor t; conditional; no multiplicity adjustment
NFHS-4,all_narrow,adjusted_private_pct,39.31755722860801,0.35824844337277445,38.61537049482296,40.01974396239306,zero_sensitivity_only,26001,95% marginal approximate Taylor t; conditional; no multiplicity adjustment
NFHS-4,all_narrow,adjusted_gap_pp,19.165541627325457,0.49385608143570253,18.19755643381443,20.133526820836483,zero_sensitivity_only,26001,95% marginal approximate Taylor t; conditional; no multiplicity adjustment
NFHS-4,first_delivery,observed_public_pct,21.884288103418815,0.4947901737351931,20.914471976558964,22.854104230278665,adjust,25966,95% marginal approximate Taylor t; conditional; no multiplicity adjustment
NFHS-4,first_delivery,observed_private_pct,45.50071070798615,0.48002499239269186,44.55983515380152,46.44158626217078,adjust,25966,95% marginal approximate Taylor t; conditional; no multiplicity adjustment
NFHS-4,first_delivery,observed_gap_pp,23.61642260456734,0.6999279171636671,22.24452514633682,24.98832006279786,adjust,25966,95% marginal approximate Taylor t; conditional; no multiplicity adjustment
NFHS-4,first_delivery,adjusted_public_pct,23.133015666974067,0.5299236269250405,22.09433602724659,24.171695306701544,adjust,25966,95% marginal approximate Taylor t; conditional; no multiplicity adjustment
NFHS-4,first_delivery,adjusted_private_pct,44.34084187205102,0.4558555670744557,43.44733972925331,45.23434401484874,adjust,25966,95% marginal approximate Taylor t; conditional; no multiplicity adjustment
NFHS-4,first_delivery,adjusted_gap_pp,21.20782620507696,0.7055006237167846,19.82500593355637,22.59064647659755,adjust,25966,95% marginal approximate Taylor t; conditional; no multiplicity adjustment
NFHS-4,first_delivery,observed_public_pct,21.884288103418815,0.49509990950094496,20.913864877314403,22.854711329523226,average,25966,95% marginal approximate Taylor t; conditional; no multiplicity adjustment
NFHS-4,first_delivery,observed_private_pct,45.50071070798615,0.4787070380084673,44.562418417342585,46.43900299862972,average,25966,95% marginal approximate Taylor t; conditional; no multiplicity adjustment
NFHS-4,first_delivery,observed_gap_pp,23.61642260456734,0.7007425548476944,22.24292841138642,24.98991679774826,average,25966,95% marginal approximate Taylor t; conditional; no multiplicity adjustment
NFHS-4,first_delivery,adjusted_public_pct,23.133015666974067,0.5295975756985032,22.09497510569734,24.171056228250794,average,25966,95% marginal approximate Taylor t; conditional; no multiplicity adjustment
NFHS-4,first_delivery,adjusted_private_pct,44.34084187205102,0.45544548794358497,43.44814350704745,45.2335402370546,average,25966,95% marginal approximate Taylor t; conditional; no multiplicity adjustment
NFHS-4,first_delivery,adjusted_gap_pp,21.20782620507696,0.7065581649897733,19.822933094127038,22.59271931602688,average,25966,95% marginal approximate Taylor t; conditional; no multiplicity adjustment
NFHS-4,first_delivery,observed_public_pct,21.884288103418815,0.4942114830677398,20.915606242297354,22.852969964540275,zero_sensitivity_only,25966,95% marginal approximate Taylor t; conditional; no multiplicity adjustment
NFHS-4,first_delivery,observed_private_pct,45.50071070798615,0.4778480275781145,44.564102125331786,46.43731929064052,zero_sensitivity_only,25966,95% marginal approximate Taylor t; conditional; no multiplicity adjustment
NFHS-4,first_delivery,observed_gap_pp,23.61642260456734,0.69948511529529,22.245393062507656,24.987452146627025,zero_sensitivity_only,25966,95% marginal approximate Taylor t; conditional; no multiplicity adjustment
NFHS-4,first_delivery,adjusted_public_pct,23.133015666974067,0.5286472453183458,22.096837805842668,24.169193528105467,zero_sensitivity_only,25966,95% marginal approximate Taylor t; conditional; no multiplicity adjustment
NFHS-4,first_delivery,adjusted_private_pct,44.34084187205102,0.45462821893866656,43.44974539953244,45.231938344569606,zero_sensitivity_only,25966,95% marginal approximate Taylor t; conditional; no multiplicity adjustment
NFHS-4,first_delivery,adjusted_gap_pp,21.20782620507696,0.7052902896815219,19.825418199907347,22.59023421024657,zero_sensitivity_only,25966,95% marginal approximate Taylor t; conditional; no multiplicity adjustment
NFHS-5,all_narrow,observed_public_pct,22.380141364206306,0.28543778471961845,21.820668872268776,22.939613856143836,adjust,27400,95% marginal approximate Taylor t; conditional; no multiplicity adjustment
NFHS-5,all_narrow,observed_private_pct,47.53521672384172,0.3639353072067156,46.82188511840274,48.2485483292807,adjust,27400,95% marginal approximate Taylor t; conditional; no multiplicity adjustment
NFHS-5,all_narrow,observed_gap_pp,25.155075359635415,0.4515999952012892,24.26991653273931,26.04023418653152,adjust,27400,95% marginal approximate Taylor t; conditional; no multiplicity adjustment
NFHS-5,all_narrow,adjusted_public_pct,22.927533340660588,0.30254752770941656,22.334524887265413,23.520541794055763,adjust,27400,95% marginal approximate Taylor t; conditional; no multiplicity adjustment
NFHS-5,all_narrow,adjusted_private_pct,46.68431387366558,0.3577899832101551,45.98302741401379,47.38560033331737,adjust,27400,95% marginal approximate Taylor t; conditional; no multiplicity adjustment
NFHS-5,all_narrow,adjusted_gap_pp,23.75678053300499,0.4637780133330822,22.847752174758128,24.66580889125185,adjust,27400,95% marginal approximate Taylor t; conditional; no multiplicity adjustment
NFHS-5,all_narrow,observed_public_pct,22.380141364206306,0.28595490415743907,21.819655292021192,22.94062743639142,average,27400,95% marginal approximate Taylor t; conditional; no multiplicity adjustment
NFHS-5,all_narrow,observed_private_pct,47.53521672384172,0.36495993998736265,46.81987678633951,48.25055666134393,average,27400,95% marginal approximate Taylor t; conditional; no multiplicity adjustment
NFHS-5,all_narrow,observed_gap_pp,25.155075359635415,0.45268930946092306,24.26778142170648,26.04236929756435,average,27400,95% marginal approximate Taylor t; conditional; no multiplicity adjustment
NFHS-5,all_narrow,adjusted_public_pct,22.927533340660588,0.30310483689578777,22.33343253307837,23.521634148242807,average,27400,95% marginal approximate Taylor t; conditional; no multiplicity adjustment
NFHS-5,all_narrow,adjusted_private_pct,46.68431387366558,0.3587745159412768,45.981097680075386,47.387530067255774,average,27400,95% marginal approximate Taylor t; conditional; no multiplicity adjustment
NFHS-5,all_narrow,adjusted_gap_pp,23.75678053300499,0.4648409845095014,22.845668697500507,24.66789236850947,average,27400,95% marginal approximate Taylor t; conditional; no multiplicity adjustment
NFHS-5,all_narrow,observed_public_pct,22.380141364206306,0.285127546462029,21.821276954941638,22.939005773470974,zero_sensitivity_only,27400,95% marginal approximate Taylor t; conditional; no multiplicity adjustment
NFHS-5,all_narrow,observed_private_pct,47.53521672384172,0.36390399581408595,46.82194649031564,48.2484869573678,zero_sensitivity_only,27400,95% marginal approximate Taylor t; conditional; no multiplicity adjustment
NFHS-5,all_narrow,observed_gap_pp,25.155075359635415,0.45137953656188523,24.27034864282059,26.03980207645024,zero_sensitivity_only,27400,95% marginal approximate Taylor t; conditional; no multiplicity adjustment
NFHS-5,all_narrow,adjusted_public_pct,22.927533340660588,0.3022278590378256,22.33515145402659,23.519915227294586,zero_sensitivity_only,27400,95% marginal approximate Taylor t; conditional; no multiplicity adjustment
NFHS-5,all_narrow,adjusted_private_pct,46.68431387366558,0.35773646814994525,45.98313230623793,47.385495441093234,zero_sensitivity_only,27400,95% marginal approximate Taylor t; conditional; no multiplicity adjustment
NFHS-5,all_narrow,adjusted_gap_pp,23.75678053300499,0.46349605298329055,22.84830483130176,24.665256234708217,zero_sensitivity_only,27400,95% marginal approximate Taylor t; conditional; no multiplicity adjustment
NFHS-5,first_delivery,observed_public_pct,26.15050791137554,0.41778067618860537,25.331636649339202,26.96937917341188,adjust,27392,95% marginal approximate Taylor t; conditional; no multiplicity adjustment
NFHS-5,first_delivery,observed_private_pct,51.767478337610505,0.46357591058152675,50.85884609925353,52.67611057596748,adjust,27392,95% marginal approximate Taylor t; conditional; no multiplicity adjustment
NFHS-5,first_delivery,observed_gap_pp,25.616970426234964,0.6288687310494463,24.38435589712933,26.8495849553406,adjust,27392,95% marginal approximate Taylor t; conditional; no multiplicity adjustment
NFHS-5,first_delivery,adjusted_public_pct,26.329861538211137,0.44319889988793504,25.461169271744243,27.19855380467803,adjust,27392,95% marginal approximate Taylor t; conditional; no multiplicity adjustment
NFHS-5,first_delivery,adjusted_private_pct,51.56686317365675,0.46047566090250186,50.66430758152107,52.469418765792426,adjust,27392,95% marginal approximate Taylor t; conditional; no multiplicity adjustment
NFHS-5,first_delivery,adjusted_gap_pp,25.237001635445615,0.6585418804833001,23.946226232201024,26.527777038690207,adjust,27392,95% marginal approximate Taylor t; conditional; no multiplicity adjustment
NFHS-5,first_delivery,observed_public_pct,26.15050791137554,0.41813663344530005,25.330938955107193,26.97007686764389,average,27392,95% marginal approximate Taylor t; conditional; no multiplicity adjustment
NFHS-5,first_delivery,observed_private_pct,51.767478337610505,0.4647498492143969,50.85654512014023,52.67841155508078,average,27392,95% marginal approximate Taylor t; conditional; no multiplicity adjustment
NFHS-5,first_delivery,observed_gap_pp,25.616970426234964,0.6300060538167652,24.382126686965005,26.851814165504923,average,27392,95% marginal approximate Taylor t; conditional; no multiplicity adjustment
NFHS-5,first_delivery,adjusted_public_pct,26.329861538211137,0.4434674554124423,25.460642889329225,27.19908018709305,average,27392,95% marginal approximate Taylor t; conditional; no multiplicity adjustment
NFHS-5,first_delivery,adjusted_private_pct,51.56686317365675,0.46162879963865244,50.662047371257664,52.471678976055834,average,27392,95% marginal approximate Taylor t; conditional; no multiplicity adjustment
NFHS-5,first_delivery,adjusted_gap_pp,25.237001635445615,0.6594936651998871,23.944360686003034,26.529642584888197,average,27392,95% marginal approximate Taylor t; conditional; no multiplicity adjustment
NFHS-5,first_delivery,observed_public_pct,26.15050791137554,0.41707594812233956,25.333017952003267,26.967997870747816,zero_sensitivity_only,27392,95% marginal approximate Taylor t; conditional; no multiplicity adjustment
NFHS-5,first_delivery,observed_private_pct,51.767478337610505,0.46357092035602826,50.85885588034798,52.67610079487303,zero_sensitivity_only,27392,95% marginal approximate Taylor t; conditional; no multiplicity adjustment
NFHS-5,first_delivery,observed_gap_pp,25.616970426234964,0.6284079202852599,24.385259109540854,26.848681742929074,zero_sensitivity_only,27392,95% marginal approximate Taylor t; conditional; no multiplicity adjustment
NFHS-5,first_delivery,adjusted_public_pct,26.329861538211137,0.4423425135069919,25.462847832377904,27.19687524404437,zero_sensitivity_only,27392,95% marginal approximate Taylor t; conditional; no multiplicity adjustment
NFHS-5,first_delivery,adjusted_private_pct,51.56686317365675,0.46045778793274655,50.66434261344604,52.46938373386746,zero_sensitivity_only,27392,95% marginal approximate Taylor t; conditional; no multiplicity adjustment
NFHS-5,first_delivery,adjusted_gap_pp,25.237001635445615,0.6578207305768211,23.94763972250274,26.526363548388492,zero_sensitivity_only,27392,95% marginal approximate Taylor t; conditional; no multiplicity adjustment
