wave,analysis,raw_state_code,n,n_public,n_private,both_sectors_observed,at_least_30_each_sector,cohort_weight_pct
NFHS-4,all_narrow,1,210,194,16,True,False,0.020214705200665734
NFHS-4,all_narrow,2,2111,513,1598,True,True,4.920628324435077
NFHS-4,all_narrow,3,1699,1390,309,True,True,0.06093958322643992
NFHS-4,all_narrow,4,2430,1589,841,True,True,1.2585736478365763
NFHS-4,all_narrow,5,7584,3558,4026,True,True,7.413191590644368
NFHS-4,all_narrow,6,150,116,34,True,True,0.09291761915936908
NFHS-4,all_narrow,7,2605,1466,1139,True,True,1.3923851140296084
NFHS-4,all_narrow,8,185,117,68,True,True,0.034146572299097344
NFHS-4,all_narrow,9,240,38,202,True,True,0.013543055220443832
NFHS-4,all_narrow,10,318,162,156,True,True,0.1299772636738277
NFHS-4,all_narrow,11,4796,1070,3726,True,True,5.813435551885962
NFHS-4,all_narrow,12,4844,2701,2143,True,True,2.8454792478916167
NFHS-4,all_narrow,13,1758,1348,410,True,True,0.561814064010784
NFHS-4,all_narrow,14,4832,4355,477,True,True,1.1096111548103424
NFHS-4,all_narrow,15,3716,1589,2127,True,True,1.9010822407016794
NFHS-4,all_narrow,16,5260,3007,2253,True,True,5.965382042129987
NFHS-4,all_narrow,17,2405,919,1486,True,True,3.3977163464451494
NFHS-4,all_narrow,18,226,119,107,True,True,0.007319821059334858
NFHS-4,all_narrow,19,8543,6103,2440,True,True,4.907061156950626
NFHS-4,all_narrow,20,6329,2765,3564,True,True,11.884882145522425
NFHS-4,all_narrow,21,3186,2044,1142,True,True,0.24484808129619834
NFHS-4,all_narrow,22,1288,806,482,True,True,0.17709692126303628
NFHS-4,all_narrow,23,2476,2219,257,True,True,0.09677993752500096
NFHS-4,all_narrow,24,1032,759,273,True,True,0.06567055741117797
NFHS-4,all_narrow,25,1297,862,435,True,True,1.9757686225925903
NFHS-4,all_narrow,26,3455,2514,941,True,True,2.1026453394154347
NFHS-4,all_narrow,27,984,604,380,True,True,0.15382122444361893
NFHS-4,all_narrow,28,4501,2597,1904,True,True,2.8586906443992386
NFHS-4,all_narrow,29,6902,3641,3261,True,True,4.899020570299672
NFHS-4,all_narrow,30,768,672,96,True,True,0.03781009496780338
NFHS-4,all_narrow,31,6299,3843,2456,True,True,9.020377458209207
NFHS-4,all_narrow,32,612,480,132,True,True,0.2286254818504846
NFHS-4,all_narrow,33,14387,4711,9676,True,True,12.313313686674508
NFHS-4,all_narrow,34,2278,1133,1145,True,True,0.6717619907813672
NFHS-4,all_narrow,35,2801,1938,863,True,True,7.185256133518132
NFHS-4,all_narrow,36,1756,409,1347,True,True,4.238212008219153
NFHS-4,first_delivery,1,119,108,11,True,False,0.023684010793128117
NFHS-4,first_delivery,2,1031,223,808,True,True,5.060831348832245
NFHS-4,first_delivery,3,737,594,143,True,True,0.0573061117634308
NFHS-4,first_delivery,4,1444,905,539,True,True,1.5641666823613694
NFHS-4,first_delivery,5,2905,1149,1756,True,True,6.094729098531114
NFHS-4,first_delivery,6,67,48,19,True,False,0.08820230678789158
NFHS-4,first_delivery,7,1270,667,603,True,True,1.46822181927216
NFHS-4,first_delivery,8,97,51,46,True,True,0.03838986248134686
NFHS-4,first_delivery,9,119,17,102,True,False,0.014160107333915692
NFHS-4,first_delivery,10,156,68,88,True,True,0.13460783325624204
NFHS-4,first_delivery,11,2200,453,1747,True,True,5.741966735008653
NFHS-4,first_delivery,12,2313,1184,1129,True,True,2.8256384455836154
NFHS-4,first_delivery,13,918,711,207,True,True,0.6217523597627932
NFHS-4,first_delivery,14,2108,1892,216,True,True,1.032590458097492
NFHS-4,first_delivery,15,1702,654,1048,True,True,1.8578198944855269
NFHS-4,first_delivery,16,2494,1299,1195,True,True,6.303674239706078
NFHS-4,first_delivery,17,1153,423,730,True,True,3.462262340285759
NFHS-4,first_delivery,18,119,63,56,True,True,0.007919622750396682
NFHS-4,first_delivery,19,3856,2565,1291,True,True,4.675397840395612
NFHS-4,first_delivery,20,2954,1201,1753,True,True,11.911186389859017
NFHS-4,first_delivery,21,1570,1037,533,True,True,0.254220733665204
NFHS-4,first_delivery,22,471,278,193,True,True,0.14053109555185958
NFHS-4,first_delivery,23,960,855,105,True,True,0.07584737151157608
NFHS-4,first_delivery,24,474,354,120,True,True,0.06434235656106983
NFHS-4,first_delivery,25,567,359,208,True,True,1.8075951321141888
NFHS-4,first_delivery,26,1834,1260,574,True,True,2.401940354929047
NFHS-4,first_delivery,27,494,308,186,True,True,0.17432333131278596
NFHS-4,first_delivery,28,2246,1213,1033,True,True,3.051182235094193
NFHS-4,first_delivery,29,3087,1526,1561,True,True,4.690794069508288
NFHS-4,first_delivery,30,440,370,70,True,True,0.04539719882052188
NFHS-4,first_delivery,31,3152,1797,1355,True,True,9.559950140238518
NFHS-4,first_delivery,32,403,311,92,True,True,0.3226387272677341
NFHS-4,first_delivery,33,5932,1718,4214,True,True,10.822038624092487
NFHS-4,first_delivery,34,1041,488,553,True,True,0.6314322315320063
NFHS-4,first_delivery,35,1612,1057,555,True,True,8.8159951203199
NFHS-4,first_delivery,36,806,151,655,True,True,4.157263770132833
NFHS-5,all_narrow,1,3822,3554,268,True,True,0.9246321429326451
NFHS-5,all_narrow,2,1588,1223,365,True,True,0.4936543856833326
NFHS-5,all_narrow,3,5136,2976,2160,True,True,3.065620455451795
NFHS-5,all_narrow,4,155,130,25,True,False,0.10679821126671593
NFHS-5,all_narrow,5,1962,1210,752,True,True,0.8790270219048176
NFHS-5,all_narrow,6,4932,2519,2413,True,True,2.6315980287608856
NFHS-5,all_narrow,7,2507,1683,824,True,True,2.1049103655614765
NFHS-5,all_narrow,8,5480,3223,2257,True,True,4.845583305482542
NFHS-5,all_narrow,9,13638,5844,7794,True,True,14.91564430457081
NFHS-5,all_narrow,10,7453,3734,3719,True,True,8.748496484174055
NFHS-5,all_narrow,11,437,373,64,True,True,0.034478605734912036
NFHS-5,all_narrow,12,2817,2604,213,True,True,0.07349832402293463
NFHS-5,all_narrow,13,778,599,179,True,True,0.053979935214042714
NFHS-5,all_narrow,14,1770,1237,533,True,True,0.2527574000087662
NFHS-5,all_narrow,15,1336,1169,167,True,True,0.09279704116752005
NFHS-5,all_narrow,16,1304,1100,204,True,True,0.3368350539335805
NFHS-5,all_narrow,17,1750,1341,409,True,True,0.2240130985172256
NFHS-5,all_narrow,18,4087,3193,894,True,True,1.9398466037806745
NFHS-5,all_narrow,19,2962,2015,947,True,True,7.016120205289261
NFHS-5,all_narrow,20,3580,2005,1575,True,True,2.180620934634321
NFHS-5,all_narrow,21,3276,2344,932,True,True,2.4230382097864087
NFHS-5,all_narrow,22,2984,2020,964,True,True,1.669705981697063
NFHS-5,all_narrow,23,5629,4275,1354,True,True,4.226205329024807
NFHS-5,all_narrow,24,6259,1874,4385,True,True,5.432812829717022
NFHS-5,all_narrow,25,480,259,221,True,True,0.04113410963429681
NFHS-5,all_narrow,27,6713,3712,3001,True,True,11.610433799220454
NFHS-5,all_narrow,28,1849,624,1225,True,True,3.969692871490892
NFHS-5,all_narrow,29,4862,2512,2350,True,True,5.11065036101909
NFHS-5,all_narrow,30,344,193,151,True,True,0.15516398979843365
NFHS-5,all_narrow,31,164,69,95,True,True,0.0047388730907351965
NFHS-5,all_narrow,32,2563,835,1728,True,True,3.527312474086717
NFHS-5,all_narrow,33,5141,3053,2088,True,True,7.1315240007674205
NFHS-5,all_narrow,34,713,429,284,True,True,0.1106515699832719
NFHS-5,all_narrow,35,272,239,33,True,True,0.02299323513663123
NFHS-5,all_narrow,36,6154,2867,3287,True,True,3.6302364474717925
NFHS-5,all_narrow,37,300,299,1,True,False,0.012794009982653393
NFHS-5,first_delivery,1,1710,1573,137,True,True,0.9393950448373566
NFHS-5,first_delivery,2,828,631,197,True,True,0.5692115568769651
NFHS-5,first_delivery,3,2363,1282,1081,True,True,3.0867626948385642
NFHS-5,first_delivery,4,59,50,9,True,False,0.09122086842297082
NFHS-5,first_delivery,5,953,582,371,True,True,0.8523609691139178
NFHS-5,first_delivery,6,2151,987,1164,True,True,2.5127501502978076
NFHS-5,first_delivery,7,1121,713,408,True,True,2.0245024436787733
NFHS-5,first_delivery,8,2510,1417,1093,True,True,4.888551774870496
NFHS-5,first_delivery,9,5378,2018,3360,True,True,12.95144627642215
NFHS-5,first_delivery,10,2781,1168,1613,True,True,7.203596368287282
NFHS-5,first_delivery,11,232,194,38,True,True,0.04437428710601514
NFHS-5,first_delivery,12,1202,1091,111,True,True,0.06941185980448426
NFHS-5,first_delivery,13,390,299,91,True,True,0.0580825006016412
NFHS-5,first_delivery,14,766,530,236,True,True,0.2456709987111605
NFHS-5,first_delivery,15,473,411,62,True,True,0.07333021118188802
NFHS-5,first_delivery,16,746,624,122,True,True,0.42631785852723547
NFHS-5,first_delivery,17,581,455,126,True,True,0.1649803233678403
NFHS-5,first_delivery,18,2111,1598,513,True,True,2.202348812933635
NFHS-5,first_delivery,19,1675,1081,594,True,True,8.773021035289792
NFHS-5,first_delivery,20,1579,828,751,True,True,2.1457378082490144
NFHS-5,first_delivery,21,1707,1167,540,True,True,2.808642395313647
NFHS-5,first_delivery,22,1360,847,513,True,True,1.6861390751846248
NFHS-5,first_delivery,23,2564,1849,715,True,True,4.255433241396772
NFHS-5,first_delivery,24,2858,788,2070,True,True,5.427413908077777
NFHS-5,first_delivery,25,226,109,117,True,True,0.040966715576756234
NFHS-5,first_delivery,27,3094,1537,1557,True,True,11.853902060942035
NFHS-5,first_delivery,28,873,270,603,True,True,4.102861610705542
NFHS-5,first_delivery,29,2282,1063,1219,True,True,5.250808052118617
NFHS-5,first_delivery,30,192,99,93,True,True,0.1979639123309321
NFHS-5,first_delivery,31,79,38,41,True,True,0.004845139435764863
NFHS-5,first_delivery,32,1112,347,765,True,True,3.398595228174862
NFHS-5,first_delivery,33,2594,1499,1095,True,True,8.03435421919091
NFHS-5,first_delivery,34,326,188,138,True,True,0.11971716774462812
NFHS-5,first_delivery,35,134,115,19,True,False,0.024985468708844685
NFHS-5,first_delivery,36,2725,1176,1549,True,True,3.459375571684086
NFHS-5,first_delivery,37,119,119,0,False,False,0.010922389995214367
