covariate,smd_before,smd_after,flag_after_weighting
wealth_index,0.7572136223076776,-0.00040068412491240307,False
education_years,0.5532982379889392,-0.0162020423662056,False
social_group_2,-0.3711949259264204,-0.03332912396679373,False
residence_2,-0.36783317797277065,-0.009282383978739824,False
residence_1,0.3678331779727705,0.00928238397873922,False
age_at_first_birth,0.3358830024834633,-0.004747395640325456,False
state_24,0.26396287695148146,-0.0059257251496901584,False
state_23,-0.24171923609590618,-0.04652675642620569,False
social_group_4,0.239410677332572,-0.004921096392126485,False
social_group_3,0.21777932412286244,0.0068441422536170814,False
state_1,-0.21617557394245165,-0.00327903505188268,False
state_36,0.19608408109691108,0.006865759995691772,False
state_12,-0.1937494217173849,-0.012565282986337436,False
state_18,-0.1922331378586123,-0.03913296026411579,False
state_32,0.18596484566311186,0.0018920621616828443,False
social_group_1,-0.1404643935856602,0.019413887612458613,False
state_21,-0.1339162967664954,-0.021066584390583367,False
state_6,0.12740197003249126,0.004265573282144208,False
twin_order_0,-0.12730852957811714,0.00796345923907446,False
state_28,0.12349665421403662,0.003190479792478226,False
state_3,0.12335941550075175,0.005219703111196596,False
state_8,-0.12273963619648805,0.03975124361347044,False
religion_3,-0.12197726764645536,-0.002322859306415957,False
state_27,0.11773925657055738,0.014888800811395316,False
state_17,-0.10213518773753638,-0.002069938370242603,False
state_22,-0.09850653380263014,-0.005798941499700499,False
religion_4,0.09732441496946215,0.004596009218078875,False
state_16,-0.09423502060991022,-0.004123005520886456,False
social_group_Missing,-0.09409686111023365,-0.0010162564652911848,False
state_15,-0.09052547349442723,-0.008508282985250132,False
twin_order_2,0.08884157764673041,-0.005656263786282472,False
twin_order_1,0.08884157764673041,-0.005656263786282472,False
religion_96,-0.0864635403443342,-0.005738703043579852,False
state_9,0.08562661670913209,0.02232006670810779,False
state_37,-0.0821824085590188,-0.01710590873914257,False
religion_5,-0.08197432353307885,-0.0023324044378614872,False
religion_1,0.0774270292180688,-0.0014575252850460296,False
state_29,0.06260277887582674,-0.0006737554596398113,False
state_2,-0.06032052740371681,-0.009111116963868458,False
state_13,-0.0581408155882091,-0.002587470837063624,False
state_35,-0.053773794739555895,-0.013657368212357641,False
state_33,0.05353298757653982,-0.018591295180597472,False
state_19,-0.04864470234624493,-0.007514649194956185,False
state_11,-0.04655610267319175,0.0012605114413381875,False
religion_6,0.0461227179754566,0.006491536814962906,False
state_30,0.04009074054079922,0.0018604729641808727,False
state_7,0.036154986715416865,0.008253838890899368,False
state_34,0.034653370255762296,0.0022646665991921584,False
state_20,-0.03416887237895531,-0.0016931743944376182,False
state_10,0.029826975646457244,0.008894920209304637,False
religion_9,-0.025164435114034475,-0.01711029207985617,False
state_4,-0.023198818294567918,-0.01478442679323703,False
state_25,0.019741873009756498,0.005370543811668095,False
religion_2,-0.01887532649839844,0.0021731552749628133,False
twin_order_3,0.014827968415486895,0.0006315888642367797,False
state_5,-0.013044026440841214,0.014811163635110485,False
state_14,-0.008041738841335612,0.003911909053842584,False
religion_7,-0.005832316816694954,-0.007817591130376264,False
religion_8,-0.005832316816694954,-0.005844071188098678,False
state_31,0.005560716447369946,-0.002136714602416309,False
