hv024,households,state_stratum_psu_units,hv021_values,hv001_distinct,hv001_min,hv001_max,hv001_unused_between_min_max
1,18086,840,840,840,101,2242,1302
2,10698,504,504,504,2301,3442,638
3,18824,915,915,915,3601,88242,83727
4,761,41,41,41,5501,5542,1
5,12169,582,582,582,5601,6845,663
6,18229,877,877,877,6901,86642,78865
7,9486,462,462,462,83701,84742,580
8,31817,1485,1485,1485,9901,13145,1760
9,70710,3358,3358,3358,13201,93045,76487
10,35834,1710,1710,1710,20301,24045,2035
11,3516,168,168,168,24101,24442,174
12,18268,858,858,858,24501,80945,55587
13,10112,461,461,461,26101,27142,581
14,7881,378,378,378,27201,28042,464
15,7257,336,336,336,28101,28842,406
16,7209,336,336,336,29101,92042,62606
17,10148,462,462,462,29501,87842,57880
18,30119,1386,1386,1386,30001,82142,50756
19,18187,840,840,840,32701,93242,59702
20,22863,1080,1080,1080,34601,36945,1265
21,26467,1260,1260,1260,37001,39942,1682
22,24550,1134,1134,1134,40001,83642,42508
23,43552,2131,2131,2131,41801,86845,42914
24,29368,1386,1386,1386,46801,86442,38256
25,2676,126,126,126,49401,49642,116
27,31643,1510,1510,1510,49701,87042,35832
28,11346,546,546,546,54201,55442,696
29,26574,1260,1260,1260,55501,58442,1682
30,1856,84,84,84,58501,58642,58
31,921,42,42,42,58701,58742,0
32,12330,588,588,588,58801,60142,754
33,27929,1344,1344,1344,60201,63342,1798
34,3520,168,168,168,63401,63742,174
35,2624,126,126,126,63801,64042,116
36,27351,1302,1302,1302,88301,91342,1740
37,1818,84,84,84,301,442,58
