family,family_role,family_size,analysis,reference_minimum_each_sector_each_wave,contrast,group,wave_or_contrast,quantity,estimate_pp,se_pp,ci_lower_pp,ci_upper_pp,ci_label,p_value_exploratory_unadjusted,holm_rank_by_p,holm_adjusted_p_value,unadjusted_p_at_most_0_05,reject_holm_at_0_05,holm_overturns_unadjusted_result,singleton_treatment,conservative_design_df,multiplicity_label
primary_threshold_1,primary,10,all_narrow,1,quintile_4_minus_quintile_1,wealth_index_4_minus_1,NFHS-5_minus_NFHS-4,change_in_heterogeneity_gap,-6.796685278922301,1.977067306856736,-10.671852505703848,-2.921518052140755,UNADJUSTED marginal 95% CI from the original analysis; NOT simultaneous and NOT Holm-adjusted,0.0005874940275094,1,0.005874940275094,True,True,False,adjust,25148,"Added EXPLORATORY multiplicity sensitivity (Holm step-down, alpha 0.05, within the declared family); not prospectively specified; not a confirmatory analysis; association only, no causal interpretation"
primary_threshold_1,primary,10,all_narrow,1,quintile_5_minus_quintile_1,wealth_index_5_minus_1,NFHS-5_minus_NFHS-4,change_in_heterogeneity_gap,-5.705928762076262,2.1767799532411893,-9.972544423293392,-1.4393131008591311,UNADJUSTED marginal 95% CI from the original analysis; NOT simultaneous and NOT Holm-adjusted,0.0087655476232769,3,0.0701243809862152,True,False,True,adjust,25148,"Added EXPLORATORY multiplicity sensitivity (Holm step-down, alpha 0.05, within the declared family); not prospectively specified; not a confirmatory analysis; association only, no causal interpretation"
primary_threshold_1,primary,10,all_narrow,1,rural_minus_urban,residence_2_minus_1,NFHS-5_minus_NFHS-4,change_in_heterogeneity_gap,3.5653578396093346,1.3990652312271876,0.8231083909546211,6.307607288264048,UNADJUSTED marginal 95% CI from the original analysis; NOT simultaneous and NOT Holm-adjusted,0.0108281654334669,4,0.0757971580342683,True,False,True,adjust,25148,"Added EXPLORATORY multiplicity sensitivity (Holm step-down, alpha 0.05, within the declared family); not prospectively specified; not a confirmatory analysis; association only, no causal interpretation"
primary_threshold_1,primary,10,all_narrow,1,quintile_3_minus_quintile_1,wealth_index_3_minus_1,NFHS-5_minus_NFHS-4,change_in_heterogeneity_gap,-3.8754104686136825,2.02737284195263,-7.849179478072648,0.0983585408452825,UNADJUSTED marginal 95% CI from the original analysis; NOT simultaneous and NOT Holm-adjusted,0.0559461834656762,5,0.3356771007940572,False,False,False,adjust,25148,"Added EXPLORATORY multiplicity sensitivity (Holm step-down, alpha 0.05, within the declared family); not prospectively specified; not a confirmatory analysis; association only, no causal interpretation"
primary_threshold_1,primary,10,all_narrow,1,quintile_2_minus_quintile_1,wealth_index_2_minus_1,NFHS-5_minus_NFHS-4,change_in_heterogeneity_gap,-2.12570991510686,1.9793034724833865,-6.005260156932962,1.7538403267192413,UNADJUSTED marginal 95% CI from the original analysis; NOT simultaneous and NOT Holm-adjusted,0.2828470289157799,10,0.596823506419719,False,False,False,adjust,25148,"Added EXPLORATORY multiplicity sensitivity (Holm step-down, alpha 0.05, within the declared family); not prospectively specified; not a confirmatory analysis; association only, no causal interpretation"
primary_threshold_1,primary,10,first_delivery,1,quintile_4_minus_quintile_1,wealth_index_4_minus_1,NFHS-5_minus_NFHS-4,change_in_heterogeneity_gap,-7.960430380763442,2.92976363351686,-13.702938355602528,-2.217922405924356,UNADJUSTED marginal 95% CI from the original analysis; NOT simultaneous and NOT Holm-adjusted,0.0065903896109965,2,0.0593135064989685,True,False,True,adjust,25113,"Added EXPLORATORY multiplicity sensitivity (Holm step-down, alpha 0.05, within the declared family); not prospectively specified; not a confirmatory analysis; association only, no causal interpretation"
primary_threshold_1,primary,10,first_delivery,1,quintile_5_minus_quintile_1,wealth_index_5_minus_1,NFHS-5_minus_NFHS-4,change_in_heterogeneity_gap,-4.962767887700132,3.1863702353615007,-11.208239801551713,1.2827040261514506,UNADJUSTED marginal 95% CI from the original analysis; NOT simultaneous and NOT Holm-adjusted,0.1193647012839438,6,0.596823506419719,False,False,False,adjust,25113,"Added EXPLORATORY multiplicity sensitivity (Holm step-down, alpha 0.05, within the declared family); not prospectively specified; not a confirmatory analysis; association only, no causal interpretation"
primary_threshold_1,primary,10,first_delivery,1,rural_minus_urban,residence_2_minus_1,NFHS-5_minus_NFHS-4,change_in_heterogeneity_gap,3.045153209387355,2.018968202256354,-0.9121424815576472,7.002448900332357,UNADJUSTED marginal 95% CI from the original analysis; NOT simultaneous and NOT Holm-adjusted,0.1314975059147472,7,0.596823506419719,False,False,False,adjust,25113,"Added EXPLORATORY multiplicity sensitivity (Holm step-down, alpha 0.05, within the declared family); not prospectively specified; not a confirmatory analysis; association only, no causal interpretation"
primary_threshold_1,primary,10,first_delivery,1,quintile_2_minus_quintile_1,wealth_index_2_minus_1,NFHS-5_minus_NFHS-4,change_in_heterogeneity_gap,-4.436497739050288,2.9586840081379804,-10.235691338626191,1.3626958605256163,UNADJUSTED marginal 95% CI from the original analysis; NOT simultaneous and NOT Holm-adjusted,0.1337608263969756,8,0.596823506419719,False,False,False,adjust,25113,"Added EXPLORATORY multiplicity sensitivity (Holm step-down, alpha 0.05, within the declared family); not prospectively specified; not a confirmatory analysis; association only, no causal interpretation"
primary_threshold_1,primary,10,first_delivery,1,quintile_3_minus_quintile_1,wealth_index_3_minus_1,NFHS-5_minus_NFHS-4,change_in_heterogeneity_gap,-3.854471814513047,2.9559545176649085,-9.64831545321513,1.9393718241890352,UNADJUSTED marginal 95% CI from the original analysis; NOT simultaneous and NOT Holm-adjusted,0.1922562474546047,9,0.596823506419719,False,False,False,adjust,25113,"Added EXPLORATORY multiplicity sensitivity (Holm step-down, alpha 0.05, within the declared family); not prospectively specified; not a confirmatory analysis; association only, no causal interpretation"
supplementary_threshold_30,supplementary_sensitivity,10,all_narrow,30,quintile_4_minus_quintile_1,wealth_index_4_minus_1,NFHS-5_minus_NFHS-4,change_in_heterogeneity_gap,-6.758533004802056,1.9676212078332265,-10.61518532658776,-2.9018806830163517,UNADJUSTED marginal 95% CI from the original analysis; NOT simultaneous and NOT Holm-adjusted,0.0005937835774604,1,0.005937835774604,True,True,False,adjust,25148,"Added EXPLORATORY multiplicity sensitivity (Holm step-down, alpha 0.05, within the declared family); not prospectively specified; not a confirmatory analysis; association only, no causal interpretation"
supplementary_threshold_30,supplementary_sensitivity,10,all_narrow,30,rural_minus_urban,residence_2_minus_1,NFHS-5_minus_NFHS-4,change_in_heterogeneity_gap,3.798231079300854,1.4053244824308084,1.0437131332387215,6.552749025362986,UNADJUSTED marginal 95% CI from the original analysis; NOT simultaneous and NOT Holm-adjusted,0.0068816040347068,2,0.0619344363123612,True,False,True,adjust,25148,"Added EXPLORATORY multiplicity sensitivity (Holm step-down, alpha 0.05, within the declared family); not prospectively specified; not a confirmatory analysis; association only, no causal interpretation"
supplementary_threshold_30,supplementary_sensitivity,10,all_narrow,30,quintile_5_minus_quintile_1,wealth_index_5_minus_1,NFHS-5_minus_NFHS-4,change_in_heterogeneity_gap,-5.659003228165571,2.1694564740306674,-9.911264443014485,-1.4067420133166575,UNADJUSTED marginal 95% CI from the original analysis; NOT simultaneous and NOT Holm-adjusted,0.0090996730756608,4,0.0636977115296256,True,False,True,adjust,25148,"Added EXPLORATORY multiplicity sensitivity (Holm step-down, alpha 0.05, within the declared family); not prospectively specified; not a confirmatory analysis; association only, no causal interpretation"
supplementary_threshold_30,supplementary_sensitivity,10,all_narrow,30,quintile_3_minus_quintile_1,wealth_index_3_minus_1,NFHS-5_minus_NFHS-4,change_in_heterogeneity_gap,-3.824192425848155,2.018737173223354,-7.781035020953409,0.1326501692570993,UNADJUSTED marginal 95% CI from the original analysis; NOT simultaneous and NOT Holm-adjusted,0.0581901843596762,5,0.34914110615805716,False,False,False,adjust,25148,"Added EXPLORATORY multiplicity sensitivity (Holm step-down, alpha 0.05, within the declared family); not prospectively specified; not a confirmatory analysis; association only, no causal interpretation"
supplementary_threshold_30,supplementary_sensitivity,10,all_narrow,30,quintile_2_minus_quintile_1,wealth_index_2_minus_1,NFHS-5_minus_NFHS-4,change_in_heterogeneity_gap,-1.9342097367826128,1.9542706511842751,-5.7646941889131575,1.896274715347931,UNADJUSTED marginal 95% CI from the original analysis; NOT simultaneous and NOT Holm-adjusted,0.3223132670005215,10,0.56432929284034,False,False,False,adjust,25148,"Added EXPLORATORY multiplicity sensitivity (Holm step-down, alpha 0.05, within the declared family); not prospectively specified; not a confirmatory analysis; association only, no causal interpretation"
supplementary_threshold_30,supplementary_sensitivity,10,first_delivery,30,quintile_4_minus_quintile_1,wealth_index_4_minus_1,NFHS-5_minus_NFHS-4,change_in_heterogeneity_gap,-7.788624256056654,2.898053932542718,-13.468979363462816,-2.108269148650492,UNADJUSTED marginal 95% CI from the original analysis; NOT simultaneous and NOT Holm-adjusted,0.0072028768137014,3,0.0619344363123612,True,False,True,adjust,25113,"Added EXPLORATORY multiplicity sensitivity (Holm step-down, alpha 0.05, within the declared family); not prospectively specified; not a confirmatory analysis; association only, no causal interpretation"
supplementary_threshold_30,supplementary_sensitivity,10,first_delivery,30,quintile_5_minus_quintile_1,wealth_index_5_minus_1,NFHS-5_minus_NFHS-4,change_in_heterogeneity_gap,-5.015272710002547,3.163216365700452,-11.21536168590792,1.1848162659028263,UNADJUSTED marginal 95% CI from the original analysis; NOT simultaneous and NOT Holm-adjusted,0.112865858568068,6,0.56432929284034,False,False,False,adjust,25113,"Added EXPLORATORY multiplicity sensitivity (Holm step-down, alpha 0.05, within the declared family); not prospectively specified; not a confirmatory analysis; association only, no causal interpretation"
supplementary_threshold_30,supplementary_sensitivity,10,first_delivery,30,rural_minus_urban,residence_2_minus_1,NFHS-5_minus_NFHS-4,change_in_heterogeneity_gap,3.245203984542272,2.06366286827596,-0.7996958643334731,7.290103833418017,UNADJUSTED marginal 95% CI from the original analysis; NOT simultaneous and NOT Holm-adjusted,0.1158366678354637,7,0.56432929284034,False,False,False,adjust,25113,"Added EXPLORATORY multiplicity sensitivity (Holm step-down, alpha 0.05, within the declared family); not prospectively specified; not a confirmatory analysis; association only, no causal interpretation"
supplementary_threshold_30,supplementary_sensitivity,10,first_delivery,30,quintile_2_minus_quintile_1,wealth_index_2_minus_1,NFHS-5_minus_NFHS-4,change_in_heterogeneity_gap,-4.190253060141572,2.918598018488868,-9.910875776863346,1.530369656580202,UNADJUSTED marginal 95% CI from the original analysis; NOT simultaneous and NOT Holm-adjusted,0.1510980457317856,8,0.56432929284034,False,False,False,adjust,25113,"Added EXPLORATORY multiplicity sensitivity (Holm step-down, alpha 0.05, within the declared family); not prospectively specified; not a confirmatory analysis; association only, no causal interpretation"
supplementary_threshold_30,supplementary_sensitivity,10,first_delivery,30,quintile_3_minus_quintile_1,wealth_index_3_minus_1,NFHS-5_minus_NFHS-4,change_in_heterogeneity_gap,-3.556690034216803,2.9111055489203643,-9.262627072627824,2.1492470041942187,UNADJUSTED marginal 95% CI from the original analysis; NOT simultaneous and NOT Holm-adjusted,0.2218075650085596,9,0.56432929284034,False,False,False,adjust,25113,"Added EXPLORATORY multiplicity sensitivity (Holm step-down, alpha 0.05, within the declared family); not prospectively specified; not a confirmatory analysis; association only, no causal interpretation"
