rr_au_conditional,rr_uy_conditional,bounding_factor,rr_reference,rr_lower_bound_hypothetical,strengths_sufficient_for_null_bound,parameter_status
1.0,1.0,1.0,2.7260070309880806,2.7260070309880806,False,hypothetical / unsourced
1.0,1.25,1.0,2.7260070309880806,2.7260070309880806,False,hypothetical / unsourced
1.0,1.5,1.0,2.7260070309880806,2.7260070309880806,False,hypothetical / unsourced
1.0,1.75,1.0,2.7260070309880806,2.7260070309880806,False,hypothetical / unsourced
1.0,2.0,1.0,2.7260070309880806,2.7260070309880806,False,hypothetical / unsourced
1.0,2.25,1.0,2.7260070309880806,2.7260070309880806,False,hypothetical / unsourced
1.0,2.5,1.0,2.7260070309880806,2.7260070309880806,False,hypothetical / unsourced
1.0,2.75,1.0,2.7260070309880806,2.7260070309880806,False,hypothetical / unsourced
1.0,3.0,1.0,2.7260070309880806,2.7260070309880806,False,hypothetical / unsourced
1.0,3.25,1.0,2.7260070309880806,2.7260070309880806,False,hypothetical / unsourced
1.0,3.5,1.0,2.7260070309880806,2.7260070309880806,False,hypothetical / unsourced
1.0,3.75,1.0,2.7260070309880806,2.7260070309880806,False,hypothetical / unsourced
1.0,4.0,1.0,2.7260070309880806,2.7260070309880806,False,hypothetical / unsourced
1.0,4.25,1.0,2.7260070309880806,2.7260070309880806,False,hypothetical / unsourced
1.0,4.5,1.0,2.7260070309880806,2.7260070309880806,False,hypothetical / unsourced
1.0,4.75,1.0,2.7260070309880806,2.7260070309880806,False,hypothetical / unsourced
1.0,5.0,1.0,2.7260070309880806,2.7260070309880806,False,hypothetical / unsourced
1.0,5.25,1.0,2.7260070309880806,2.7260070309880806,False,hypothetical / unsourced
1.0,5.5,1.0,2.7260070309880806,2.7260070309880806,False,hypothetical / unsourced
1.0,5.75,1.0,2.7260070309880806,2.7260070309880806,False,hypothetical / unsourced
1.0,6.0,1.0,2.7260070309880806,2.7260070309880806,False,hypothetical / unsourced
1.0,6.25,1.0,2.7260070309880806,2.7260070309880806,False,hypothetical / unsourced
1.0,6.5,1.0,2.7260070309880806,2.7260070309880806,False,hypothetical / unsourced
1.0,6.75,1.0,2.7260070309880806,2.7260070309880806,False,hypothetical / unsourced
1.0,7.0,1.0,2.7260070309880806,2.7260070309880806,False,hypothetical / unsourced
1.0,7.25,1.0,2.7260070309880806,2.7260070309880806,False,hypothetical / unsourced
1.0,7.5,1.0,2.7260070309880806,2.7260070309880806,False,hypothetical / unsourced
1.0,7.75,1.0,2.7260070309880806,2.7260070309880806,False,hypothetical / unsourced
1.0,8.0,1.0,2.7260070309880806,2.7260070309880806,False,hypothetical / unsourced
1.25,1.0,1.0,2.7260070309880806,2.7260070309880806,False,hypothetical / unsourced
1.25,1.25,1.0416666666666667,2.7260070309880806,2.616966749748557,False,hypothetical / unsourced
1.25,1.5,1.0714285714285714,2.7260070309880806,2.5442732289222088,False,hypothetical / unsourced
1.25,1.75,1.09375,2.7260070309880806,2.4923492854748166,False,hypothetical / unsourced
1.25,2.0,1.1111111111111112,2.7260070309880806,2.4534063278892724,False,hypothetical / unsourced
1.25,2.25,1.125,2.7260070309880806,2.423117360878294,False,hypothetical / unsourced
1.25,2.5,1.1363636363636365,2.7260070309880806,2.3988861872695106,False,hypothetical / unsourced
1.25,2.75,1.1458333333333333,2.7260070309880806,2.3790606815895976,False,hypothetical / unsourced
1.25,3.0,1.1538461538461537,2.7260070309880806,2.362539426856337,False,hypothetical / unsourced
1.25,3.25,1.1607142857142858,2.7260070309880806,2.3485599036205,False,hypothetical / unsourced
1.25,3.5,1.1666666666666667,2.7260070309880806,2.3365774551326406,False,hypothetical / unsourced
1.25,3.75,1.171875,2.7260070309880806,2.3261926664431622,False,hypothetical / unsourced
1.25,4.0,1.1764705882352942,2.7260070309880806,2.3171059763398683,False,hypothetical / unsourced
1.25,4.25,1.1805555555555556,2.7260070309880806,2.3090883086016682,False,hypothetical / unsourced
1.25,4.5,1.1842105263157894,2.7260070309880806,2.3019614928343795,False,hypothetical / unsourced
1.25,4.75,1.1875,2.7260070309880806,2.295584868200489,False,hypothetical / unsourced
1.25,5.0,1.1904761904761905,2.7260070309880806,2.2898459060299876,False,hypothetical / unsourced
1.25,5.25,1.1931818181818181,2.7260070309880806,2.2846535116852484,False,hypothetical / unsourced
1.25,5.5,1.1956521739130435,2.7260070309880806,2.279933153190031,False,hypothetical / unsourced
1.25,5.75,1.1979166666666667,2.7260070309880806,2.2756232606509195,False,hypothetical / unsourced
1.25,6.0,1.2,2.7260070309880806,2.2716725258234005,False,hypothetical / unsourced
1.25,6.25,1.2019230769230769,2.7260070309880806,2.268037849782083,False,hypothetical / unsourced
1.25,6.5,1.2037037037037037,2.7260070309880806,2.2646827642054825,False,hypothetical / unsourced
1.25,6.75,1.2053571428571428,2.7260070309880806,2.2615762034864075,False,hypothetical / unsourced
1.25,7.0,1.206896551724138,2.7260070309880806,2.2586915399615526,False,hypothetical / unsourced
1.25,7.25,1.2083333333333333,2.7260070309880806,2.2560058187487564,False,hypothetical / unsourced
1.25,7.5,1.2096774193548387,2.7260070309880806,2.2534991456168134,False,hypothetical / unsourced
1.25,7.75,1.2109375,2.7260070309880806,2.251154193332092,False,hypothetical / unsourced
1.25,8.0,1.2121212121212122,2.7260070309880806,2.2489558005651666,False,hypothetical / unsourced
1.5,1.0,1.0,2.7260070309880806,2.7260070309880806,False,hypothetical / unsourced
1.5,1.25,1.0714285714285714,2.7260070309880806,2.5442732289222088,False,hypothetical / unsourced
1.5,1.5,1.125,2.7260070309880806,2.423117360878294,False,hypothetical / unsourced
1.5,1.75,1.1666666666666667,2.7260070309880806,2.3365774551326406,False,hypothetical / unsourced
1.5,2.0,1.2,2.7260070309880806,2.2716725258234005,False,hypothetical / unsourced
1.5,2.25,1.2272727272727273,2.7260070309880806,2.221190914138436,False,hypothetical / unsourced
1.5,2.5,1.25,2.7260070309880806,2.1808056247904646,False,hypothetical / unsourced
1.5,2.75,1.2692307692307692,2.7260070309880806,2.1477631153239423,False,hypothetical / unsourced
1.5,3.0,1.2857142857142858,2.7260070309880806,2.120227690768507,False,hypothetical / unsourced
1.5,3.25,1.3,2.7260070309880806,2.0969284853754466,False,hypothetical / unsourced
1.5,3.5,1.3125,2.7260070309880806,2.0769577378956803,False,hypothetical / unsourced
1.5,3.75,1.3235294117647058,2.7260070309880806,2.0596497567465497,False,hypothetical / unsourced
1.5,4.0,1.3333333333333333,2.7260070309880806,2.0445052732410605,False,hypothetical / unsourced
1.5,4.25,1.3421052631578947,2.7260070309880806,2.0311424936773936,False,hypothetical / unsourced
1.5,4.5,1.35,2.7260070309880806,2.0192644673985782,False,hypothetical / unsourced
1.5,4.75,1.3571428571428572,2.7260070309880806,2.0086367596754275,False,hypothetical / unsourced
1.5,5.0,1.3636363636363635,2.7260070309880806,1.9990718227245925,False,hypothetical / unsourced
1.5,5.25,1.3695652173913044,2.7260070309880806,1.990417832150027,False,hypothetical / unsourced
1.5,5.5,1.375,2.7260070309880806,1.9825505679913313,False,hypothetical / unsourced
1.5,5.75,1.38,2.7260070309880806,1.9753674137594788,False,hypothetical / unsourced
1.5,6.0,1.3846153846153846,2.7260070309880806,1.9687828557136138,False,hypothetical / unsourced
1.5,6.25,1.3888888888888888,2.7260070309880806,1.962725062311418,False,hypothetical / unsourced
1.5,6.5,1.3928571428571428,2.7260070309880806,1.9571332530170835,False,hypothetical / unsourced
1.5,6.75,1.396551724137931,2.7260070309880806,1.9519556518186256,False,hypothetical / unsourced
1.5,7.0,1.4,2.7260070309880806,1.9471478792772006,False,hypothetical / unsourced
1.5,7.25,1.403225806451613,2.7260070309880806,1.9426716772558734,False,hypothetical / unsourced
1.5,7.5,1.40625,2.7260070309880806,1.938493888702635,False,hypothetical / unsourced
1.5,7.75,1.4090909090909092,2.7260070309880806,1.9345856348947668,False,hypothetical / unsourced
1.5,8.0,1.411764705882353,2.7260070309880806,1.9309216469498902,False,hypothetical / unsourced
1.75,1.0,1.0,2.7260070309880806,2.7260070309880806,False,hypothetical / unsourced
1.75,1.25,1.09375,2.7260070309880806,2.4923492854748166,False,hypothetical / unsourced
1.75,1.5,1.1666666666666667,2.7260070309880806,2.3365774551326406,False,hypothetical / unsourced
1.75,1.75,1.225,2.7260070309880806,2.225311862031086,False,hypothetical / unsourced
1.75,2.0,1.2727272727272727,2.7260070309880806,2.1418626672049204,False,hypothetical / unsourced
1.75,2.25,1.3125,2.7260070309880806,2.0769577378956803,False,hypothetical / unsourced
1.75,2.5,1.3461538461538463,2.7260070309880806,2.025033794448288,False,hypothetical / unsourced
1.75,2.75,1.375,2.7260070309880806,1.9825505679913313,False,hypothetical / unsourced
1.75,3.0,1.4,2.7260070309880806,1.9471478792772006,False,hypothetical / unsourced
1.75,3.25,1.421875,2.7260070309880806,1.9171917580575513,False,hypothetical / unsourced
1.75,3.5,1.4411764705882353,2.7260070309880806,1.8915150827264233,False,hypothetical / unsourced
1.75,3.75,1.4583333333333333,2.7260070309880806,1.8692619641061126,False,hypothetical / unsourced
1.75,4.0,1.4736842105263157,2.7260070309880806,1.8497904853133404,False,hypothetical / unsourced
1.75,4.25,1.4875,2.7260070309880806,1.8326097687314826,False,hypothetical / unsourced
1.75,4.5,1.5,2.7260070309880806,1.8173380206587204,False,hypothetical / unsourced
1.75,4.75,1.5113636363636365,2.7260070309880806,1.8036738250146698,False,hypothetical / unsourced
1.75,5.0,1.5217391304347827,2.7260070309880806,1.7913760489350243,False,hypothetical / unsourced
1.75,5.25,1.53125,2.7260070309880806,1.780249489624869,False,hypothetical / unsourced
1.75,5.5,1.54,2.7260070309880806,1.7701344357065458,False,hypothetical / unsourced
1.75,5.75,1.5480769230769231,2.7260070309880806,1.7608989516941638,False,hypothetical / unsourced
1.75,6.0,1.5555555555555556,2.7260070309880806,1.7524330913494803,False,hypothetical / unsourced
1.75,6.25,1.5625,2.7260070309880806,1.7446444998323716,False,hypothetical / unsourced
1.75,6.5,1.5689655172413792,2.7260070309880806,1.737455030739656,False,hypothetical / unsourced
1.75,6.75,1.575,2.7260070309880806,1.7307981149130671,False,hypothetical / unsourced
1.75,7.0,1.5806451612903225,2.7260070309880806,1.7246166930740918,False,hypothetical / unsourced
1.75,7.25,1.5859375,2.7260070309880806,1.7188615761895287,False,hypothetical / unsourced
1.75,7.5,1.5909090909090908,2.7260070309880806,1.7134901337639366,False,hypothetical / unsourced
1.75,7.75,1.5955882352941178,2.7260070309880806,1.708465236010963,False,hypothetical / unsourced
1.75,8.0,1.6,2.7260070309880806,1.7037543943675504,False,hypothetical / unsourced
2.0,1.0,1.0,2.7260070309880806,2.7260070309880806,False,hypothetical / unsourced
2.0,1.25,1.1111111111111112,2.7260070309880806,2.4534063278892724,False,hypothetical / unsourced
2.0,1.5,1.2,2.7260070309880806,2.2716725258234005,False,hypothetical / unsourced
2.0,1.75,1.2727272727272727,2.7260070309880806,2.1418626672049204,False,hypothetical / unsourced
2.0,2.0,1.3333333333333333,2.7260070309880806,2.0445052732410605,False,hypothetical / unsourced
2.0,2.25,1.3846153846153846,2.7260070309880806,1.9687828557136138,False,hypothetical / unsourced
2.0,2.5,1.4285714285714286,2.7260070309880806,1.9082049216916563,False,hypothetical / unsourced
2.0,2.75,1.4666666666666666,2.7260070309880806,1.8586411574918733,False,hypothetical / unsourced
2.0,3.0,1.5,2.7260070309880806,1.8173380206587204,False,hypothetical / unsourced
2.0,3.25,1.5294117647058822,2.7260070309880806,1.7823892125691299,False,hypothetical / unsourced
2.0,3.5,1.5555555555555556,2.7260070309880806,1.7524330913494803,False,hypothetical / unsourced
2.0,3.75,1.5789473684210527,2.7260070309880806,1.7264711196257843,False,hypothetical / unsourced
2.0,4.0,1.6,2.7260070309880806,1.7037543943675504,False,hypothetical / unsourced
2.0,4.25,1.619047619047619,2.7260070309880806,1.6837102250220497,False,hypothetical / unsourced
2.0,4.5,1.6363636363636365,2.7260070309880806,1.665893185603827,False,hypothetical / unsourced
2.0,4.75,1.6521739130434783,2.7260070309880806,1.6499516240191014,False,hypothetical / unsourced
2.0,5.0,1.6666666666666667,2.7260070309880806,1.6356042185928483,False,hypothetical / unsourced
2.0,5.25,1.68,2.7260070309880806,1.6226232327310004,False,hypothetical / unsourced
2.0,5.5,1.6923076923076923,2.7260070309880806,1.6108223364929568,False,hypothetical / unsourced
2.0,5.75,1.7037037037037037,2.7260070309880806,1.6000476051451777,False,hypothetical / unsourced
2.0,6.0,1.7142857142857142,2.7260070309880806,1.5901707680763804,False,hypothetical / unsourced
2.0,6.25,1.7241379310344827,2.7260070309880806,1.5810840779730868,False,hypothetical / unsourced
2.0,6.5,1.7333333333333334,2.7260070309880806,1.572696364031585,False,hypothetical / unsourced
2.0,6.75,1.7419354838709677,2.7260070309880806,1.5649299622338981,False,hypothetical / unsourced
2.0,7.0,1.75,2.7260070309880806,1.5577183034217603,False,hypothetical / unsourced
2.0,7.25,1.7575757575757576,2.7260070309880806,1.55100400038977,False,hypothetical / unsourced
2.0,7.5,1.7647058823529411,2.7260070309880806,1.5447373175599124,False,hypothetical / unsourced
2.0,7.75,1.7714285714285714,2.7260070309880806,1.53887493684811,False,hypothetical / unsourced
2.0,8.0,1.7777777777777777,2.7260070309880806,1.5333789549307955,False,hypothetical / unsourced
2.25,1.0,1.0,2.7260070309880806,2.7260070309880806,False,hypothetical / unsourced
2.25,1.25,1.125,2.7260070309880806,2.423117360878294,False,hypothetical / unsourced
2.25,1.5,1.2272727272727273,2.7260070309880806,2.221190914138436,False,hypothetical / unsourced
2.25,1.75,1.3125,2.7260070309880806,2.0769577378956803,False,hypothetical / unsourced
2.25,2.0,1.3846153846153846,2.7260070309880806,1.9687828557136138,False,hypothetical / unsourced
2.25,2.25,1.4464285714285714,2.7260070309880806,1.884646836238673,False,hypothetical / unsourced
2.25,2.5,1.5,2.7260070309880806,1.8173380206587204,False,hypothetical / unsourced
2.25,2.75,1.546875,2.7260070309880806,1.7622671715478502,False,hypothetical / unsourced
2.25,3.0,1.588235294117647,2.7260070309880806,1.7163747972887915,False,hypothetical / unsourced
2.25,3.25,1.625,2.7260070309880806,1.6775427883003573,False,hypothetical / unsourced
2.25,3.5,1.6578947368421053,2.7260070309880806,1.6442582091674136,False,hypothetical / unsourced
2.25,3.75,1.6875,2.7260070309880806,1.6154115739188626,False,hypothetical / unsourced
2.25,4.0,1.7142857142857142,2.7260070309880806,1.5901707680763804,False,hypothetical / unsourced
2.25,4.25,1.7386363636363635,2.7260070309880806,1.567899468803602,False,hypothetical / unsourced
2.25,4.5,1.7608695652173914,2.7260070309880806,1.54810275833891,False,hypothetical / unsourced
2.25,4.75,1.78125,2.7260070309880806,1.5303899121336593,False,hypothetical / unsourced
2.25,5.0,1.8,2.7260070309880806,1.5144483505489337,False,hypothetical / unsourced
2.25,5.25,1.8173076923076923,2.7260070309880806,1.500025032924658,False,hypothetical / unsourced
2.25,5.5,1.8333333333333333,2.7260070309880806,1.4869129259934986,False,hypothetical / unsourced
2.25,5.75,1.8482142857142858,2.7260070309880806,1.474941002273744,False,hypothetical / unsourced
2.25,6.0,1.8620689655172413,2.7260070309880806,1.4639667388639692,False,hypothetical / unsourced
2.25,6.25,1.875,2.7260070309880806,1.4538704165269762,False,hypothetical / unsourced
2.25,6.5,1.8870967741935485,2.7260070309880806,1.4445507343697521,False,hypothetical / unsourced
2.25,6.75,1.8984375,2.7260070309880806,1.435921399038989,False,hypothetical / unsourced
2.25,7.0,1.9090909090909092,2.7260070309880806,1.4279084448032802,False,hypothetical / unsourced
2.25,7.25,1.9191176470588236,2.7260070309880806,1.4204481081010687,False,hypothetical / unsourced
2.25,7.5,1.9285714285714286,2.7260070309880806,1.4134851271790048,False,hypothetical / unsourced
2.25,7.75,1.9375,2.7260070309880806,1.4069713708325577,False,hypothetical / unsourced
2.25,8.0,1.945945945945946,2.7260070309880806,1.4008647242577636,False,hypothetical / unsourced
2.5,1.0,1.0,2.7260070309880806,2.7260070309880806,False,hypothetical / unsourced
2.5,1.25,1.1363636363636365,2.7260070309880806,2.3988861872695106,False,hypothetical / unsourced
2.5,1.5,1.25,2.7260070309880806,2.1808056247904646,False,hypothetical / unsourced
2.5,1.75,1.3461538461538463,2.7260070309880806,2.025033794448288,False,hypothetical / unsourced
2.5,2.0,1.4285714285714286,2.7260070309880806,1.9082049216916563,False,hypothetical / unsourced
2.5,2.25,1.5,2.7260070309880806,1.8173380206587204,False,hypothetical / unsourced
2.5,2.5,1.5625,2.7260070309880806,1.7446444998323716,False,hypothetical / unsourced
2.5,2.75,1.6176470588235294,2.7260070309880806,1.6851679827926316,False,hypothetical / unsourced
2.5,3.0,1.6666666666666667,2.7260070309880806,1.6356042185928483,False,hypothetical / unsourced
2.5,3.25,1.7105263157894737,2.7260070309880806,1.5936656488853393,False,hypothetical / unsourced
2.5,3.5,1.75,2.7260070309880806,1.5577183034217603,False,hypothetical / unsourced
2.5,3.75,1.7857142857142858,2.7260070309880806,1.526563937353325,False,hypothetical / unsourced
2.5,4.0,1.8181818181818181,2.7260070309880806,1.4993038670434444,False,hypothetical / unsourced
2.5,4.25,1.8478260869565217,2.7260070309880806,1.4752508638288437,False,hypothetical / unsourced
2.5,4.5,1.875,2.7260070309880806,1.4538704165269762,False,hypothetical / unsourced
2.5,4.75,1.9,2.7260070309880806,1.4347405426253057,False,hypothetical / unsourced
2.5,5.0,1.9230769230769231,2.7260070309880806,1.4175236561138018,False,hypothetical / unsourced
2.5,5.25,1.9444444444444444,2.7260070309880806,1.4019464730795843,False,hypothetical / unsourced
2.5,5.5,1.9642857142857142,2.7260070309880806,1.387785397593932,False,hypothetical / unsourced
2.5,5.75,1.9827586206896552,2.7260070309880806,1.3748557199765972,False,hypothetical / unsourced
2.5,6.0,2.0,2.7260070309880806,1.3630035154940403,False,hypothetical / unsourced
2.5,6.25,2.0161290322580645,2.7260070309880806,1.352099487370088,False,hypothetical / unsourced
2.5,6.5,2.03125,2.7260070309880806,1.342034230640286,False,hypothetical / unsourced
2.5,6.75,2.0454545454545454,2.7260070309880806,1.3327145484830616,False,hypothetical / unsourced
2.5,7.0,2.0588235294117645,2.7260070309880806,1.3240605579084965,False,hypothetical / unsourced
2.5,7.25,2.0714285714285716,2.7260070309880806,1.3160033942701077,False,hypothetical / unsourced
2.5,7.5,2.0833333333333335,2.7260070309880806,1.3084833748742786,False,hypothetical / unsourced
2.5,7.75,2.0945945945945947,2.7260070309880806,1.3014485180201159,False,hypothetical / unsourced
2.5,8.0,2.1052631578947367,2.7260070309880806,1.2948533397193385,False,hypothetical / unsourced
2.75,1.0,1.0,2.7260070309880806,2.7260070309880806,False,hypothetical / unsourced
2.75,1.25,1.1458333333333333,2.7260070309880806,2.3790606815895976,False,hypothetical / unsourced
2.75,1.5,1.2692307692307692,2.7260070309880806,2.1477631153239423,False,hypothetical / unsourced
2.75,1.75,1.375,2.7260070309880806,1.9825505679913313,False,hypothetical / unsourced
2.75,2.0,1.4666666666666666,2.7260070309880806,1.8586411574918733,False,hypothetical / unsourced
2.75,2.25,1.546875,2.7260070309880806,1.7622671715478502,False,hypothetical / unsourced
2.75,2.5,1.6176470588235294,2.7260070309880806,1.6851679827926316,False,hypothetical / unsourced
2.75,2.75,1.6805555555555556,2.7260070309880806,1.6220868283565437,False,hypothetical / unsourced
2.75,3.0,1.736842105263158,2.7260070309880806,1.569519199659804,False,hypothetical / unsourced
2.75,3.25,1.7875,2.7260070309880806,1.5250388984548702,False,hypothetical / unsourced
2.75,3.5,1.8333333333333333,2.7260070309880806,1.4869129259934986,False,hypothetical / unsourced
2.75,3.75,1.875,2.7260070309880806,1.4538704165269762,False,hypothetical / unsourced
2.75,4.0,1.9130434782608696,2.7260070309880806,1.4249582207437694,False,hypothetical / unsourced
2.75,4.25,1.9479166666666667,2.7260070309880806,1.3994474597585869,False,hypothetical / unsourced
2.75,4.5,1.98,2.7260070309880806,1.3767712277717579,False,hypothetical / unsourced
2.75,4.75,2.0096153846153846,2.7260070309880806,1.3564819675730162,False,hypothetical / unsourced
2.75,5.0,2.037037037037037,2.7260070309880806,1.3382216333941486,False,hypothetical / unsourced
2.75,5.25,2.0625,2.7260070309880806,1.3217003786608876,False,hypothetical / unsourced
2.75,5.5,2.086206896551724,2.7260070309880806,1.3066810561761046,False,hypothetical / unsourced
2.75,5.75,2.1083333333333334,2.7260070309880806,1.292967761733477,False,hypothetical / unsourced
2.75,6.0,2.129032258064516,2.7260070309880806,1.280397241827735,False,hypothetical / unsourced
2.75,6.25,2.1484375,2.7260070309880806,1.268832363514452,False,hypothetical / unsourced
2.75,6.5,2.1666666666666665,2.7260070309880806,1.258157091225268,False,hypothetical / unsourced
2.75,6.75,2.1838235294117645,2.7260070309880806,1.2482725798463938,False,hypothetical / unsourced
2.75,7.0,2.2,2.7260070309880806,1.239094104994582,False,hypothetical / unsourced
2.75,7.25,2.2152777777777777,2.7260070309880806,1.2305486284084126,False,hypothetical / unsourced
2.75,7.5,2.22972972972973,2.7260070309880806,1.222572850261321,False,hypothetical / unsourced
2.75,7.75,2.2434210526315788,2.7260070309880806,1.2151116384462999,False,hypothetical / unsourced
2.75,8.0,2.2564102564102564,2.7260070309880806,1.2081167523697176,False,hypothetical / unsourced
3.0,1.0,1.0,2.7260070309880806,2.7260070309880806,False,hypothetical / unsourced
3.0,1.25,1.1538461538461537,2.7260070309880806,2.362539426856337,False,hypothetical / unsourced
3.0,1.5,1.2857142857142858,2.7260070309880806,2.120227690768507,False,hypothetical / unsourced
3.0,1.75,1.4,2.7260070309880806,1.9471478792772006,False,hypothetical / unsourced
3.0,2.0,1.5,2.7260070309880806,1.8173380206587204,False,hypothetical / unsourced
3.0,2.25,1.588235294117647,2.7260070309880806,1.7163747972887915,False,hypothetical / unsourced
3.0,2.5,1.6666666666666667,2.7260070309880806,1.6356042185928483,False,hypothetical / unsourced
3.0,2.75,1.736842105263158,2.7260070309880806,1.569519199659804,False,hypothetical / unsourced
3.0,3.0,1.8,2.7260070309880806,1.5144483505489337,False,hypothetical / unsourced
3.0,3.25,1.8571428571428572,2.7260070309880806,1.4678499397628126,False,hypothetical / unsourced
3.0,3.5,1.9090909090909092,2.7260070309880806,1.4279084448032802,False,hypothetical / unsourced
3.0,3.75,1.9565217391304348,2.7260070309880806,1.393292482505019,False,hypothetical / unsourced
3.0,4.0,2.0,2.7260070309880806,1.3630035154940403,False,hypothetical / unsourced
3.0,4.25,2.04,2.7260070309880806,1.3362779563667062,False,hypothetical / unsourced
3.0,4.5,2.076923076923077,2.7260070309880806,1.3125219038090759,False,hypothetical / unsourced
3.0,4.75,2.111111111111111,2.7260070309880806,1.291266488362775,False,hypothetical / unsourced
3.0,5.0,2.142857142857143,2.7260070309880806,1.2721366144611044,False,hypothetical / unsourced
3.0,5.25,2.1724137931034484,2.7260070309880806,1.2548286333119736,False,hypothetical / unsourced
3.0,5.5,2.2,2.7260070309880806,1.239094104994582,False,hypothetical / unsourced
3.0,5.75,2.225806451612903,2.7260070309880806,1.224727796530877,False,hypothetical / unsourced
3.0,6.0,2.25,2.7260070309880806,1.211558680439147,False,hypothetical / unsourced
3.0,6.25,2.272727272727273,2.7260070309880806,1.1994430936347553,False,hypothetical / unsourced
3.0,6.5,2.2941176470588234,2.7260070309880806,1.1882594750460864,False,hypothetical / unsourced
3.0,6.75,2.3142857142857145,2.7260070309880806,1.1779042726491706,False,hypothetical / unsourced
3.0,7.0,2.3333333333333335,2.7260070309880806,1.1682887275663203,False,hypothetical / unsourced
3.0,7.25,2.3513513513513513,2.7260070309880806,1.1593363235236664,False,hypothetical / unsourced
3.0,7.5,2.3684210526315788,2.7260070309880806,1.1509807464171897,False,hypothetical / unsourced
3.0,7.75,2.3846153846153846,2.7260070309880806,1.1431642388014531,False,hypothetical / unsourced
3.0,8.0,2.4,2.7260070309880806,1.1358362629117003,False,hypothetical / unsourced
3.25,1.0,1.0,2.7260070309880806,2.7260070309880806,False,hypothetical / unsourced
3.25,1.25,1.1607142857142858,2.7260070309880806,2.3485599036205,False,hypothetical / unsourced
3.25,1.5,1.3,2.7260070309880806,2.0969284853754466,False,hypothetical / unsourced
3.25,1.75,1.421875,2.7260070309880806,1.9171917580575513,False,hypothetical / unsourced
3.25,2.0,1.5294117647058822,2.7260070309880806,1.7823892125691299,False,hypothetical / unsourced
3.25,2.25,1.625,2.7260070309880806,1.6775427883003573,False,hypothetical / unsourced
3.25,2.5,1.7105263157894737,2.7260070309880806,1.5936656488853393,False,hypothetical / unsourced
3.25,2.75,1.7875,2.7260070309880806,1.5250388984548702,False,hypothetical / unsourced
3.25,3.0,1.8571428571428572,2.7260070309880806,1.4678499397628126,False,hypothetical / unsourced
3.25,3.25,1.9204545454545454,2.7260070309880806,1.4194592824079946,False,hypothetical / unsourced
3.25,3.5,1.9782608695652173,2.7260070309880806,1.377981576103865,False,hypothetical / unsourced
3.25,3.75,2.03125,2.7260070309880806,1.342034230640286,False,hypothetical / unsourced
3.25,4.0,2.08,2.7260070309880806,1.3105803033596541,False,hypothetical / unsourced
3.25,4.25,2.125,2.7260070309880806,1.282826838112038,False,hypothetical / unsourced
3.25,4.5,2.1666666666666665,2.7260070309880806,1.258157091225268,False,hypothetical / unsourced
3.25,4.75,2.205357142857143,2.7260070309880806,1.2360841598002632,False,hypothetical / unsourced
3.25,5.0,2.2413793103448274,2.7260070309880806,1.2162185215177592,False,hypothetical / unsourced
3.25,5.25,2.275,2.7260070309880806,1.1982448487859696,False,hypothetical / unsourced
3.25,5.5,2.306451612903226,2.7260070309880806,1.1819051463025243,False,hypothetical / unsourced
3.25,5.75,2.3359375,2.7260070309880806,1.1669862875132921,False,hypothetical / unsourced
3.25,6.0,2.3636363636363638,2.7260070309880806,1.1533106669564956,False,hypothetical / unsourced
3.25,6.25,2.389705882352941,2.7260070309880806,1.1407290960442429,False,hypothetical / unsourced
3.25,6.5,2.414285714285714,2.7260070309880806,1.1291153382790866,False,hypothetical / unsourced
3.25,6.75,2.4375,2.7260070309880806,1.1183618588669049,False,hypothetical / unsourced
3.25,7.0,2.4594594594594597,2.7260070309880806,1.1083764851270217,False,hypothetical / unsourced
3.25,7.25,2.4802631578947367,2.7260070309880806,1.0990797578519582,False,hypothetical / unsourced
3.25,7.5,2.5,2.7260070309880806,1.0904028123952323,False,hypothetical / unsourced
3.25,7.75,2.51875,2.7260070309880806,1.0822856698711982,False,hypothetical / unsourced
3.25,8.0,2.5365853658536586,2.7260070309880806,1.0746758487549164,False,hypothetical / unsourced
3.5,1.0,1.0,2.7260070309880806,2.7260070309880806,False,hypothetical / unsourced
3.5,1.25,1.1666666666666667,2.7260070309880806,2.3365774551326406,False,hypothetical / unsourced
3.5,1.5,1.3125,2.7260070309880806,2.0769577378956803,False,hypothetical / unsourced
3.5,1.75,1.4411764705882353,2.7260070309880806,1.8915150827264233,False,hypothetical / unsourced
3.5,2.0,1.5555555555555556,2.7260070309880806,1.7524330913494803,False,hypothetical / unsourced
3.5,2.25,1.6578947368421053,2.7260070309880806,1.6442582091674136,False,hypothetical / unsourced
3.5,2.5,1.75,2.7260070309880806,1.5577183034217603,False,hypothetical / unsourced
3.5,2.75,1.8333333333333333,2.7260070309880806,1.4869129259934986,False,hypothetical / unsourced
3.5,3.0,1.9090909090909092,2.7260070309880806,1.4279084448032802,False,hypothetical / unsourced
3.5,3.25,1.9782608695652173,2.7260070309880806,1.377981576103865,False,hypothetical / unsourced
3.5,3.5,2.0416666666666665,2.7260070309880806,1.3351871172186518,False,hypothetical / unsourced
3.5,3.75,2.1,2.7260070309880806,1.2980985861848002,False,hypothetical / unsourced
3.5,4.0,2.1538461538461537,2.7260070309880806,1.2656461215301804,False,hypothetical / unsourced
3.5,4.25,2.2037037037037037,2.7260070309880806,1.237011593893751,False,hypothetical / unsourced
3.5,4.5,2.25,2.7260070309880806,1.211558680439147,False,hypothetical / unsourced
3.5,4.75,2.293103448275862,2.7260070309880806,1.188785021032396,False,hypothetical / unsourced
3.5,5.0,2.3333333333333335,2.7260070309880806,1.1682887275663203,False,hypothetical / unsourced
3.5,5.25,2.370967741935484,2.7260070309880806,1.1497444620493944,False,hypothetical / unsourced
3.5,5.5,2.40625,2.7260070309880806,1.1328860388521893,False,hypothetical / unsourced
3.5,5.75,2.4393939393939394,2.7260070309880806,1.1174935654982194,False,hypothetical / unsourced
3.5,6.0,2.4705882352941178,2.7260070309880806,1.1033837982570802,False,hypothetical / unsourced
3.5,6.25,2.5,2.7260070309880806,1.0904028123952323,False,hypothetical / unsourced
3.5,6.5,2.5277777777777777,2.7260070309880806,1.0784203639073726,False,hypothetical / unsourced
3.5,6.75,2.554054054054054,2.7260070309880806,1.0673255041963914,False,hypothetical / unsourced
3.5,7.0,2.5789473684210527,2.7260070309880806,1.057023134464766,False,hypothetical / unsourced
3.5,7.25,2.6025641025641026,2.7260070309880806,1.047431272990494,False,hypothetical / unsourced
3.5,7.5,2.625,2.7260070309880806,1.0384788689478401,False,hypothetical / unsourced
3.5,7.75,2.6463414634146343,2.7260070309880806,1.030104039359551,False,hypothetical / unsourced
3.5,8.0,2.6666666666666665,2.7260070309880806,1.0222526366205302,False,hypothetical / unsourced
3.75,1.0,1.0,2.7260070309880806,2.7260070309880806,False,hypothetical / unsourced
3.75,1.25,1.171875,2.7260070309880806,2.3261926664431622,False,hypothetical / unsourced
3.75,1.5,1.3235294117647058,2.7260070309880806,2.0596497567465497,False,hypothetical / unsourced
3.75,1.75,1.4583333333333333,2.7260070309880806,1.8692619641061126,False,hypothetical / unsourced
3.75,2.0,1.5789473684210527,2.7260070309880806,1.7264711196257843,False,hypothetical / unsourced
3.75,2.25,1.6875,2.7260070309880806,1.6154115739188626,False,hypothetical / unsourced
3.75,2.5,1.7857142857142858,2.7260070309880806,1.526563937353325,False,hypothetical / unsourced
3.75,2.75,1.875,2.7260070309880806,1.4538704165269762,False,hypothetical / unsourced
3.75,3.0,1.9565217391304348,2.7260070309880806,1.393292482505019,False,hypothetical / unsourced
3.75,3.25,2.03125,2.7260070309880806,1.342034230640286,False,hypothetical / unsourced
3.75,3.5,2.1,2.7260070309880806,1.2980985861848002,False,hypothetical / unsourced
3.75,3.75,2.1634615384615383,2.7260070309880806,1.260021027656713,False,hypothetical / unsourced
3.75,4.0,2.2222222222222223,2.7260070309880806,1.2267031639446362,False,hypothetical / unsourced
3.75,4.25,2.2767857142857144,2.7260070309880806,1.1973050489045687,False,hypothetical / unsourced
3.75,4.5,2.3275862068965516,2.7260070309880806,1.1711733910911755,False,hypothetical / unsourced
3.75,4.75,2.375,2.7260070309880806,1.1477924341002446,False,hypothetical / unsourced
3.75,5.0,2.4193548387096775,2.7260070309880806,1.1267495728084067,False,hypothetical / unsourced
3.75,5.25,2.4609375,2.7260070309880806,1.1077107935443629,False,hypothetical / unsourced
3.75,5.5,2.5,2.7260070309880806,1.0904028123952323,False,hypothetical / unsourced
3.75,5.75,2.536764705882353,2.7260070309880806,1.0745998730851565,False,hypothetical / unsourced
3.75,6.0,2.5714285714285716,2.7260070309880806,1.0601138453842536,False,hypothetical / unsourced
3.75,6.25,2.6041666666666665,2.7260070309880806,1.046786699899423,False,hypothetical / unsourced
3.75,6.5,2.635135135135135,2.7260070309880806,1.034484719451887,False,hypothetical / unsourced
3.75,6.75,2.664473684210526,2.7260070309880806,1.0230939968152797,False,hypothetical / unsourced
3.75,7.0,2.6923076923076925,2.7260070309880806,1.012516897224144,False,hypothetical / unsourced
3.75,7.25,2.71875,2.7260070309880806,1.002669252777225,False,hypothetical / unsourced
3.75,7.5,2.7439024390243905,2.7260070309880806,0.9934781179601004,True,hypothetical / unsourced
3.75,7.75,2.767857142857143,2.7260070309880806,0.9848799595827904,True,hypothetical / unsourced
3.75,8.0,2.7906976744186047,2.7260070309880806,0.9768191861040622,True,hypothetical / unsourced
4.0,1.0,1.0,2.7260070309880806,2.7260070309880806,False,hypothetical / unsourced
4.0,1.25,1.1764705882352942,2.7260070309880806,2.3171059763398683,False,hypothetical / unsourced
4.0,1.5,1.3333333333333333,2.7260070309880806,2.0445052732410605,False,hypothetical / unsourced
4.0,1.75,1.4736842105263157,2.7260070309880806,1.8497904853133404,False,hypothetical / unsourced
4.0,2.0,1.6,2.7260070309880806,1.7037543943675504,False,hypothetical / unsourced
4.0,2.25,1.7142857142857142,2.7260070309880806,1.5901707680763804,False,hypothetical / unsourced
4.0,2.5,1.8181818181818181,2.7260070309880806,1.4993038670434444,False,hypothetical / unsourced
4.0,2.75,1.9130434782608696,2.7260070309880806,1.4249582207437694,False,hypothetical / unsourced
4.0,3.0,2.0,2.7260070309880806,1.3630035154940403,False,hypothetical / unsourced
4.0,3.25,2.08,2.7260070309880806,1.3105803033596541,False,hypothetical / unsourced
4.0,3.5,2.1538461538461537,2.7260070309880806,1.2656461215301804,False,hypothetical / unsourced
4.0,3.75,2.2222222222222223,2.7260070309880806,1.2267031639446362,False,hypothetical / unsourced
4.0,4.0,2.2857142857142856,2.7260070309880806,1.1926280760572854,False,hypothetical / unsourced
4.0,4.25,2.3448275862068964,2.7260070309880806,1.1625618220390346,False,hypothetical / unsourced
4.0,4.5,2.4,2.7260070309880806,1.1358362629117003,False,hypothetical / unsourced
4.0,4.75,2.4516129032258065,2.7260070309880806,1.1119239205346119,False,hypothetical / unsourced
4.0,5.0,2.5,2.7260070309880806,1.0904028123952323,False,hypothetical / unsourced
4.0,5.25,2.5454545454545454,2.7260070309880806,1.0709313336024602,False,hypothetical / unsourced
4.0,5.5,2.588235294117647,2.7260070309880806,1.0532299892453947,False,hypothetical / unsourced
4.0,5.75,2.6285714285714286,2.7260070309880806,1.0370678922237264,False,hypothetical / unsourced
4.0,6.0,2.6666666666666665,2.7260070309880806,1.0222526366205302,False,hypothetical / unsourced
4.0,6.25,2.7027027027027026,2.7260070309880806,1.00862260146559,False,hypothetical / unsourced
4.0,6.5,2.736842105263158,2.7260070309880806,0.9960410305533371,True,hypothetical / unsourced
4.0,6.75,2.769230769230769,2.7260070309880806,0.9843914278568069,True,hypothetical / unsourced
4.0,7.0,2.8,2.7260070309880806,0.9735739396386003,True,hypothetical / unsourced
4.0,7.25,2.8292682926829267,2.7260070309880806,0.9635024850906148,True,hypothetical / unsourced
4.0,7.5,2.857142857142857,2.7260070309880806,0.9541024608458282,True,hypothetical / unsourced
4.0,7.75,2.883720930232558,2.7260070309880806,0.9453088897781248,True,hypothetical / unsourced
4.0,8.0,2.909090909090909,2.7260070309880806,0.9370649169021527,True,hypothetical / unsourced
4.25,1.0,1.0,2.7260070309880806,2.7260070309880806,False,hypothetical / unsourced
4.25,1.25,1.1805555555555556,2.7260070309880806,2.3090883086016682,False,hypothetical / unsourced
4.25,1.5,1.3421052631578947,2.7260070309880806,2.0311424936773936,False,hypothetical / unsourced
4.25,1.75,1.4875,2.7260070309880806,1.8326097687314826,False,hypothetical / unsourced
4.25,2.0,1.619047619047619,2.7260070309880806,1.6837102250220497,False,hypothetical / unsourced
4.25,2.25,1.7386363636363635,2.7260070309880806,1.567899468803602,False,hypothetical / unsourced
4.25,2.5,1.8478260869565217,2.7260070309880806,1.4752508638288437,False,hypothetical / unsourced
4.25,2.75,1.9479166666666667,2.7260070309880806,1.3994474597585869,False,hypothetical / unsourced
4.25,3.0,2.04,2.7260070309880806,1.3362779563667062,False,hypothetical / unsourced
4.25,3.25,2.125,2.7260070309880806,1.282826838112038,False,hypothetical / unsourced
4.25,3.5,2.2037037037037037,2.7260070309880806,1.237011593893751,False,hypothetical / unsourced
4.25,3.75,2.2767857142857144,2.7260070309880806,1.1973050489045687,False,hypothetical / unsourced
4.25,4.0,2.3448275862068964,2.7260070309880806,1.1625618220390346,False,hypothetical / unsourced
4.25,4.25,2.408333333333333,2.7260070309880806,1.131906033628269,False,hypothetical / unsourced
4.25,4.5,2.467741935483871,2.7260070309880806,1.1046564439298103,False,hypothetical / unsourced
4.25,4.75,2.5234375,2.7260070309880806,1.0802752320943478,False,hypothetical / unsourced
4.25,5.0,2.5757575757575757,2.7260070309880806,1.0583321414424314,False,hypothetical / unsourced
4.25,5.25,2.625,2.7260070309880806,1.0384788689478401,False,hypothetical / unsourced
4.25,5.5,2.6714285714285713,2.7260070309880806,1.020430439407303,False,hypothetical / unsourced
4.25,5.75,2.7152777777777777,2.7260070309880806,1.0039514385224646,False,hypothetical / unsourced
4.25,6.0,2.7567567567567566,2.7260070309880806,0.9888456877113626,True,hypothetical / unsourced
4.25,6.25,2.7960526315789473,2.7260070309880806,0.9749483969651488,True,hypothetical / unsourced
4.25,6.5,2.8333333333333335,2.7260070309880806,0.9621201285840284,True,hypothetical / unsourced
4.25,6.75,2.86875,2.7260070309880806,0.9502421023052133,True,hypothetical / unsourced
4.25,7.0,2.902439024390244,2.7260070309880806,0.939212506474885,True,hypothetical / unsourced
4.25,7.25,2.9345238095238093,2.7260070309880806,0.9289435724259586,True,hypothetical / unsourced
4.25,7.5,2.9651162790697674,2.7260070309880806,0.9193592339802938,True,hypothetical / unsourced
4.25,7.75,2.9943181818181817,2.7260070309880806,0.9103932399504786,True,hypothetical / unsourced
4.25,8.0,3.022222222222222,2.7260070309880806,0.9019876205475267,True,hypothetical / unsourced
4.5,1.0,1.0,2.7260070309880806,2.7260070309880806,False,hypothetical / unsourced
4.5,1.25,1.1842105263157894,2.7260070309880806,2.3019614928343795,False,hypothetical / unsourced
4.5,1.5,1.35,2.7260070309880806,2.0192644673985782,False,hypothetical / unsourced
4.5,1.75,1.5,2.7260070309880806,1.8173380206587204,False,hypothetical / unsourced
4.5,2.0,1.6363636363636365,2.7260070309880806,1.665893185603827,False,hypothetical / unsourced
4.5,2.25,1.7608695652173914,2.7260070309880806,1.54810275833891,False,hypothetical / unsourced
4.5,2.5,1.875,2.7260070309880806,1.4538704165269762,False,hypothetical / unsourced
4.5,2.75,1.98,2.7260070309880806,1.3767712277717579,False,hypothetical / unsourced
4.5,3.0,2.076923076923077,2.7260070309880806,1.3125219038090759,False,hypothetical / unsourced
4.5,3.25,2.1666666666666665,2.7260070309880806,1.258157091225268,False,hypothetical / unsourced
4.5,3.5,2.25,2.7260070309880806,1.211558680439147,False,hypothetical / unsourced
4.5,3.75,2.3275862068965516,2.7260070309880806,1.1711733910911755,False,hypothetical / unsourced
4.5,4.0,2.4,2.7260070309880806,1.1358362629117003,False,hypothetical / unsourced
4.5,4.25,2.467741935483871,2.7260070309880806,1.1046564439298103,False,hypothetical / unsourced
4.5,4.5,2.53125,2.7260070309880806,1.0769410492792417,False,hypothetical / unsourced
4.5,4.75,2.590909090909091,2.7260070309880806,1.0521430645918908,False,hypothetical / unsourced
4.5,5.0,2.6470588235294117,2.7260070309880806,1.0298248783732749,False,hypothetical / unsourced
4.5,5.25,2.7,2.7260070309880806,1.0096322336992891,False,hypothetical / unsourced
4.5,5.5,2.75,2.7260070309880806,0.9912752839956657,True,hypothetical / unsourced
4.5,5.75,2.7972972972972974,2.7260070309880806,0.9745145907880095,True,hypothetical / unsourced
4.5,6.0,2.8421052631578947,2.7260070309880806,0.9591506220143247,True,hypothetical / unsourced
4.5,6.25,2.8846153846153846,2.7260070309880806,0.9450157707425346,True,hypothetical / unsourced
4.5,6.5,2.925,2.7260070309880806,0.9319682157224208,True,hypothetical / unsourced
4.5,6.75,2.9634146341463414,2.7260070309880806,0.9198871462593523,True,hypothetical / unsourced
4.5,7.0,3.0,2.7260070309880806,0.9086690103293602,True,hypothetical / unsourced
4.5,7.25,3.0348837209302326,2.7260070309880806,0.8982245389462641,True,hypothetical / unsourced
4.5,7.5,3.0681818181818183,2.7260070309880806,0.8884763656553744,True,hypothetical / unsourced
4.5,7.75,3.1,2.7260070309880806,0.8793571067703485,True,hypothetical / unsourced
4.5,8.0,3.130434782608696,2.7260070309880806,0.8708078015656369,True,hypothetical / unsourced
4.75,1.0,1.0,2.7260070309880806,2.7260070309880806,False,hypothetical / unsourced
4.75,1.25,1.1875,2.7260070309880806,2.295584868200489,False,hypothetical / unsourced
4.75,1.5,1.3571428571428572,2.7260070309880806,2.0086367596754275,False,hypothetical / unsourced
4.75,1.75,1.5113636363636365,2.7260070309880806,1.8036738250146698,False,hypothetical / unsourced
4.75,2.0,1.6521739130434783,2.7260070309880806,1.6499516240191014,False,hypothetical / unsourced
4.75,2.25,1.78125,2.7260070309880806,1.5303899121336593,False,hypothetical / unsourced
4.75,2.5,1.9,2.7260070309880806,1.4347405426253057,False,hypothetical / unsourced
4.75,2.75,2.0096153846153846,2.7260070309880806,1.3564819675730162,False,hypothetical / unsourced
4.75,3.0,2.111111111111111,2.7260070309880806,1.291266488362775,False,hypothetical / unsourced
4.75,3.25,2.205357142857143,2.7260070309880806,1.2360841598002632,False,hypothetical / unsourced
4.75,3.5,2.293103448275862,2.7260070309880806,1.188785021032396,False,hypothetical / unsourced
4.75,3.75,2.375,2.7260070309880806,1.1477924341002446,False,hypothetical / unsourced
4.75,4.0,2.4516129032258065,2.7260070309880806,1.1119239205346119,False,hypothetical / unsourced
4.75,4.25,2.5234375,2.7260070309880806,1.0802752320943478,False,hypothetical / unsourced
4.75,4.5,2.590909090909091,2.7260070309880806,1.0521430645918908,False,hypothetical / unsourced
4.75,4.75,2.6544117647058822,2.7260070309880806,1.026972177879166,False,hypothetical / unsourced
4.75,5.0,2.7142857142857144,2.7260070309880806,1.0043183798377138,False,hypothetical / unsourced
4.75,5.25,2.7708333333333335,2.7260070309880806,0.983822086371638,True,hypothetical / unsourced
4.75,5.5,2.824324324324324,2.7260070309880806,0.9651890923115692,True,hypothetical / unsourced
4.75,5.75,2.875,2.7260070309880806,0.9481763586045497,True,hypothetical / unsourced
4.75,6.0,2.923076923076923,2.7260070309880806,0.9325813527064487,True,hypothetical / unsourced
4.75,6.25,2.96875,2.7260070309880806,0.9182339472801956,True,hypothetical / unsourced
4.75,6.5,3.0121951219512195,2.7260070309880806,0.9049901884251927,True,hypothetical / unsourced
4.75,6.75,3.0535714285714284,2.7260070309880806,0.8927274487446346,True,hypothetical / unsourced
4.75,7.0,3.0930232558139537,2.7260070309880806,0.8813406190412592,True,hypothetical / unsourced
4.75,7.25,3.1306818181818183,2.7260070309880806,0.8707390879381165,True,hypothetical / unsourced
4.75,7.5,3.1666666666666665,2.7260070309880806,0.8608443255751834,True,hypothetical / unsourced
4.75,7.75,3.2010869565217392,2.7260070309880806,0.8515879349776007,True,hypothetical / unsourced
4.75,8.0,3.234042553191489,2.7260070309880806,0.8429100687923671,True,hypothetical / unsourced
5.0,1.0,1.0,2.7260070309880806,2.7260070309880806,False,hypothetical / unsourced
5.0,1.25,1.1904761904761905,2.7260070309880806,2.2898459060299876,False,hypothetical / unsourced
5.0,1.5,1.3636363636363635,2.7260070309880806,1.9990718227245925,False,hypothetical / unsourced
5.0,1.75,1.5217391304347827,2.7260070309880806,1.7913760489350243,False,hypothetical / unsourced
5.0,2.0,1.6666666666666667,2.7260070309880806,1.6356042185928483,False,hypothetical / unsourced
5.0,2.25,1.8,2.7260070309880806,1.5144483505489337,False,hypothetical / unsourced
5.0,2.5,1.9230769230769231,2.7260070309880806,1.4175236561138018,False,hypothetical / unsourced
5.0,2.75,2.037037037037037,2.7260070309880806,1.3382216333941486,False,hypothetical / unsourced
5.0,3.0,2.142857142857143,2.7260070309880806,1.2721366144611044,False,hypothetical / unsourced
5.0,3.25,2.2413793103448274,2.7260070309880806,1.2162185215177592,False,hypothetical / unsourced
5.0,3.5,2.3333333333333335,2.7260070309880806,1.1682887275663203,False,hypothetical / unsourced
5.0,3.75,2.4193548387096775,2.7260070309880806,1.1267495728084067,False,hypothetical / unsourced
5.0,4.0,2.5,2.7260070309880806,1.0904028123952323,False,hypothetical / unsourced
5.0,4.25,2.5757575757575757,2.7260070309880806,1.0583321414424314,False,hypothetical / unsourced
5.0,4.5,2.6470588235294117,2.7260070309880806,1.0298248783732749,False,hypothetical / unsourced
5.0,4.75,2.7142857142857144,2.7260070309880806,1.0043183798377138,False,hypothetical / unsourced
5.0,5.0,2.7777777777777777,2.7260070309880806,0.981362531155709,True,hypothetical / unsourced
5.0,5.25,2.8378378378378377,2.7260070309880806,0.9605929537767522,True,hypothetical / unsourced
5.0,5.5,2.8947368421052633,2.7260070309880806,0.9417115197958823,True,hypothetical / unsourced
5.0,5.75,2.948717948717949,2.7260070309880806,0.924471949639436,True,hypothetical / unsourced
5.0,6.0,3.0,2.7260070309880806,0.9086690103293602,True,hypothetical / unsourced
5.0,6.25,3.048780487804878,2.7260070309880806,0.8941303061640904,True,hypothetical / unsourced
5.0,6.5,3.0952380952380953,2.7260070309880806,0.8807099638576875,True,hypothetical / unsourced
5.0,6.75,3.13953488372093,2.7260070309880806,0.8682837209813887,True,hypothetical / unsourced
5.0,7.0,3.1818181818181817,2.7260070309880806,0.8567450668819683,True,hypothetical / unsourced
5.0,7.25,3.2222222222222223,2.7260070309880806,0.8460021820307836,True,hypothetical / unsourced
5.0,7.5,3.260869565217391,2.7260070309880806,0.8359754895030115,True,hypothetical / unsourced
5.0,7.75,3.297872340425532,2.7260070309880806,0.8265956803641277,True,hypothetical / unsourced
5.0,8.0,3.3333333333333335,2.7260070309880806,0.8178021092964242,True,hypothetical / unsourced
5.25,1.0,1.0,2.7260070309880806,2.7260070309880806,False,hypothetical / unsourced
5.25,1.25,1.1931818181818181,2.7260070309880806,2.2846535116852484,False,hypothetical / unsourced
5.25,1.5,1.3695652173913044,2.7260070309880806,1.990417832150027,False,hypothetical / unsourced
5.25,1.75,1.53125,2.7260070309880806,1.780249489624869,False,hypothetical / unsourced
5.25,2.0,1.68,2.7260070309880806,1.6226232327310004,False,hypothetical / unsourced
5.25,2.25,1.8173076923076923,2.7260070309880806,1.500025032924658,False,hypothetical / unsourced
5.25,2.5,1.9444444444444444,2.7260070309880806,1.4019464730795843,False,hypothetical / unsourced
5.25,2.75,2.0625,2.7260070309880806,1.3217003786608876,False,hypothetical / unsourced
5.25,3.0,2.1724137931034484,2.7260070309880806,1.2548286333119736,False,hypothetical / unsourced
5.25,3.25,2.275,2.7260070309880806,1.1982448487859696,False,hypothetical / unsourced
5.25,3.5,2.370967741935484,2.7260070309880806,1.1497444620493944,False,hypothetical / unsourced
5.25,3.75,2.4609375,2.7260070309880806,1.1077107935443629,False,hypothetical / unsourced
5.25,4.0,2.5454545454545454,2.7260070309880806,1.0709313336024602,False,hypothetical / unsourced
5.25,4.25,2.625,2.7260070309880806,1.0384788689478401,False,hypothetical / unsourced
5.25,4.5,2.7,2.7260070309880806,1.0096322336992891,False,hypothetical / unsourced
5.25,4.75,2.7708333333333335,2.7260070309880806,0.983822086371638,True,hypothetical / unsourced
5.25,5.0,2.8378378378378377,2.7260070309880806,0.9605929537767522,True,hypothetical / unsourced
5.25,5.25,2.901315789473684,2.7260070309880806,0.9395761195242365,True,hypothetical / unsourced
5.25,5.5,2.9615384615384617,2.7260070309880806,0.9204699065674038,True,hypothetical / unsourced
5.25,5.75,3.01875,2.7260070309880806,0.9030251034329047,True,hypothetical / unsourced
5.25,6.0,3.073170731707317,2.7260070309880806,0.8870340338929469,True,hypothetical / unsourced
5.25,6.25,3.125,2.7260070309880806,0.8723222499161858,True,hypothetical / unsourced
5.25,6.5,3.1744186046511627,2.7260070309880806,0.8587421416299449,True,hypothetical / unsourced
5.25,6.75,3.221590909090909,2.7260070309880806,0.8461679672908328,True,hypothetical / unsourced
5.25,7.0,3.2666666666666666,2.7260070309880806,0.8344919482616574,True,hypothetical / unsourced
5.25,7.25,3.3097826086956523,2.7260070309880806,0.8236211719241491,True,hypothetical / unsourced
5.25,7.5,3.351063829787234,2.7260070309880806,0.8134751140091415,True,hypothetical / unsourced
5.25,7.75,3.390625,2.7260070309880806,0.8039836404757473,True,hypothetical / unsourced
5.25,8.0,3.4285714285714284,2.7260070309880806,0.7950853840381902,True,hypothetical / unsourced
5.5,1.0,1.0,2.7260070309880806,2.7260070309880806,False,hypothetical / unsourced
5.5,1.25,1.1956521739130435,2.7260070309880806,2.279933153190031,False,hypothetical / unsourced
5.5,1.5,1.375,2.7260070309880806,1.9825505679913313,False,hypothetical / unsourced
5.5,1.75,1.54,2.7260070309880806,1.7701344357065458,False,hypothetical / unsourced
5.5,2.0,1.6923076923076923,2.7260070309880806,1.6108223364929568,False,hypothetical / unsourced
5.5,2.25,1.8333333333333333,2.7260070309880806,1.4869129259934986,False,hypothetical / unsourced
5.5,2.5,1.9642857142857142,2.7260070309880806,1.387785397593932,False,hypothetical / unsourced
5.5,2.75,2.086206896551724,2.7260070309880806,1.3066810561761046,False,hypothetical / unsourced
5.5,3.0,2.2,2.7260070309880806,1.239094104994582,False,hypothetical / unsourced
5.5,3.25,2.306451612903226,2.7260070309880806,1.1819051463025243,False,hypothetical / unsourced
5.5,3.5,2.40625,2.7260070309880806,1.1328860388521893,False,hypothetical / unsourced
5.5,3.75,2.5,2.7260070309880806,1.0904028123952323,False,hypothetical / unsourced
5.5,4.0,2.588235294117647,2.7260070309880806,1.0532299892453947,False,hypothetical / unsourced
5.5,4.25,2.6714285714285713,2.7260070309880806,1.020430439407303,False,hypothetical / unsourced
5.5,4.5,2.75,2.7260070309880806,0.9912752839956657,True,hypothetical / unsourced
5.5,4.75,2.824324324324324,2.7260070309880806,0.9651890923115692,True,hypothetical / unsourced
5.5,5.0,2.8947368421052633,2.7260070309880806,0.9417115197958823,True,hypothetical / unsourced
5.5,5.25,2.9615384615384617,2.7260070309880806,0.9204699065674038,True,hypothetical / unsourced
5.5,5.5,3.025,2.7260070309880806,0.9011593490869688,True,hypothetical / unsourced
5.5,5.75,3.0853658536585367,2.7260070309880806,0.8835279705178759,True,hypothetical / unsourced
5.5,6.0,3.142857142857143,2.7260070309880806,0.8673658734962075,True,hypothetical / unsourced
5.5,6.25,3.197674418604651,2.7260070309880806,0.8524967442362725,True,hypothetical / unsourced
5.5,6.5,3.25,2.7260070309880806,0.8387713941501787,True,hypothetical / unsourced
5.5,6.75,3.3,2.7260070309880806,0.8260627366630547,True,hypothetical / unsourced
5.5,7.0,3.347826086956522,2.7260070309880806,0.814261840425011,True,hypothetical / unsourced
5.5,7.25,3.393617021276596,2.7260070309880806,0.8032747990999359,True,hypothetical / unsourced
5.5,7.5,3.4375,2.7260070309880806,0.7930202271965325,True,hypothetical / unsourced
5.5,7.75,3.479591836734694,2.7260070309880806,0.7834272405772196,True,hypothetical / unsourced
5.5,8.0,3.52,2.7260070309880806,0.7744338156216138,True,hypothetical / unsourced
5.75,1.0,1.0,2.7260070309880806,2.7260070309880806,False,hypothetical / unsourced
5.75,1.25,1.1979166666666667,2.7260070309880806,2.2756232606509195,False,hypothetical / unsourced
5.75,1.5,1.38,2.7260070309880806,1.9753674137594788,False,hypothetical / unsourced
5.75,1.75,1.5480769230769231,2.7260070309880806,1.7608989516941638,False,hypothetical / unsourced
5.75,2.0,1.7037037037037037,2.7260070309880806,1.6000476051451777,False,hypothetical / unsourced
5.75,2.25,1.8482142857142858,2.7260070309880806,1.474941002273744,False,hypothetical / unsourced
5.75,2.5,1.9827586206896552,2.7260070309880806,1.3748557199765972,False,hypothetical / unsourced
5.75,2.75,2.1083333333333334,2.7260070309880806,1.292967761733477,False,hypothetical / unsourced
5.75,3.0,2.225806451612903,2.7260070309880806,1.224727796530877,False,hypothetical / unsourced
5.75,3.25,2.3359375,2.7260070309880806,1.1669862875132921,False,hypothetical / unsourced
5.75,3.5,2.4393939393939394,2.7260070309880806,1.1174935654982194,False,hypothetical / unsourced
5.75,3.75,2.536764705882353,2.7260070309880806,1.0745998730851565,False,hypothetical / unsourced
5.75,4.0,2.6285714285714286,2.7260070309880806,1.0370678922237264,False,hypothetical / unsourced
5.75,4.25,2.7152777777777777,2.7260070309880806,1.0039514385224646,False,hypothetical / unsourced
5.75,4.5,2.7972972972972974,2.7260070309880806,0.9745145907880095,True,hypothetical / unsourced
5.75,4.75,2.875,2.7260070309880806,0.9481763586045497,True,hypothetical / unsourced
5.75,5.0,2.948717948717949,2.7260070309880806,0.924471949639436,True,hypothetical / unsourced
5.75,5.25,3.01875,2.7260070309880806,0.9030251034329047,True,hypothetical / unsourced
5.75,5.5,3.0853658536585367,2.7260070309880806,0.8835279705178759,True,hypothetical / unsourced
5.75,5.75,3.1488095238095237,2.7260070309880806,0.8657262404650238,True,hypothetical / unsourced
5.75,6.0,3.2093023255813953,2.7260070309880806,0.8494079879165759,True,hypothetical / unsourced
5.75,6.25,3.2670454545454546,2.7260070309880806,0.8343951955720038,True,hypothetical / unsourced
5.75,6.5,3.3222222222222224,2.7260070309880806,0.8205372334077834,True,hypothetical / unsourced
5.75,6.75,3.375,2.7260070309880806,0.8077057869594313,True,hypothetical / unsourced
5.75,7.0,3.425531914893617,2.7260070309880806,0.7957908724002472,True,hypothetical / unsourced
5.75,7.25,3.4739583333333335,2.7260070309880806,0.784697676086524,True,hypothetical / unsourced
5.75,7.5,3.520408163265306,2.7260070309880806,0.7743440261937157,True,hypothetical / unsourced
5.75,7.75,3.565,2.7260070309880806,0.7646583537133466,True,hypothetical / unsourced
5.75,8.0,3.607843137254902,2.7260070309880806,0.7555780357630006,True,hypothetical / unsourced
6.0,1.0,1.0,2.7260070309880806,2.7260070309880806,False,hypothetical / unsourced
6.0,1.25,1.2,2.7260070309880806,2.2716725258234005,False,hypothetical / unsourced
6.0,1.5,1.3846153846153846,2.7260070309880806,1.9687828557136138,False,hypothetical / unsourced
6.0,1.75,1.5555555555555556,2.7260070309880806,1.7524330913494803,False,hypothetical / unsourced
6.0,2.0,1.7142857142857142,2.7260070309880806,1.5901707680763804,False,hypothetical / unsourced
6.0,2.25,1.8620689655172413,2.7260070309880806,1.4639667388639692,False,hypothetical / unsourced
6.0,2.5,2.0,2.7260070309880806,1.3630035154940403,False,hypothetical / unsourced
6.0,2.75,2.129032258064516,2.7260070309880806,1.280397241827735,False,hypothetical / unsourced
6.0,3.0,2.25,2.7260070309880806,1.211558680439147,False,hypothetical / unsourced
6.0,3.25,2.3636363636363638,2.7260070309880806,1.1533106669564956,False,hypothetical / unsourced
6.0,3.5,2.4705882352941178,2.7260070309880806,1.1033837982570802,False,hypothetical / unsourced
6.0,3.75,2.5714285714285716,2.7260070309880806,1.0601138453842536,False,hypothetical / unsourced
6.0,4.0,2.6666666666666665,2.7260070309880806,1.0222526366205302,False,hypothetical / unsourced
6.0,4.25,2.7567567567567566,2.7260070309880806,0.9888456877113626,True,hypothetical / unsourced
6.0,4.5,2.8421052631578947,2.7260070309880806,0.9591506220143247,True,hypothetical / unsourced
6.0,4.75,2.923076923076923,2.7260070309880806,0.9325813527064487,True,hypothetical / unsourced
6.0,5.0,3.0,2.7260070309880806,0.9086690103293602,True,hypothetical / unsourced
6.0,5.25,3.073170731707317,2.7260070309880806,0.8870340338929469,True,hypothetical / unsourced
6.0,5.5,3.142857142857143,2.7260070309880806,0.8673658734962075,True,hypothetical / unsourced
6.0,5.75,3.2093023255813953,2.7260070309880806,0.8494079879165759,True,hypothetical / unsourced
6.0,6.0,3.272727272727273,2.7260070309880806,0.8329465928019135,True,hypothetical / unsourced
6.0,6.25,3.3333333333333335,2.7260070309880806,0.8178021092964242,True,hypothetical / unsourced
6.0,6.5,3.391304347826087,2.7260070309880806,0.8038225860605879,True,hypothetical / unsourced
6.0,6.75,3.4468085106382977,2.7260070309880806,0.7908785830644431,True,hypothetical / unsourced
6.0,7.0,3.5,2.7260070309880806,0.7788591517108802,True,hypothetical / unsourced
6.0,7.25,3.5510204081632653,2.7260070309880806,0.767668646657563,True,hypothetical / unsourced
6.0,7.5,3.6,2.7260070309880806,0.7572241752744668,True,hypothetical / unsourced
6.0,7.75,3.6470588235294117,2.7260070309880806,0.7474535407547963,True,hypothetical / unsourced
6.0,8.0,3.6923076923076925,2.7260070309880806,0.7382935708926052,True,hypothetical / unsourced
6.25,1.0,1.0,2.7260070309880806,2.7260070309880806,False,hypothetical / unsourced
6.25,1.25,1.2019230769230769,2.7260070309880806,2.268037849782083,False,hypothetical / unsourced
6.25,1.5,1.3888888888888888,2.7260070309880806,1.962725062311418,False,hypothetical / unsourced
6.25,1.75,1.5625,2.7260070309880806,1.7446444998323716,False,hypothetical / unsourced
6.25,2.0,1.7241379310344827,2.7260070309880806,1.5810840779730868,False,hypothetical / unsourced
6.25,2.25,1.875,2.7260070309880806,1.4538704165269762,False,hypothetical / unsourced
6.25,2.5,2.0161290322580645,2.7260070309880806,1.352099487370088,False,hypothetical / unsourced
6.25,2.75,2.1484375,2.7260070309880806,1.268832363514452,False,hypothetical / unsourced
6.25,3.0,2.272727272727273,2.7260070309880806,1.1994430936347553,False,hypothetical / unsourced
6.25,3.25,2.389705882352941,2.7260070309880806,1.1407290960442429,False,hypothetical / unsourced
6.25,3.5,2.5,2.7260070309880806,1.0904028123952323,False,hypothetical / unsourced
6.25,3.75,2.6041666666666665,2.7260070309880806,1.046786699899423,False,hypothetical / unsourced
6.25,4.0,2.7027027027027026,2.7260070309880806,1.00862260146559,False,hypothetical / unsourced
6.25,4.25,2.7960526315789473,2.7260070309880806,0.9749483969651488,True,hypothetical / unsourced
6.25,4.5,2.8846153846153846,2.7260070309880806,0.9450157707425346,True,hypothetical / unsourced
6.25,4.75,2.96875,2.7260070309880806,0.9182339472801956,True,hypothetical / unsourced
6.25,5.0,3.048780487804878,2.7260070309880806,0.8941303061640904,True,hypothetical / unsourced
6.25,5.25,3.125,2.7260070309880806,0.8723222499161858,True,hypothetical / unsourced
6.25,5.5,3.197674418604651,2.7260070309880806,0.8524967442362725,True,hypothetical / unsourced
6.25,5.75,3.2670454545454546,2.7260070309880806,0.8343951955720038,True,hypothetical / unsourced
6.25,6.0,3.3333333333333335,2.7260070309880806,0.8178021092964242,True,hypothetical / unsourced
6.25,6.25,3.3967391304347827,2.7260070309880806,0.802536469922891,True,hypothetical / unsourced
6.25,6.5,3.4574468085106385,2.7260070309880806,0.788445110501168,True,hypothetical / unsourced
6.25,6.75,3.515625,2.7260070309880806,0.775397555481054,True,hypothetical / unsourced
6.25,7.0,3.5714285714285716,2.7260070309880806,0.7632819686766625,True,hypothetical / unsourced
6.25,7.25,3.625,2.7260070309880806,0.7520019395829188,True,hypothetical / unsourced
6.25,7.5,3.676470588235294,2.7260070309880806,0.7414739124287579,True,hypothetical / unsourced
6.25,7.75,3.7259615384615383,2.7260070309880806,0.7316251128329301,True,hypothetical / unsourced
6.25,8.0,3.7735849056603774,2.7260070309880806,0.7223918632118413,True,hypothetical / unsourced
6.5,1.0,1.0,2.7260070309880806,2.7260070309880806,False,hypothetical / unsourced
6.5,1.25,1.2037037037037037,2.7260070309880806,2.2646827642054825,False,hypothetical / unsourced
6.5,1.5,1.3928571428571428,2.7260070309880806,1.9571332530170835,False,hypothetical / unsourced
6.5,1.75,1.5689655172413792,2.7260070309880806,1.737455030739656,False,hypothetical / unsourced
6.5,2.0,1.7333333333333334,2.7260070309880806,1.572696364031585,False,hypothetical / unsourced
6.5,2.25,1.8870967741935485,2.7260070309880806,1.4445507343697521,False,hypothetical / unsourced
6.5,2.5,2.03125,2.7260070309880806,1.342034230640286,False,hypothetical / unsourced
6.5,2.75,2.1666666666666665,2.7260070309880806,1.258157091225268,False,hypothetical / unsourced
6.5,3.0,2.2941176470588234,2.7260070309880806,1.1882594750460864,False,hypothetical / unsourced
6.5,3.25,2.414285714285714,2.7260070309880806,1.1291153382790866,False,hypothetical / unsourced
6.5,3.5,2.5277777777777777,2.7260070309880806,1.0784203639073726,False,hypothetical / unsourced
6.5,3.75,2.635135135135135,2.7260070309880806,1.034484719451887,False,hypothetical / unsourced
6.5,4.0,2.736842105263158,2.7260070309880806,0.9960410305533371,True,hypothetical / unsourced
6.5,4.25,2.8333333333333335,2.7260070309880806,0.9621201285840284,True,hypothetical / unsourced
6.5,4.5,2.925,2.7260070309880806,0.9319682157224208,True,hypothetical / unsourced
6.5,4.75,3.0121951219512195,2.7260070309880806,0.9049901884251927,True,hypothetical / unsourced
6.5,5.0,3.0952380952380953,2.7260070309880806,0.8807099638576875,True,hypothetical / unsourced
6.5,5.25,3.1744186046511627,2.7260070309880806,0.8587421416299449,True,hypothetical / unsourced
6.5,5.5,3.25,2.7260070309880806,0.8387713941501787,True,hypothetical / unsourced
6.5,5.75,3.3222222222222224,2.7260070309880806,0.8205372334077834,True,hypothetical / unsourced
6.5,6.0,3.391304347826087,2.7260070309880806,0.8038225860605879,True,hypothetical / unsourced
6.5,6.25,3.4574468085106385,2.7260070309880806,0.788445110501168,True,hypothetical / unsourced
6.5,6.5,3.5208333333333335,2.7260070309880806,0.774250517677088,True,hypothetical / unsourced
6.5,6.75,3.5816326530612246,2.7260070309880806,0.7611073761733103,True,hypothetical / unsourced
6.5,7.0,3.64,2.7260070309880806,0.7489030304912309,True,hypothetical / unsourced
6.5,7.25,3.696078431372549,2.7260070309880806,0.7375403638217087,True,hypothetical / unsourced
6.5,7.5,3.75,2.7260070309880806,0.7269352082634881,True,hypothetical / unsourced
6.5,7.75,3.80188679245283,2.7260070309880806,0.7170142562896689,True,hypothetical / unsourced
6.5,8.0,3.8518518518518516,2.7260070309880806,0.7077133638142132,True,hypothetical / unsourced
6.75,1.0,1.0,2.7260070309880806,2.7260070309880806,False,hypothetical / unsourced
6.75,1.25,1.2053571428571428,2.7260070309880806,2.2615762034864075,False,hypothetical / unsourced
6.75,1.5,1.396551724137931,2.7260070309880806,1.9519556518186256,False,hypothetical / unsourced
6.75,1.75,1.575,2.7260070309880806,1.7307981149130671,False,hypothetical / unsourced
6.75,2.0,1.7419354838709677,2.7260070309880806,1.5649299622338981,False,hypothetical / unsourced
6.75,2.25,1.8984375,2.7260070309880806,1.435921399038989,False,hypothetical / unsourced
6.75,2.5,2.0454545454545454,2.7260070309880806,1.3327145484830616,False,hypothetical / unsourced
6.75,2.75,2.1838235294117645,2.7260070309880806,1.2482725798463938,False,hypothetical / unsourced
6.75,3.0,2.3142857142857145,2.7260070309880806,1.1779042726491706,False,hypothetical / unsourced
6.75,3.25,2.4375,2.7260070309880806,1.1183618588669049,False,hypothetical / unsourced
6.75,3.5,2.554054054054054,2.7260070309880806,1.0673255041963914,False,hypothetical / unsourced
6.75,3.75,2.664473684210526,2.7260070309880806,1.0230939968152797,False,hypothetical / unsourced
6.75,4.0,2.769230769230769,2.7260070309880806,0.9843914278568069,True,hypothetical / unsourced
6.75,4.25,2.86875,2.7260070309880806,0.9502421023052133,True,hypothetical / unsourced
6.75,4.5,2.9634146341463414,2.7260070309880806,0.9198871462593523,True,hypothetical / unsourced
6.75,4.75,3.0535714285714284,2.7260070309880806,0.8927274487446346,True,hypothetical / unsourced
6.75,5.0,3.13953488372093,2.7260070309880806,0.8682837209813887,True,hypothetical / unsourced
6.75,5.25,3.221590909090909,2.7260070309880806,0.8461679672908328,True,hypothetical / unsourced
6.75,5.5,3.3,2.7260070309880806,0.8260627366630547,True,hypothetical / unsourced
6.75,5.75,3.375,2.7260070309880806,0.8077057869594313,True,hypothetical / unsourced
6.75,6.0,3.4468085106382977,2.7260070309880806,0.7908785830644431,True,hypothetical / unsourced
6.75,6.25,3.515625,2.7260070309880806,0.775397555481054,True,hypothetical / unsourced
6.75,6.5,3.5816326530612246,2.7260070309880806,0.7611073761733103,True,hypothetical / unsourced
6.75,6.75,3.645,2.7260070309880806,0.74787572866614,True,hypothetical / unsourced
6.75,7.0,3.7058823529411766,2.7260070309880806,0.7355891988380535,True,hypothetical / unsourced
6.75,7.25,3.764423076923077,2.7260070309880806,0.7241500158946625,True,hypothetical / unsourced
6.75,7.5,3.8207547169811322,2.7260070309880806,0.7134734451474977,True,hypothetical / unsourced
6.75,7.75,3.875,2.7260070309880806,0.7034856854162789,True,hypothetical / unsourced
6.75,8.0,3.9272727272727272,2.7260070309880806,0.6941221606682613,True,hypothetical / unsourced
7.0,1.0,1.0,2.7260070309880806,2.7260070309880806,False,hypothetical / unsourced
7.0,1.25,1.206896551724138,2.7260070309880806,2.2586915399615526,False,hypothetical / unsourced
7.0,1.5,1.4,2.7260070309880806,1.9471478792772006,False,hypothetical / unsourced
7.0,1.75,1.5806451612903225,2.7260070309880806,1.7246166930740918,False,hypothetical / unsourced
7.0,2.0,1.75,2.7260070309880806,1.5577183034217603,False,hypothetical / unsourced
7.0,2.25,1.9090909090909092,2.7260070309880806,1.4279084448032802,False,hypothetical / unsourced
7.0,2.5,2.0588235294117645,2.7260070309880806,1.3240605579084965,False,hypothetical / unsourced
7.0,2.75,2.2,2.7260070309880806,1.239094104994582,False,hypothetical / unsourced
7.0,3.0,2.3333333333333335,2.7260070309880806,1.1682887275663203,False,hypothetical / unsourced
7.0,3.25,2.4594594594594597,2.7260070309880806,1.1083764851270217,False,hypothetical / unsourced
7.0,3.5,2.5789473684210527,2.7260070309880806,1.057023134464766,False,hypothetical / unsourced
7.0,3.75,2.6923076923076925,2.7260070309880806,1.012516897224144,False,hypothetical / unsourced
7.0,4.0,2.8,2.7260070309880806,0.9735739396386003,True,hypothetical / unsourced
7.0,4.25,2.902439024390244,2.7260070309880806,0.939212506474885,True,hypothetical / unsourced
7.0,4.5,3.0,2.7260070309880806,0.9086690103293602,True,hypothetical / unsourced
7.0,4.75,3.0930232558139537,2.7260070309880806,0.8813406190412592,True,hypothetical / unsourced
7.0,5.0,3.1818181818181817,2.7260070309880806,0.8567450668819683,True,hypothetical / unsourced
7.0,5.25,3.2666666666666666,2.7260070309880806,0.8344919482616574,True,hypothetical / unsourced
7.0,5.5,3.347826086956522,2.7260070309880806,0.814261840425011,True,hypothetical / unsourced
7.0,5.75,3.425531914893617,2.7260070309880806,0.7957908724002472,True,hypothetical / unsourced
7.0,6.0,3.5,2.7260070309880806,0.7788591517108802,True,hypothetical / unsourced
7.0,6.25,3.5714285714285716,2.7260070309880806,0.7632819686766625,True,hypothetical / unsourced
7.0,6.5,3.64,2.7260070309880806,0.7489030304912309,True,hypothetical / unsourced
7.0,6.75,3.7058823529411766,2.7260070309880806,0.7355891988380535,True,hypothetical / unsourced
7.0,7.0,3.769230769230769,2.7260070309880806,0.723226355160103,True,hypothetical / unsourced
7.0,7.25,3.830188679245283,2.7260070309880806,0.7117161213909767,True,hypothetical / unsourced
7.0,7.5,3.888888888888889,2.7260070309880806,0.7009732365397922,True,hypothetical / unsourced
7.0,7.75,3.9454545454545453,2.7260070309880806,0.6909234410338453,True,hypothetical / unsourced
7.0,8.0,4.0,2.7260070309880806,0.6815017577470202,True,hypothetical / unsourced
7.25,1.0,1.0,2.7260070309880806,2.7260070309880806,False,hypothetical / unsourced
7.25,1.25,1.2083333333333333,2.7260070309880806,2.2560058187487564,False,hypothetical / unsourced
7.25,1.5,1.403225806451613,2.7260070309880806,1.9426716772558734,False,hypothetical / unsourced
7.25,1.75,1.5859375,2.7260070309880806,1.7188615761895287,False,hypothetical / unsourced
7.25,2.0,1.7575757575757576,2.7260070309880806,1.55100400038977,False,hypothetical / unsourced
7.25,2.25,1.9191176470588236,2.7260070309880806,1.4204481081010687,False,hypothetical / unsourced
7.25,2.5,2.0714285714285716,2.7260070309880806,1.3160033942701077,False,hypothetical / unsourced
7.25,2.75,2.2152777777777777,2.7260070309880806,1.2305486284084126,False,hypothetical / unsourced
7.25,3.0,2.3513513513513513,2.7260070309880806,1.1593363235236664,False,hypothetical / unsourced
7.25,3.25,2.4802631578947367,2.7260070309880806,1.0990797578519582,False,hypothetical / unsourced
7.25,3.5,2.6025641025641026,2.7260070309880806,1.047431272990494,False,hypothetical / unsourced
7.25,3.75,2.71875,2.7260070309880806,1.002669252777225,False,hypothetical / unsourced
7.25,4.0,2.8292682926829267,2.7260070309880806,0.9635024850906148,True,hypothetical / unsourced
7.25,4.25,2.9345238095238093,2.7260070309880806,0.9289435724259586,True,hypothetical / unsourced
7.25,4.5,3.0348837209302326,2.7260070309880806,0.8982245389462641,True,hypothetical / unsourced
7.25,4.75,3.1306818181818183,2.7260070309880806,0.8707390879381165,True,hypothetical / unsourced
7.25,5.0,3.2222222222222223,2.7260070309880806,0.8460021820307836,True,hypothetical / unsourced
7.25,5.25,3.3097826086956523,2.7260070309880806,0.8236211719241491,True,hypothetical / unsourced
7.25,5.5,3.393617021276596,2.7260070309880806,0.8032747990999359,True,hypothetical / unsourced
7.25,5.75,3.4739583333333335,2.7260070309880806,0.784697676086524,True,hypothetical / unsourced
7.25,6.0,3.5510204081632653,2.7260070309880806,0.767668646657563,True,hypothetical / unsourced
7.25,6.25,3.625,2.7260070309880806,0.7520019395829188,True,hypothetical / unsourced
7.25,6.5,3.696078431372549,2.7260070309880806,0.7375403638217087,True,hypothetical / unsourced
7.25,6.75,3.764423076923077,2.7260070309880806,0.7241500158946625,True,hypothetical / unsourced
7.25,7.0,3.830188679245283,2.7260070309880806,0.7117161213909767,True,hypothetical / unsourced
7.25,7.25,3.8935185185185186,2.7260070309880806,0.7001397368530623,True,hypothetical / unsourced
7.25,7.5,3.9545454545454546,2.7260070309880806,0.6893351112843422,True,hypothetical / unsourced
7.25,7.75,4.013392857142857,2.7260070309880806,0.679227558332959,True,hypothetical / unsourced
7.25,8.0,4.0701754385964914,2.7260070309880806,0.6697517274410371,True,hypothetical / unsourced
7.5,1.0,1.0,2.7260070309880806,2.7260070309880806,False,hypothetical / unsourced
7.5,1.25,1.2096774193548387,2.7260070309880806,2.2534991456168134,False,hypothetical / unsourced
7.5,1.5,1.40625,2.7260070309880806,1.938493888702635,False,hypothetical / unsourced
7.5,1.75,1.5909090909090908,2.7260070309880806,1.7134901337639366,False,hypothetical / unsourced
7.5,2.0,1.7647058823529411,2.7260070309880806,1.5447373175599124,False,hypothetical / unsourced
7.5,2.25,1.9285714285714286,2.7260070309880806,1.4134851271790048,False,hypothetical / unsourced
7.5,2.5,2.0833333333333335,2.7260070309880806,1.3084833748742786,False,hypothetical / unsourced
7.5,2.75,2.22972972972973,2.7260070309880806,1.222572850261321,False,hypothetical / unsourced
7.5,3.0,2.3684210526315788,2.7260070309880806,1.1509807464171897,False,hypothetical / unsourced
7.5,3.25,2.5,2.7260070309880806,1.0904028123952323,False,hypothetical / unsourced
7.5,3.5,2.625,2.7260070309880806,1.0384788689478401,False,hypothetical / unsourced
7.5,3.75,2.7439024390243905,2.7260070309880806,0.9934781179601004,True,hypothetical / unsourced
7.5,4.0,2.857142857142857,2.7260070309880806,0.9541024608458282,True,hypothetical / unsourced
7.5,4.25,2.9651162790697674,2.7260070309880806,0.9193592339802938,True,hypothetical / unsourced
7.5,4.5,3.0681818181818183,2.7260070309880806,0.8884763656553744,True,hypothetical / unsourced
7.5,4.75,3.1666666666666665,2.7260070309880806,0.8608443255751834,True,hypothetical / unsourced
7.5,5.0,3.260869565217391,2.7260070309880806,0.8359754895030115,True,hypothetical / unsourced
7.5,5.25,3.351063829787234,2.7260070309880806,0.8134751140091415,True,hypothetical / unsourced
7.5,5.5,3.4375,2.7260070309880806,0.7930202271965325,True,hypothetical / unsourced
7.5,5.75,3.520408163265306,2.7260070309880806,0.7743440261937157,True,hypothetical / unsourced
7.5,6.0,3.6,2.7260070309880806,0.7572241752744668,True,hypothetical / unsourced
7.5,6.25,3.676470588235294,2.7260070309880806,0.7414739124287579,True,hypothetical / unsourced
7.5,6.5,3.75,2.7260070309880806,0.7269352082634881,True,hypothetical / unsourced
7.5,6.75,3.8207547169811322,2.7260070309880806,0.7134734451474977,True,hypothetical / unsourced
7.5,7.0,3.888888888888889,2.7260070309880806,0.7009732365397922,True,hypothetical / unsourced
7.5,7.25,3.9545454545454546,2.7260070309880806,0.6893351112843422,True,hypothetical / unsourced
7.5,7.5,4.017857142857143,2.7260070309880806,0.6784728610459222,True,hypothetical / unsourced
7.5,7.75,4.078947368421052,2.7260070309880806,0.668311401145465,True,hypothetical / unsourced
7.5,8.0,4.137931034482759,2.7260070309880806,0.6587850324887861,True,hypothetical / unsourced
7.75,1.0,1.0,2.7260070309880806,2.7260070309880806,False,hypothetical / unsourced
7.75,1.25,1.2109375,2.7260070309880806,2.251154193332092,False,hypothetical / unsourced
7.75,1.5,1.4090909090909092,2.7260070309880806,1.9345856348947668,False,hypothetical / unsourced
7.75,1.75,1.5955882352941178,2.7260070309880806,1.708465236010963,False,hypothetical / unsourced
7.75,2.0,1.7714285714285714,2.7260070309880806,1.53887493684811,False,hypothetical / unsourced
7.75,2.25,1.9375,2.7260070309880806,1.4069713708325577,False,hypothetical / unsourced
7.75,2.5,2.0945945945945947,2.7260070309880806,1.3014485180201159,False,hypothetical / unsourced
7.75,2.75,2.2434210526315788,2.7260070309880806,1.2151116384462999,False,hypothetical / unsourced
7.75,3.0,2.3846153846153846,2.7260070309880806,1.1431642388014531,False,hypothetical / unsourced
7.75,3.25,2.51875,2.7260070309880806,1.0822856698711982,False,hypothetical / unsourced
7.75,3.5,2.6463414634146343,2.7260070309880806,1.030104039359551,False,hypothetical / unsourced
7.75,3.75,2.767857142857143,2.7260070309880806,0.9848799595827904,True,hypothetical / unsourced
7.75,4.0,2.883720930232558,2.7260070309880806,0.9453088897781248,True,hypothetical / unsourced
7.75,4.25,2.9943181818181817,2.7260070309880806,0.9103932399504786,True,hypothetical / unsourced
7.75,4.5,3.1,2.7260070309880806,0.8793571067703485,True,hypothetical / unsourced
7.75,4.75,3.2010869565217392,2.7260070309880806,0.8515879349776007,True,hypothetical / unsourced
7.75,5.0,3.297872340425532,2.7260070309880806,0.8265956803641277,True,hypothetical / unsourced
7.75,5.25,3.390625,2.7260070309880806,0.8039836404757473,True,hypothetical / unsourced
7.75,5.5,3.479591836734694,2.7260070309880806,0.7834272405772196,True,hypothetical / unsourced
7.75,5.75,3.565,2.7260070309880806,0.7646583537133466,True,hypothetical / unsourced
7.75,6.0,3.6470588235294117,2.7260070309880806,0.7474535407547963,True,hypothetical / unsourced
7.75,6.25,3.7259615384615383,2.7260070309880806,0.7316251128329301,True,hypothetical / unsourced
7.75,6.5,3.80188679245283,2.7260070309880806,0.7170142562896689,True,hypothetical / unsourced
7.75,6.75,3.875,2.7260070309880806,0.7034856854162789,True,hypothetical / unsourced
7.75,7.0,3.9454545454545453,2.7260070309880806,0.6909234410338453,True,hypothetical / unsourced
7.75,7.25,4.013392857142857,2.7260070309880806,0.679227558332959,True,hypothetical / unsourced
7.75,7.5,4.078947368421052,2.7260070309880806,0.668311401145465,True,hypothetical / unsourced
7.75,7.75,4.142241379310345,2.7260070309880806,0.6580995121636156,True,hypothetical / unsourced
7.75,8.0,4.203389830508475,2.7260070309880806,0.648525866243132,True,hypothetical / unsourced
8.0,1.0,1.0,2.7260070309880806,2.7260070309880806,False,hypothetical / unsourced
8.0,1.25,1.2121212121212122,2.7260070309880806,2.2489558005651666,False,hypothetical / unsourced
8.0,1.5,1.411764705882353,2.7260070309880806,1.9309216469498902,False,hypothetical / unsourced
8.0,1.75,1.6,2.7260070309880806,1.7037543943675504,False,hypothetical / unsourced
8.0,2.0,1.7777777777777777,2.7260070309880806,1.5333789549307955,False,hypothetical / unsourced
8.0,2.25,1.945945945945946,2.7260070309880806,1.4008647242577636,False,hypothetical / unsourced
8.0,2.5,2.1052631578947367,2.7260070309880806,1.2948533397193385,False,hypothetical / unsourced
8.0,2.75,2.2564102564102564,2.7260070309880806,1.2081167523697176,False,hypothetical / unsourced
8.0,3.0,2.4,2.7260070309880806,1.1358362629117003,False,hypothetical / unsourced
8.0,3.25,2.5365853658536586,2.7260070309880806,1.0746758487549164,False,hypothetical / unsourced
8.0,3.5,2.6666666666666665,2.7260070309880806,1.0222526366205302,False,hypothetical / unsourced
8.0,3.75,2.7906976744186047,2.7260070309880806,0.9768191861040622,True,hypothetical / unsourced
8.0,4.0,2.909090909090909,2.7260070309880806,0.9370649169021527,True,hypothetical / unsourced
8.0,4.25,3.022222222222222,2.7260070309880806,0.9019876205475267,True,hypothetical / unsourced
8.0,4.5,3.130434782608696,2.7260070309880806,0.8708078015656369,True,hypothetical / unsourced
8.0,4.75,3.234042553191489,2.7260070309880806,0.8429100687923671,True,hypothetical / unsourced
8.0,5.0,3.3333333333333335,2.7260070309880806,0.8178021092964242,True,hypothetical / unsourced
8.0,5.25,3.4285714285714284,2.7260070309880806,0.7950853840381902,True,hypothetical / unsourced
8.0,5.5,3.52,2.7260070309880806,0.7744338156216138,True,hypothetical / unsourced
8.0,5.75,3.607843137254902,2.7260070309880806,0.7555780357630006,True,hypothetical / unsourced
8.0,6.0,3.6923076923076925,2.7260070309880806,0.7382935708926052,True,hypothetical / unsourced
8.0,6.25,3.7735849056603774,2.7260070309880806,0.7223918632118413,True,hypothetical / unsourced
8.0,6.5,3.8518518518518516,2.7260070309880806,0.7077133638142132,True,hypothetical / unsourced
8.0,6.75,3.9272727272727272,2.7260070309880806,0.6941221606682613,True,hypothetical / unsourced
8.0,7.0,4.0,2.7260070309880806,0.6815017577470202,True,hypothetical / unsourced
8.0,7.25,4.0701754385964914,2.7260070309880806,0.6697517274410371,True,hypothetical / unsourced
8.0,7.5,4.137931034482759,2.7260070309880806,0.6587850324887861,True,hypothetical / unsourced
8.0,7.75,4.203389830508475,2.7260070309880806,0.648525866243132,True,hypothetical / unsourced
8.0,8.0,4.266666666666667,2.7260070309880806,0.6389078978878314,True,hypothetical / unsourced
