analysis_label,reference_minimum_each_sector_each_wave,singleton_treatment,row_quantity,row_wave,column_quantity,column_wave,covariance_pp2
training_population_sensitivity_first_delivery_reference,1,adjust,model_A_all_narrow_trained_gap,NFHS-4,model_A_all_narrow_trained_gap,NFHS-4,0.26347804585785256
training_population_sensitivity_first_delivery_reference,1,adjust,model_A_all_narrow_trained_gap,NFHS-4,model_B_first_delivery_trained_gap,NFHS-4,0.2702153067937873
training_population_sensitivity_first_delivery_reference,1,adjust,model_A_all_narrow_trained_gap,NFHS-4,B_minus_A_gap_difference,NFHS-4,0.006737260935934725
training_population_sensitivity_first_delivery_reference,1,adjust,model_A_all_narrow_trained_gap,NFHS-4,model_A_all_narrow_trained_gap,NFHS-5,0.0022805887947865726
training_population_sensitivity_first_delivery_reference,1,adjust,model_A_all_narrow_trained_gap,NFHS-4,model_B_first_delivery_trained_gap,NFHS-5,0.002178422951488048
training_population_sensitivity_first_delivery_reference,1,adjust,model_A_all_narrow_trained_gap,NFHS-4,B_minus_A_gap_difference,NFHS-5,-0.00010216584329852462
training_population_sensitivity_first_delivery_reference,1,adjust,model_B_first_delivery_trained_gap,NFHS-4,model_A_all_narrow_trained_gap,NFHS-4,0.2702153067937873
training_population_sensitivity_first_delivery_reference,1,adjust,model_B_first_delivery_trained_gap,NFHS-4,model_B_first_delivery_trained_gap,NFHS-4,0.5011526354199042
training_population_sensitivity_first_delivery_reference,1,adjust,model_B_first_delivery_trained_gap,NFHS-4,B_minus_A_gap_difference,NFHS-4,0.23093732862611685
training_population_sensitivity_first_delivery_reference,1,adjust,model_B_first_delivery_trained_gap,NFHS-4,model_A_all_narrow_trained_gap,NFHS-5,0.002847510473055007
training_population_sensitivity_first_delivery_reference,1,adjust,model_B_first_delivery_trained_gap,NFHS-4,model_B_first_delivery_trained_gap,NFHS-5,0.0025717985641785686
training_population_sensitivity_first_delivery_reference,1,adjust,model_B_first_delivery_trained_gap,NFHS-4,B_minus_A_gap_difference,NFHS-5,-0.00027571190887643894
training_population_sensitivity_first_delivery_reference,1,adjust,B_minus_A_gap_difference,NFHS-4,model_A_all_narrow_trained_gap,NFHS-4,0.006737260935934725
training_population_sensitivity_first_delivery_reference,1,adjust,B_minus_A_gap_difference,NFHS-4,model_B_first_delivery_trained_gap,NFHS-4,0.23093732862611685
training_population_sensitivity_first_delivery_reference,1,adjust,B_minus_A_gap_difference,NFHS-4,B_minus_A_gap_difference,NFHS-4,0.22420006769018214
training_population_sensitivity_first_delivery_reference,1,adjust,B_minus_A_gap_difference,NFHS-4,model_A_all_narrow_trained_gap,NFHS-5,0.0005669216782684351
training_population_sensitivity_first_delivery_reference,1,adjust,B_minus_A_gap_difference,NFHS-4,model_B_first_delivery_trained_gap,NFHS-5,0.0003933756126905208
training_population_sensitivity_first_delivery_reference,1,adjust,B_minus_A_gap_difference,NFHS-4,B_minus_A_gap_difference,NFHS-5,-0.0001735460655779143
training_population_sensitivity_first_delivery_reference,1,adjust,model_A_all_narrow_trained_gap,NFHS-5,model_A_all_narrow_trained_gap,NFHS-4,0.0022805887947865726
training_population_sensitivity_first_delivery_reference,1,adjust,model_A_all_narrow_trained_gap,NFHS-5,model_B_first_delivery_trained_gap,NFHS-4,0.002847510473055007
training_population_sensitivity_first_delivery_reference,1,adjust,model_A_all_narrow_trained_gap,NFHS-5,B_minus_A_gap_difference,NFHS-4,0.0005669216782684351
training_population_sensitivity_first_delivery_reference,1,adjust,model_A_all_narrow_trained_gap,NFHS-5,model_A_all_narrow_trained_gap,NFHS-5,0.24054956291745638
training_population_sensitivity_first_delivery_reference,1,adjust,model_A_all_narrow_trained_gap,NFHS-5,model_B_first_delivery_trained_gap,NFHS-5,0.2517129331628309
training_population_sensitivity_first_delivery_reference,1,adjust,model_A_all_narrow_trained_gap,NFHS-5,B_minus_A_gap_difference,NFHS-5,0.011163370245374529
training_population_sensitivity_first_delivery_reference,1,adjust,model_B_first_delivery_trained_gap,NFHS-5,model_A_all_narrow_trained_gap,NFHS-4,0.002178422951488048
training_population_sensitivity_first_delivery_reference,1,adjust,model_B_first_delivery_trained_gap,NFHS-5,model_B_first_delivery_trained_gap,NFHS-4,0.0025717985641785686
training_population_sensitivity_first_delivery_reference,1,adjust,model_B_first_delivery_trained_gap,NFHS-5,B_minus_A_gap_difference,NFHS-4,0.0003933756126905208
training_population_sensitivity_first_delivery_reference,1,adjust,model_B_first_delivery_trained_gap,NFHS-5,model_A_all_narrow_trained_gap,NFHS-5,0.2517129331628309
training_population_sensitivity_first_delivery_reference,1,adjust,model_B_first_delivery_trained_gap,NFHS-5,model_B_first_delivery_trained_gap,NFHS-5,0.4615655634614891
training_population_sensitivity_first_delivery_reference,1,adjust,model_B_first_delivery_trained_gap,NFHS-5,B_minus_A_gap_difference,NFHS-5,0.2098526302986582
training_population_sensitivity_first_delivery_reference,1,adjust,B_minus_A_gap_difference,NFHS-5,model_A_all_narrow_trained_gap,NFHS-4,-0.00010216584329852462
training_population_sensitivity_first_delivery_reference,1,adjust,B_minus_A_gap_difference,NFHS-5,model_B_first_delivery_trained_gap,NFHS-4,-0.00027571190887643894
training_population_sensitivity_first_delivery_reference,1,adjust,B_minus_A_gap_difference,NFHS-5,B_minus_A_gap_difference,NFHS-4,-0.0001735460655779143
training_population_sensitivity_first_delivery_reference,1,adjust,B_minus_A_gap_difference,NFHS-5,model_A_all_narrow_trained_gap,NFHS-5,0.011163370245374529
training_population_sensitivity_first_delivery_reference,1,adjust,B_minus_A_gap_difference,NFHS-5,model_B_first_delivery_trained_gap,NFHS-5,0.2098526302986582
training_population_sensitivity_first_delivery_reference,1,adjust,B_minus_A_gap_difference,NFHS-5,B_minus_A_gap_difference,NFHS-5,0.19868926005328366
training_population_sensitivity_first_delivery_reference,1,average,model_A_all_narrow_trained_gap,NFHS-4,model_A_all_narrow_trained_gap,NFHS-4,0.26382751471697513
training_population_sensitivity_first_delivery_reference,1,average,model_A_all_narrow_trained_gap,NFHS-4,model_B_first_delivery_trained_gap,NFHS-4,0.27101248037829057
training_population_sensitivity_first_delivery_reference,1,average,model_A_all_narrow_trained_gap,NFHS-4,B_minus_A_gap_difference,NFHS-4,0.0071849656613154214
training_population_sensitivity_first_delivery_reference,1,average,model_A_all_narrow_trained_gap,NFHS-4,model_A_all_narrow_trained_gap,NFHS-5,0.002360496010995537
training_population_sensitivity_first_delivery_reference,1,average,model_A_all_narrow_trained_gap,NFHS-4,model_B_first_delivery_trained_gap,NFHS-5,0.0022457097969288986
training_population_sensitivity_first_delivery_reference,1,average,model_A_all_narrow_trained_gap,NFHS-4,B_minus_A_gap_difference,NFHS-5,-0.00011478621406663875
training_population_sensitivity_first_delivery_reference,1,average,model_B_first_delivery_trained_gap,NFHS-4,model_A_all_narrow_trained_gap,NFHS-4,0.27101248037829057
training_population_sensitivity_first_delivery_reference,1,average,model_B_first_delivery_trained_gap,NFHS-4,model_B_first_delivery_trained_gap,NFHS-4,0.502770809194797
training_population_sensitivity_first_delivery_reference,1,average,model_B_first_delivery_trained_gap,NFHS-4,B_minus_A_gap_difference,NFHS-4,0.23175832881650646
training_population_sensitivity_first_delivery_reference,1,average,model_B_first_delivery_trained_gap,NFHS-4,model_A_all_narrow_trained_gap,NFHS-5,0.0028914276480852884
training_population_sensitivity_first_delivery_reference,1,average,model_B_first_delivery_trained_gap,NFHS-4,model_B_first_delivery_trained_gap,NFHS-5,0.002607224363315693
training_population_sensitivity_first_delivery_reference,1,average,model_B_first_delivery_trained_gap,NFHS-4,B_minus_A_gap_difference,NFHS-5,-0.00028420328476959497
training_population_sensitivity_first_delivery_reference,1,average,B_minus_A_gap_difference,NFHS-4,model_A_all_narrow_trained_gap,NFHS-4,0.0071849656613154214
training_population_sensitivity_first_delivery_reference,1,average,B_minus_A_gap_difference,NFHS-4,model_B_first_delivery_trained_gap,NFHS-4,0.23175832881650646
training_population_sensitivity_first_delivery_reference,1,average,B_minus_A_gap_difference,NFHS-4,B_minus_A_gap_difference,NFHS-4,0.22457336315519102
training_population_sensitivity_first_delivery_reference,1,average,B_minus_A_gap_difference,NFHS-4,model_A_all_narrow_trained_gap,NFHS-5,0.000530931637089751
training_population_sensitivity_first_delivery_reference,1,average,B_minus_A_gap_difference,NFHS-4,model_B_first_delivery_trained_gap,NFHS-5,0.0003615145663867947
training_population_sensitivity_first_delivery_reference,1,average,B_minus_A_gap_difference,NFHS-4,B_minus_A_gap_difference,NFHS-5,-0.00016941707070295623
training_population_sensitivity_first_delivery_reference,1,average,model_A_all_narrow_trained_gap,NFHS-5,model_A_all_narrow_trained_gap,NFHS-4,0.002360496010995537
training_population_sensitivity_first_delivery_reference,1,average,model_A_all_narrow_trained_gap,NFHS-5,model_B_first_delivery_trained_gap,NFHS-4,0.0028914276480852884
training_population_sensitivity_first_delivery_reference,1,average,model_A_all_narrow_trained_gap,NFHS-5,B_minus_A_gap_difference,NFHS-4,0.000530931637089751
training_population_sensitivity_first_delivery_reference,1,average,model_A_all_narrow_trained_gap,NFHS-5,model_A_all_narrow_trained_gap,NFHS-5,0.24158732165670288
training_population_sensitivity_first_delivery_reference,1,average,model_A_all_narrow_trained_gap,NFHS-5,model_B_first_delivery_trained_gap,NFHS-5,0.25288953020733534
training_population_sensitivity_first_delivery_reference,1,average,model_A_all_narrow_trained_gap,NFHS-5,B_minus_A_gap_difference,NFHS-5,0.011302208550632459
training_population_sensitivity_first_delivery_reference,1,average,model_B_first_delivery_trained_gap,NFHS-5,model_A_all_narrow_trained_gap,NFHS-4,0.0022457097969288986
training_population_sensitivity_first_delivery_reference,1,average,model_B_first_delivery_trained_gap,NFHS-5,model_B_first_delivery_trained_gap,NFHS-4,0.002607224363315693
training_population_sensitivity_first_delivery_reference,1,average,model_B_first_delivery_trained_gap,NFHS-5,B_minus_A_gap_difference,NFHS-4,0.0003615145663867947
training_population_sensitivity_first_delivery_reference,1,average,model_B_first_delivery_trained_gap,NFHS-5,model_A_all_narrow_trained_gap,NFHS-5,0.25288953020733534
training_population_sensitivity_first_delivery_reference,1,average,model_B_first_delivery_trained_gap,NFHS-5,model_B_first_delivery_trained_gap,NFHS-5,0.4632528639247575
training_population_sensitivity_first_delivery_reference,1,average,model_B_first_delivery_trained_gap,NFHS-5,B_minus_A_gap_difference,NFHS-5,0.21036333371742216
training_population_sensitivity_first_delivery_reference,1,average,B_minus_A_gap_difference,NFHS-5,model_A_all_narrow_trained_gap,NFHS-4,-0.00011478621406663875
training_population_sensitivity_first_delivery_reference,1,average,B_minus_A_gap_difference,NFHS-5,model_B_first_delivery_trained_gap,NFHS-4,-0.00028420328476959497
training_population_sensitivity_first_delivery_reference,1,average,B_minus_A_gap_difference,NFHS-5,B_minus_A_gap_difference,NFHS-4,-0.00016941707070295623
training_population_sensitivity_first_delivery_reference,1,average,B_minus_A_gap_difference,NFHS-5,model_A_all_narrow_trained_gap,NFHS-5,0.011302208550632459
training_population_sensitivity_first_delivery_reference,1,average,B_minus_A_gap_difference,NFHS-5,model_B_first_delivery_trained_gap,NFHS-5,0.21036333371742216
training_population_sensitivity_first_delivery_reference,1,average,B_minus_A_gap_difference,NFHS-5,B_minus_A_gap_difference,NFHS-5,0.1990611251667897
training_population_sensitivity_first_delivery_reference,1,zero_sensitivity_only,model_A_all_narrow_trained_gap,NFHS-4,model_A_all_narrow_trained_gap,NFHS-4,0.2628436683253698
training_population_sensitivity_first_delivery_reference,1,zero_sensitivity_only,model_A_all_narrow_trained_gap,NFHS-4,model_B_first_delivery_trained_gap,NFHS-4,0.27000193211684664
training_population_sensitivity_first_delivery_reference,1,zero_sensitivity_only,model_A_all_narrow_trained_gap,NFHS-4,B_minus_A_gap_difference,NFHS-4,0.007158263791476837
training_population_sensitivity_first_delivery_reference,1,zero_sensitivity_only,model_A_all_narrow_trained_gap,NFHS-4,model_A_all_narrow_trained_gap,NFHS-5,0.0023507062911291383
training_population_sensitivity_first_delivery_reference,1,zero_sensitivity_only,model_A_all_narrow_trained_gap,NFHS-4,model_B_first_delivery_trained_gap,NFHS-5,0.00223594229622211
training_population_sensitivity_first_delivery_reference,1,zero_sensitivity_only,model_A_all_narrow_trained_gap,NFHS-4,B_minus_A_gap_difference,NFHS-5,-0.00011476399490702844
training_population_sensitivity_first_delivery_reference,1,zero_sensitivity_only,model_B_first_delivery_trained_gap,NFHS-4,model_A_all_narrow_trained_gap,NFHS-4,0.27000193211684664
training_population_sensitivity_first_delivery_reference,1,zero_sensitivity_only,model_B_first_delivery_trained_gap,NFHS-4,model_B_first_delivery_trained_gap,NFHS-4,0.5008966079475204
training_population_sensitivity_first_delivery_reference,1,zero_sensitivity_only,model_B_first_delivery_trained_gap,NFHS-4,B_minus_A_gap_difference,NFHS-4,0.23089467583067383
training_population_sensitivity_first_delivery_reference,1,zero_sensitivity_only,model_B_first_delivery_trained_gap,NFHS-4,model_A_all_narrow_trained_gap,NFHS-5,0.0028797196648831518
training_population_sensitivity_first_delivery_reference,1,zero_sensitivity_only,model_B_first_delivery_trained_gap,NFHS-4,model_B_first_delivery_trained_gap,NFHS-5,0.002596195903633201
training_population_sensitivity_first_delivery_reference,1,zero_sensitivity_only,model_B_first_delivery_trained_gap,NFHS-4,B_minus_A_gap_difference,NFHS-5,-0.00028352376124995065
training_population_sensitivity_first_delivery_reference,1,zero_sensitivity_only,B_minus_A_gap_difference,NFHS-4,model_A_all_narrow_trained_gap,NFHS-4,0.007158263791476837
training_population_sensitivity_first_delivery_reference,1,zero_sensitivity_only,B_minus_A_gap_difference,NFHS-4,model_B_first_delivery_trained_gap,NFHS-4,0.23089467583067383
training_population_sensitivity_first_delivery_reference,1,zero_sensitivity_only,B_minus_A_gap_difference,NFHS-4,B_minus_A_gap_difference,NFHS-4,0.223736412039197
training_population_sensitivity_first_delivery_reference,1,zero_sensitivity_only,B_minus_A_gap_difference,NFHS-4,model_A_all_narrow_trained_gap,NFHS-5,0.0005290133737540134
training_population_sensitivity_first_delivery_reference,1,zero_sensitivity_only,B_minus_A_gap_difference,NFHS-4,model_B_first_delivery_trained_gap,NFHS-5,0.0003602536074110911
training_population_sensitivity_first_delivery_reference,1,zero_sensitivity_only,B_minus_A_gap_difference,NFHS-4,B_minus_A_gap_difference,NFHS-5,-0.00016875976634292221
training_population_sensitivity_first_delivery_reference,1,zero_sensitivity_only,model_A_all_narrow_trained_gap,NFHS-5,model_A_all_narrow_trained_gap,NFHS-4,0.0023507062911291383
training_population_sensitivity_first_delivery_reference,1,zero_sensitivity_only,model_A_all_narrow_trained_gap,NFHS-5,model_B_first_delivery_trained_gap,NFHS-4,0.0028797196648831518
training_population_sensitivity_first_delivery_reference,1,zero_sensitivity_only,model_A_all_narrow_trained_gap,NFHS-5,B_minus_A_gap_difference,NFHS-4,0.0005290133737540134
training_population_sensitivity_first_delivery_reference,1,zero_sensitivity_only,model_A_all_narrow_trained_gap,NFHS-5,model_A_all_narrow_trained_gap,NFHS-5,0.24023284148581459
training_population_sensitivity_first_delivery_reference,1,zero_sensitivity_only,model_A_all_narrow_trained_gap,NFHS-5,model_B_first_delivery_trained_gap,NFHS-5,0.2514714115377594
training_population_sensitivity_first_delivery_reference,1,zero_sensitivity_only,model_A_all_narrow_trained_gap,NFHS-5,B_minus_A_gap_difference,NFHS-5,0.01123857005194484
training_population_sensitivity_first_delivery_reference,1,zero_sensitivity_only,model_B_first_delivery_trained_gap,NFHS-5,model_A_all_narrow_trained_gap,NFHS-4,0.00223594229622211
training_population_sensitivity_first_delivery_reference,1,zero_sensitivity_only,model_B_first_delivery_trained_gap,NFHS-5,model_B_first_delivery_trained_gap,NFHS-4,0.002596195903633201
training_population_sensitivity_first_delivery_reference,1,zero_sensitivity_only,model_B_first_delivery_trained_gap,NFHS-5,B_minus_A_gap_difference,NFHS-4,0.0003602536074110911
training_population_sensitivity_first_delivery_reference,1,zero_sensitivity_only,model_B_first_delivery_trained_gap,NFHS-5,model_A_all_narrow_trained_gap,NFHS-5,0.2514714115377594
training_population_sensitivity_first_delivery_reference,1,zero_sensitivity_only,model_B_first_delivery_trained_gap,NFHS-5,model_B_first_delivery_trained_gap,NFHS-5,0.46065409255497186
training_population_sensitivity_first_delivery_reference,1,zero_sensitivity_only,model_B_first_delivery_trained_gap,NFHS-5,B_minus_A_gap_difference,NFHS-5,0.20918268101721246
training_population_sensitivity_first_delivery_reference,1,zero_sensitivity_only,B_minus_A_gap_difference,NFHS-5,model_A_all_narrow_trained_gap,NFHS-4,-0.00011476399490702844
training_population_sensitivity_first_delivery_reference,1,zero_sensitivity_only,B_minus_A_gap_difference,NFHS-5,model_B_first_delivery_trained_gap,NFHS-4,-0.00028352376124995065
training_population_sensitivity_first_delivery_reference,1,zero_sensitivity_only,B_minus_A_gap_difference,NFHS-5,B_minus_A_gap_difference,NFHS-4,-0.00016875976634292221
training_population_sensitivity_first_delivery_reference,1,zero_sensitivity_only,B_minus_A_gap_difference,NFHS-5,model_A_all_narrow_trained_gap,NFHS-5,0.01123857005194484
training_population_sensitivity_first_delivery_reference,1,zero_sensitivity_only,B_minus_A_gap_difference,NFHS-5,model_B_first_delivery_trained_gap,NFHS-5,0.20918268101721246
training_population_sensitivity_first_delivery_reference,1,zero_sensitivity_only,B_minus_A_gap_difference,NFHS-5,B_minus_A_gap_difference,NFHS-5,0.19794411096526762
training_population_sensitivity_first_delivery_reference,30,adjust,model_A_all_narrow_trained_gap,NFHS-4,model_A_all_narrow_trained_gap,NFHS-4,0.2468951573749825
training_population_sensitivity_first_delivery_reference,30,adjust,model_A_all_narrow_trained_gap,NFHS-4,model_B_first_delivery_trained_gap,NFHS-4,0.2550074055011585
training_population_sensitivity_first_delivery_reference,30,adjust,model_A_all_narrow_trained_gap,NFHS-4,B_minus_A_gap_difference,NFHS-4,0.008112248126176044
training_population_sensitivity_first_delivery_reference,30,adjust,model_A_all_narrow_trained_gap,NFHS-4,model_A_all_narrow_trained_gap,NFHS-5,0.0020814767577325573
training_population_sensitivity_first_delivery_reference,30,adjust,model_A_all_narrow_trained_gap,NFHS-4,model_B_first_delivery_trained_gap,NFHS-5,0.0021160795971065637
training_population_sensitivity_first_delivery_reference,30,adjust,model_A_all_narrow_trained_gap,NFHS-4,B_minus_A_gap_difference,NFHS-5,3.460283937400642e-05
training_population_sensitivity_first_delivery_reference,30,adjust,model_B_first_delivery_trained_gap,NFHS-4,model_A_all_narrow_trained_gap,NFHS-4,0.2550074055011585
training_population_sensitivity_first_delivery_reference,30,adjust,model_B_first_delivery_trained_gap,NFHS-4,model_B_first_delivery_trained_gap,NFHS-4,0.4680828727530774
training_population_sensitivity_first_delivery_reference,30,adjust,model_B_first_delivery_trained_gap,NFHS-4,B_minus_A_gap_difference,NFHS-4,0.21307546725191884
training_population_sensitivity_first_delivery_reference,30,adjust,model_B_first_delivery_trained_gap,NFHS-4,model_A_all_narrow_trained_gap,NFHS-5,0.0019506271770834932
training_population_sensitivity_first_delivery_reference,30,adjust,model_B_first_delivery_trained_gap,NFHS-4,model_B_first_delivery_trained_gap,NFHS-5,0.0019228263367665247
training_population_sensitivity_first_delivery_reference,30,adjust,model_B_first_delivery_trained_gap,NFHS-4,B_minus_A_gap_difference,NFHS-5,-2.7800840316968358e-05
training_population_sensitivity_first_delivery_reference,30,adjust,B_minus_A_gap_difference,NFHS-4,model_A_all_narrow_trained_gap,NFHS-4,0.008112248126176044
training_population_sensitivity_first_delivery_reference,30,adjust,B_minus_A_gap_difference,NFHS-4,model_B_first_delivery_trained_gap,NFHS-4,0.21307546725191884
training_population_sensitivity_first_delivery_reference,30,adjust,B_minus_A_gap_difference,NFHS-4,B_minus_A_gap_difference,NFHS-4,0.2049632191257428
training_population_sensitivity_first_delivery_reference,30,adjust,B_minus_A_gap_difference,NFHS-4,model_A_all_narrow_trained_gap,NFHS-5,-0.00013084958064906436
training_population_sensitivity_first_delivery_reference,30,adjust,B_minus_A_gap_difference,NFHS-4,model_B_first_delivery_trained_gap,NFHS-5,-0.00019325326034003913
training_population_sensitivity_first_delivery_reference,30,adjust,B_minus_A_gap_difference,NFHS-4,B_minus_A_gap_difference,NFHS-5,-6.240367969097479e-05
training_population_sensitivity_first_delivery_reference,30,adjust,model_A_all_narrow_trained_gap,NFHS-5,model_A_all_narrow_trained_gap,NFHS-4,0.0020814767577325573
training_population_sensitivity_first_delivery_reference,30,adjust,model_A_all_narrow_trained_gap,NFHS-5,model_B_first_delivery_trained_gap,NFHS-4,0.0019506271770834932
training_population_sensitivity_first_delivery_reference,30,adjust,model_A_all_narrow_trained_gap,NFHS-5,B_minus_A_gap_difference,NFHS-4,-0.00013084958064906436
training_population_sensitivity_first_delivery_reference,30,adjust,model_A_all_narrow_trained_gap,NFHS-5,model_A_all_narrow_trained_gap,NFHS-5,0.22863149042745912
training_population_sensitivity_first_delivery_reference,30,adjust,model_A_all_narrow_trained_gap,NFHS-5,model_B_first_delivery_trained_gap,NFHS-5,0.23756979012040572
training_population_sensitivity_first_delivery_reference,30,adjust,model_A_all_narrow_trained_gap,NFHS-5,B_minus_A_gap_difference,NFHS-5,0.008938299692946594
training_population_sensitivity_first_delivery_reference,30,adjust,model_B_first_delivery_trained_gap,NFHS-5,model_A_all_narrow_trained_gap,NFHS-4,0.0021160795971065637
training_population_sensitivity_first_delivery_reference,30,adjust,model_B_first_delivery_trained_gap,NFHS-5,model_B_first_delivery_trained_gap,NFHS-4,0.0019228263367665247
training_population_sensitivity_first_delivery_reference,30,adjust,model_B_first_delivery_trained_gap,NFHS-5,B_minus_A_gap_difference,NFHS-4,-0.00019325326034003913
training_population_sensitivity_first_delivery_reference,30,adjust,model_B_first_delivery_trained_gap,NFHS-5,model_A_all_narrow_trained_gap,NFHS-5,0.23756979012040572
training_population_sensitivity_first_delivery_reference,30,adjust,model_B_first_delivery_trained_gap,NFHS-5,model_B_first_delivery_trained_gap,NFHS-5,0.43199547343682404
training_population_sensitivity_first_delivery_reference,30,adjust,model_B_first_delivery_trained_gap,NFHS-5,B_minus_A_gap_difference,NFHS-5,0.19442568331641832
training_population_sensitivity_first_delivery_reference,30,adjust,B_minus_A_gap_difference,NFHS-5,model_A_all_narrow_trained_gap,NFHS-4,3.460283937400642e-05
training_population_sensitivity_first_delivery_reference,30,adjust,B_minus_A_gap_difference,NFHS-5,model_B_first_delivery_trained_gap,NFHS-4,-2.7800840316968358e-05
training_population_sensitivity_first_delivery_reference,30,adjust,B_minus_A_gap_difference,NFHS-5,B_minus_A_gap_difference,NFHS-4,-6.240367969097479e-05
training_population_sensitivity_first_delivery_reference,30,adjust,B_minus_A_gap_difference,NFHS-5,model_A_all_narrow_trained_gap,NFHS-5,0.008938299692946594
training_population_sensitivity_first_delivery_reference,30,adjust,B_minus_A_gap_difference,NFHS-5,model_B_first_delivery_trained_gap,NFHS-5,0.19442568331641832
training_population_sensitivity_first_delivery_reference,30,adjust,B_minus_A_gap_difference,NFHS-5,B_minus_A_gap_difference,NFHS-5,0.18548738362347175
training_population_sensitivity_first_delivery_reference,30,average,model_A_all_narrow_trained_gap,NFHS-4,model_A_all_narrow_trained_gap,NFHS-4,0.24713491379883643
training_population_sensitivity_first_delivery_reference,30,average,model_A_all_narrow_trained_gap,NFHS-4,model_B_first_delivery_trained_gap,NFHS-4,0.25573840400692094
training_population_sensitivity_first_delivery_reference,30,average,model_A_all_narrow_trained_gap,NFHS-4,B_minus_A_gap_difference,NFHS-4,0.008603490208084486
training_population_sensitivity_first_delivery_reference,30,average,model_A_all_narrow_trained_gap,NFHS-4,model_A_all_narrow_trained_gap,NFHS-5,0.0021771145803721145
training_population_sensitivity_first_delivery_reference,30,average,model_A_all_narrow_trained_gap,NFHS-4,model_B_first_delivery_trained_gap,NFHS-5,0.0021977898480415943
training_population_sensitivity_first_delivery_reference,30,average,model_A_all_narrow_trained_gap,NFHS-4,B_minus_A_gap_difference,NFHS-5,2.067526766947984e-05
training_population_sensitivity_first_delivery_reference,30,average,model_B_first_delivery_trained_gap,NFHS-4,model_A_all_narrow_trained_gap,NFHS-4,0.25573840400692094
training_population_sensitivity_first_delivery_reference,30,average,model_B_first_delivery_trained_gap,NFHS-4,model_B_first_delivery_trained_gap,NFHS-4,0.4695941311974511
training_population_sensitivity_first_delivery_reference,30,average,model_B_first_delivery_trained_gap,NFHS-4,B_minus_A_gap_difference,NFHS-4,0.21385572719053014
training_population_sensitivity_first_delivery_reference,30,average,model_B_first_delivery_trained_gap,NFHS-4,model_A_all_narrow_trained_gap,NFHS-5,0.001997632576375343
training_population_sensitivity_first_delivery_reference,30,average,model_B_first_delivery_trained_gap,NFHS-4,model_B_first_delivery_trained_gap,NFHS-5,0.001964518830803365
training_population_sensitivity_first_delivery_reference,30,average,model_B_first_delivery_trained_gap,NFHS-4,B_minus_A_gap_difference,NFHS-5,-3.311374557197757e-05
training_population_sensitivity_first_delivery_reference,30,average,B_minus_A_gap_difference,NFHS-4,model_A_all_narrow_trained_gap,NFHS-4,0.008603490208084486
training_population_sensitivity_first_delivery_reference,30,average,B_minus_A_gap_difference,NFHS-4,model_B_first_delivery_trained_gap,NFHS-4,0.21385572719053014
training_population_sensitivity_first_delivery_reference,30,average,B_minus_A_gap_difference,NFHS-4,B_minus_A_gap_difference,NFHS-4,0.20525223698244566
training_population_sensitivity_first_delivery_reference,30,average,B_minus_A_gap_difference,NFHS-4,model_A_all_narrow_trained_gap,NFHS-5,-0.00017948200399677162
training_population_sensitivity_first_delivery_reference,30,average,B_minus_A_gap_difference,NFHS-4,model_B_first_delivery_trained_gap,NFHS-5,-0.00023327101723822903
training_population_sensitivity_first_delivery_reference,30,average,B_minus_A_gap_difference,NFHS-4,B_minus_A_gap_difference,NFHS-5,-5.3789013241457406e-05
training_population_sensitivity_first_delivery_reference,30,average,model_A_all_narrow_trained_gap,NFHS-5,model_A_all_narrow_trained_gap,NFHS-4,0.0021771145803721145
training_population_sensitivity_first_delivery_reference,30,average,model_A_all_narrow_trained_gap,NFHS-5,model_B_first_delivery_trained_gap,NFHS-4,0.001997632576375343
training_population_sensitivity_first_delivery_reference,30,average,model_A_all_narrow_trained_gap,NFHS-5,B_minus_A_gap_difference,NFHS-4,-0.00017948200399677162
training_population_sensitivity_first_delivery_reference,30,average,model_A_all_narrow_trained_gap,NFHS-5,model_A_all_narrow_trained_gap,NFHS-5,0.22954697172523733
training_population_sensitivity_first_delivery_reference,30,average,model_A_all_narrow_trained_gap,NFHS-5,model_B_first_delivery_trained_gap,NFHS-5,0.23861733303405278
training_population_sensitivity_first_delivery_reference,30,average,model_A_all_narrow_trained_gap,NFHS-5,B_minus_A_gap_difference,NFHS-5,0.00907036130881544
training_population_sensitivity_first_delivery_reference,30,average,model_B_first_delivery_trained_gap,NFHS-5,model_A_all_narrow_trained_gap,NFHS-4,0.0021977898480415943
training_population_sensitivity_first_delivery_reference,30,average,model_B_first_delivery_trained_gap,NFHS-5,model_B_first_delivery_trained_gap,NFHS-4,0.001964518830803365
training_population_sensitivity_first_delivery_reference,30,average,model_B_first_delivery_trained_gap,NFHS-5,B_minus_A_gap_difference,NFHS-4,-0.00023327101723822903
training_population_sensitivity_first_delivery_reference,30,average,model_B_first_delivery_trained_gap,NFHS-5,model_A_all_narrow_trained_gap,NFHS-5,0.23861733303405278
training_population_sensitivity_first_delivery_reference,30,average,model_B_first_delivery_trained_gap,NFHS-5,model_B_first_delivery_trained_gap,NFHS-5,0.43335200655956674
training_population_sensitivity_first_delivery_reference,30,average,model_B_first_delivery_trained_gap,NFHS-5,B_minus_A_gap_difference,NFHS-5,0.19473467352551393
training_population_sensitivity_first_delivery_reference,30,average,B_minus_A_gap_difference,NFHS-5,model_A_all_narrow_trained_gap,NFHS-4,2.067526766947984e-05
training_population_sensitivity_first_delivery_reference,30,average,B_minus_A_gap_difference,NFHS-5,model_B_first_delivery_trained_gap,NFHS-4,-3.311374557197757e-05
training_population_sensitivity_first_delivery_reference,30,average,B_minus_A_gap_difference,NFHS-5,B_minus_A_gap_difference,NFHS-4,-5.3789013241457406e-05
training_population_sensitivity_first_delivery_reference,30,average,B_minus_A_gap_difference,NFHS-5,model_A_all_narrow_trained_gap,NFHS-5,0.00907036130881544
training_population_sensitivity_first_delivery_reference,30,average,B_minus_A_gap_difference,NFHS-5,model_B_first_delivery_trained_gap,NFHS-5,0.19473467352551393
training_population_sensitivity_first_delivery_reference,30,average,B_minus_A_gap_difference,NFHS-5,B_minus_A_gap_difference,NFHS-5,0.18566431221669852
training_population_sensitivity_first_delivery_reference,30,zero_sensitivity_only,model_A_all_narrow_trained_gap,NFHS-4,model_A_all_narrow_trained_gap,NFHS-4,0.24621317946471005
training_population_sensitivity_first_delivery_reference,30,zero_sensitivity_only,model_A_all_narrow_trained_gap,NFHS-4,model_B_first_delivery_trained_gap,NFHS-4,0.2547846941213741
training_population_sensitivity_first_delivery_reference,30,zero_sensitivity_only,model_A_all_narrow_trained_gap,NFHS-4,B_minus_A_gap_difference,NFHS-4,0.008571514656664071
training_population_sensitivity_first_delivery_reference,30,zero_sensitivity_only,model_A_all_narrow_trained_gap,NFHS-4,model_A_all_narrow_trained_gap,NFHS-5,0.0021678370622041717
training_population_sensitivity_first_delivery_reference,30,zero_sensitivity_only,model_A_all_narrow_trained_gap,NFHS-4,model_B_first_delivery_trained_gap,NFHS-5,0.002187841505348246
training_population_sensitivity_first_delivery_reference,30,zero_sensitivity_only,model_A_all_narrow_trained_gap,NFHS-4,B_minus_A_gap_difference,NFHS-5,2.0004443144074736e-05
training_population_sensitivity_first_delivery_reference,30,zero_sensitivity_only,model_B_first_delivery_trained_gap,NFHS-4,model_A_all_narrow_trained_gap,NFHS-4,0.2547846941213741
training_population_sensitivity_first_delivery_reference,30,zero_sensitivity_only,model_B_first_delivery_trained_gap,NFHS-4,model_B_first_delivery_trained_gap,NFHS-4,0.4678434951385013
training_population_sensitivity_first_delivery_reference,30,zero_sensitivity_only,model_B_first_delivery_trained_gap,NFHS-4,B_minus_A_gap_difference,NFHS-4,0.2130588010171272
training_population_sensitivity_first_delivery_reference,30,zero_sensitivity_only,model_B_first_delivery_trained_gap,NFHS-4,model_A_all_narrow_trained_gap,NFHS-5,0.0019890705835850266
training_population_sensitivity_first_delivery_reference,30,zero_sensitivity_only,model_B_first_delivery_trained_gap,NFHS-4,model_B_first_delivery_trained_gap,NFHS-5,0.0019555504983746496
training_population_sensitivity_first_delivery_reference,30,zero_sensitivity_only,model_B_first_delivery_trained_gap,NFHS-4,B_minus_A_gap_difference,NFHS-5,-3.352008521037698e-05
training_population_sensitivity_first_delivery_reference,30,zero_sensitivity_only,B_minus_A_gap_difference,NFHS-4,model_A_all_narrow_trained_gap,NFHS-4,0.008571514656664071
training_population_sensitivity_first_delivery_reference,30,zero_sensitivity_only,B_minus_A_gap_difference,NFHS-4,model_B_first_delivery_trained_gap,NFHS-4,0.2130588010171272
training_population_sensitivity_first_delivery_reference,30,zero_sensitivity_only,B_minus_A_gap_difference,NFHS-4,B_minus_A_gap_difference,NFHS-4,0.20448728636046312
training_population_sensitivity_first_delivery_reference,30,zero_sensitivity_only,B_minus_A_gap_difference,NFHS-4,model_A_all_narrow_trained_gap,NFHS-5,-0.00017876647861914507
training_population_sensitivity_first_delivery_reference,30,zero_sensitivity_only,B_minus_A_gap_difference,NFHS-4,model_B_first_delivery_trained_gap,NFHS-5,-0.00023229100697359678
training_population_sensitivity_first_delivery_reference,30,zero_sensitivity_only,B_minus_A_gap_difference,NFHS-4,B_minus_A_gap_difference,NFHS-5,-5.352452835445171e-05
training_population_sensitivity_first_delivery_reference,30,zero_sensitivity_only,model_A_all_narrow_trained_gap,NFHS-5,model_A_all_narrow_trained_gap,NFHS-4,0.0021678370622041717
training_population_sensitivity_first_delivery_reference,30,zero_sensitivity_only,model_A_all_narrow_trained_gap,NFHS-5,model_B_first_delivery_trained_gap,NFHS-4,0.0019890705835850266
training_population_sensitivity_first_delivery_reference,30,zero_sensitivity_only,model_A_all_narrow_trained_gap,NFHS-5,B_minus_A_gap_difference,NFHS-4,-0.00017876647861914507
training_population_sensitivity_first_delivery_reference,30,zero_sensitivity_only,model_A_all_narrow_trained_gap,NFHS-5,model_A_all_narrow_trained_gap,NFHS-5,0.22826003598705252
training_population_sensitivity_first_delivery_reference,30,zero_sensitivity_only,model_A_all_narrow_trained_gap,NFHS-5,model_B_first_delivery_trained_gap,NFHS-5,0.23727928970521955
training_population_sensitivity_first_delivery_reference,30,zero_sensitivity_only,model_A_all_narrow_trained_gap,NFHS-5,B_minus_A_gap_difference,NFHS-5,0.009019253718167038
training_population_sensitivity_first_delivery_reference,30,zero_sensitivity_only,model_B_first_delivery_trained_gap,NFHS-5,model_A_all_narrow_trained_gap,NFHS-4,0.002187841505348246
training_population_sensitivity_first_delivery_reference,30,zero_sensitivity_only,model_B_first_delivery_trained_gap,NFHS-5,model_B_first_delivery_trained_gap,NFHS-4,0.0019555504983746496
training_population_sensitivity_first_delivery_reference,30,zero_sensitivity_only,model_B_first_delivery_trained_gap,NFHS-5,B_minus_A_gap_difference,NFHS-4,-0.00023229100697359678
training_population_sensitivity_first_delivery_reference,30,zero_sensitivity_only,model_B_first_delivery_trained_gap,NFHS-5,model_A_all_narrow_trained_gap,NFHS-5,0.23727928970521955
training_population_sensitivity_first_delivery_reference,30,zero_sensitivity_only,model_B_first_delivery_trained_gap,NFHS-5,model_B_first_delivery_trained_gap,NFHS-5,0.43092101956335216
training_population_sensitivity_first_delivery_reference,30,zero_sensitivity_only,model_B_first_delivery_trained_gap,NFHS-5,B_minus_A_gap_difference,NFHS-5,0.19364172985813258
training_population_sensitivity_first_delivery_reference,30,zero_sensitivity_only,B_minus_A_gap_difference,NFHS-5,model_A_all_narrow_trained_gap,NFHS-4,2.0004443144074736e-05
training_population_sensitivity_first_delivery_reference,30,zero_sensitivity_only,B_minus_A_gap_difference,NFHS-5,model_B_first_delivery_trained_gap,NFHS-4,-3.352008521037698e-05
training_population_sensitivity_first_delivery_reference,30,zero_sensitivity_only,B_minus_A_gap_difference,NFHS-5,B_minus_A_gap_difference,NFHS-4,-5.352452835445171e-05
training_population_sensitivity_first_delivery_reference,30,zero_sensitivity_only,B_minus_A_gap_difference,NFHS-5,model_A_all_narrow_trained_gap,NFHS-5,0.009019253718167038
training_population_sensitivity_first_delivery_reference,30,zero_sensitivity_only,B_minus_A_gap_difference,NFHS-5,model_B_first_delivery_trained_gap,NFHS-5,0.19364172985813258
training_population_sensitivity_first_delivery_reference,30,zero_sensitivity_only,B_minus_A_gap_difference,NFHS-5,B_minus_A_gap_difference,NFHS-5,0.18462247613996555
