analysis_label,reference_population,reference_minimum_each_sector_each_wave,wave,quantity,estimate_pp,se_pp,ci_lower_pp,ci_upper_pp,t_statistic,p_value_exploratory_unadjusted,singleton_treatment,primary_rule,conservative_design_df,se_if_fits_treated_independent_pp,inference_status
training_population_sensitivity_first_delivery_reference,first_delivery_births_equal_wave_pooled_supported_cells,1,NFHS-4,model_A_all_narrow_trained_gap,19.61239437997592,0.5133011259074468,18.606294236754675,20.618494523197167,38.20836033683711,1.5247753601552e-310,adjust,True,25148,0.5133011259074468,"EXPLORATORY training-population sensitivity on a first-delivery reference: approximate 95% Taylor t interval and unadjusted two-sided p-value; no multiplicity adjustment; association only; conditional on fixed ridge, model, support rule and geography mapping"
training_population_sensitivity_first_delivery_reference,first_delivery_births_equal_wave_pooled_supported_cells,1,NFHS-4,model_B_first_delivery_trained_gap,21.00928654805213,0.7079213483289681,19.621719418359966,22.396853677744296,29.67743040613772,2.8640032579162543e-190,adjust,True,25148,0.7079213483289681,"EXPLORATORY training-population sensitivity on a first-delivery reference: approximate 95% Taylor t interval and unadjusted two-sided p-value; no multiplicity adjustment; association only; conditional on fixed ridge, model, support rule and geography mapping"
training_population_sensitivity_first_delivery_reference,first_delivery_births_equal_wave_pooled_supported_cells,1,NFHS-4,B_minus_A_gap_difference,1.396892168076208,0.4734976955489668,0.4688090697495493,2.324975266402867,2.950156212390158,0.0031790593274109154,adjust,True,25148,0.8744316332783008,"EXPLORATORY training-population sensitivity on a first-delivery reference: approximate 95% Taylor t interval and unadjusted two-sided p-value; no multiplicity adjustment; association only; conditional on fixed ridge, model, support rule and geography mapping"
training_population_sensitivity_first_delivery_reference,first_delivery_births_equal_wave_pooled_supported_cells,1,NFHS-5,model_A_all_narrow_trained_gap,24.022334156820378,0.4904585231367239,23.061006847242428,24.983661466398328,48.97933876892528,0.0,adjust,True,25148,0.4904585231367239,"EXPLORATORY training-population sensitivity on a first-delivery reference: approximate 95% Taylor t interval and unadjusted two-sided p-value; no multiplicity adjustment; association only; conditional on fixed ridge, model, support rule and geography mapping"
training_population_sensitivity_first_delivery_reference,first_delivery_births_equal_wave_pooled_supported_cells,1,NFHS-5,model_B_first_delivery_trained_gap,25.006547595706735,0.679386166669214,23.674911086279565,26.338184105133905,36.80756074016762,6.421096223795125e-289,adjust,True,25148,0.679386166669214,"EXPLORATORY training-population sensitivity on a first-delivery reference: approximate 95% Taylor t interval and unadjusted two-sided p-value; no multiplicity adjustment; association only; conditional on fixed ridge, model, support rule and geography mapping"
training_population_sensitivity_first_delivery_reference,first_delivery_births_equal_wave_pooled_supported_cells,1,NFHS-5,B_minus_A_gap_difference,0.9842134388863555,0.4457457347561316,0.11052580224698783,1.857901075525723,2.2080153821882798,0.02725219101483418,adjust,True,25148,0.8379231029032113,"EXPLORATORY training-population sensitivity on a first-delivery reference: approximate 95% Taylor t interval and unadjusted two-sided p-value; no multiplicity adjustment; association only; conditional on fixed ridge, model, support rule and geography mapping"
training_population_sensitivity_first_delivery_reference,first_delivery_births_equal_wave_pooled_supported_cells,1,NFHS-4,model_A_all_narrow_trained_gap,19.61239437997592,0.5136414262079871,18.605627228318824,20.61916153163302,38.183046341815775,3.80509931223983e-310,average,False,25148,0.5136414262079871,"EXPLORATORY training-population sensitivity on a first-delivery reference: approximate 95% Taylor t interval and unadjusted two-sided p-value; no multiplicity adjustment; association only; conditional on fixed ridge, model, support rule and geography mapping"
training_population_sensitivity_first_delivery_reference,first_delivery_births_equal_wave_pooled_supported_cells,1,NFHS-4,model_B_first_delivery_trained_gap,21.00928654805213,0.7090633322876011,19.619481063198936,22.399092032905326,29.629633336519248,1.1282364912864546e-189,average,False,25148,0.7090633322876011,"EXPLORATORY training-population sensitivity on a first-delivery reference: approximate 95% Taylor t interval and unadjusted two-sided p-value; no multiplicity adjustment; association only; conditional on fixed ridge, model, support rule and geography mapping"
training_population_sensitivity_first_delivery_reference,first_delivery_births_equal_wave_pooled_supported_cells,1,NFHS-4,B_minus_A_gap_difference,1.396892168076208,0.47389172091859866,0.46803675704495784,2.325747579107458,2.94770325459253,0.003204382906215951,average,False,25148,0.8755560084379366,"EXPLORATORY training-population sensitivity on a first-delivery reference: approximate 95% Taylor t interval and unadjusted two-sided p-value; no multiplicity adjustment; association only; conditional on fixed ridge, model, support rule and geography mapping"
training_population_sensitivity_first_delivery_reference,first_delivery_births_equal_wave_pooled_supported_cells,1,NFHS-5,model_A_all_narrow_trained_gap,24.022334156820378,0.49151533206676556,23.058935440104964,24.98573287353579,48.874028111817424,0.0,average,False,25148,0.49151533206676556,"EXPLORATORY training-population sensitivity on a first-delivery reference: approximate 95% Taylor t interval and unadjusted two-sided p-value; no multiplicity adjustment; association only; conditional on fixed ridge, model, support rule and geography mapping"
training_population_sensitivity_first_delivery_reference,first_delivery_births_equal_wave_pooled_supported_cells,1,NFHS-5,model_B_first_delivery_trained_gap,25.006547595706735,0.6806268169303628,23.672479339411247,26.340615852002223,36.74046771839911,6.686598323819914e-288,average,False,25148,0.6806268169303628,"EXPLORATORY training-population sensitivity on a first-delivery reference: approximate 95% Taylor t interval and unadjusted two-sided p-value; no multiplicity adjustment; association only; conditional on fixed ridge, model, support rule and geography mapping"
training_population_sensitivity_first_delivery_reference,first_delivery_births_equal_wave_pooled_supported_cells,1,NFHS-5,B_minus_A_gap_difference,0.9842134388863555,0.4461626667111332,0.10970859129912747,1.8587182864735836,2.205952026738225,0.027396367571694002,average,False,25148,0.8395476076920596,"EXPLORATORY training-population sensitivity on a first-delivery reference: approximate 95% Taylor t interval and unadjusted two-sided p-value; no multiplicity adjustment; association only; conditional on fixed ridge, model, support rule and geography mapping"
training_population_sensitivity_first_delivery_reference,first_delivery_births_equal_wave_pooled_supported_cells,1,NFHS-4,model_A_all_narrow_trained_gap,19.61239437997592,0.5126828145406961,18.607506163094293,20.61728259685755,38.25444080380642,0.0,zero_sensitivity_only,False,25148,0.5126828145406961,"EXPLORATORY training-population sensitivity on a first-delivery reference: approximate 95% Taylor t interval and unadjusted two-sided p-value; no multiplicity adjustment; association only; conditional on fixed ridge, model, support rule and geography mapping"
training_population_sensitivity_first_delivery_reference,first_delivery_births_equal_wave_pooled_supported_cells,1,NFHS-4,model_B_first_delivery_trained_gap,21.00928654805213,0.7077404947772316,19.622073901869,22.39649919423526,29.685014073788466,2.3036620423114613e-190,zero_sensitivity_only,False,25148,0.7077404947772316,"EXPLORATORY training-population sensitivity on a first-delivery reference: approximate 95% Taylor t interval and unadjusted two-sided p-value; no multiplicity adjustment; association only; conditional on fixed ridge, model, support rule and geography mapping"
training_population_sensitivity_first_delivery_reference,first_delivery_births_equal_wave_pooled_supported_cells,1,NFHS-4,B_minus_A_gap_difference,1.396892168076208,0.4730078350716794,0.46976922485438377,2.3240151112980323,2.9532114787581136,0.0031477728418941855,zero_sensitivity_only,False,25148,0.8739223513979318,"EXPLORATORY training-population sensitivity on a first-delivery reference: approximate 95% Taylor t interval and unadjusted two-sided p-value; no multiplicity adjustment; association only; conditional on fixed ridge, model, support rule and geography mapping"
training_population_sensitivity_first_delivery_reference,first_delivery_births_equal_wave_pooled_supported_cells,1,NFHS-5,model_A_all_narrow_trained_gap,24.022334156820378,0.4901355337922507,23.061639925194786,24.98302838844597,49.011615156640545,0.0,zero_sensitivity_only,False,25148,0.4901355337922507,"EXPLORATORY training-population sensitivity on a first-delivery reference: approximate 95% Taylor t interval and unadjusted two-sided p-value; no multiplicity adjustment; association only; conditional on fixed ridge, model, support rule and geography mapping"
training_population_sensitivity_first_delivery_reference,first_delivery_births_equal_wave_pooled_supported_cells,1,NFHS-5,model_B_first_delivery_trained_gap,25.006547595706735,0.6787150304472208,23.676226552416278,26.336868638997192,36.84395729269374,1.7984092829869297e-289,zero_sensitivity_only,False,25148,0.6787150304472208,"EXPLORATORY training-population sensitivity on a first-delivery reference: approximate 95% Taylor t interval and unadjusted two-sided p-value; no multiplicity adjustment; association only; conditional on fixed ridge, model, support rule and geography mapping"
training_population_sensitivity_first_delivery_reference,first_delivery_births_equal_wave_pooled_supported_cells,1,NFHS-5,B_minus_A_gap_difference,0.9842134388863555,0.4449091041609146,0.11216564700708453,1.8562612307656265,2.212167451018007,0.026964049564542524,zero_sensitivity_only,False,25148,0.8371899032123993,"EXPLORATORY training-population sensitivity on a first-delivery reference: approximate 95% Taylor t interval and unadjusted two-sided p-value; no multiplicity adjustment; association only; conditional on fixed ridge, model, support rule and geography mapping"
training_population_sensitivity_first_delivery_reference,first_delivery_births_equal_wave_pooled_supported_cells,30,NFHS-4,model_A_all_narrow_trained_gap,19.32233632028002,0.4968854569968641,18.348411845508384,20.296260795051655,38.88690250075474,0.0,adjust,True,25148,0.4968854569968641,"EXPLORATORY training-population sensitivity on a first-delivery reference: approximate 95% Taylor t interval and unadjusted two-sided p-value; no multiplicity adjustment; association only; conditional on fixed ridge, model, support rule and geography mapping"
training_population_sensitivity_first_delivery_reference,first_delivery_births_equal_wave_pooled_supported_cells,30,NFHS-4,model_B_first_delivery_trained_gap,20.77089973788931,0.6841658225555245,19.429894824168723,22.111904651609894,30.359452420913083,7.305813754652508e-199,adjust,True,25148,0.6841658225555245,"EXPLORATORY training-population sensitivity on a first-delivery reference: approximate 95% Taylor t interval and unadjusted two-sided p-value; no multiplicity adjustment; association only; conditional on fixed ridge, model, support rule and geography mapping"
training_population_sensitivity_first_delivery_reference,first_delivery_births_equal_wave_pooled_supported_cells,30,NFHS-4,B_minus_A_gap_difference,1.4485634176092888,0.4527286374040666,0.5611888845272778,2.3359379506913,3.1996284262363233,0.0013777556640002578,adjust,True,25148,0.8455637351069757,"EXPLORATORY training-population sensitivity on a first-delivery reference: approximate 95% Taylor t interval and unadjusted two-sided p-value; no multiplicity adjustment; association only; conditional on fixed ridge, model, support rule and geography mapping"
training_population_sensitivity_first_delivery_reference,first_delivery_births_equal_wave_pooled_supported_cells,30,NFHS-5,model_A_all_narrow_trained_gap,23.914714155551323,0.4781542538004437,22.97750393147475,24.851924379627896,50.01464269213019,0.0,adjust,True,25148,0.4781542538004437,"EXPLORATORY training-population sensitivity on a first-delivery reference: approximate 95% Taylor t interval and unadjusted two-sided p-value; no multiplicity adjustment; association only; conditional on fixed ridge, model, support rule and geography mapping"
training_population_sensitivity_first_delivery_reference,first_delivery_births_equal_wave_pooled_supported_cells,30,NFHS-5,model_B_first_delivery_trained_gap,24.955936299742586,0.6572636255239019,23.667661261177898,26.244211338307274,37.96944685604702,8.361411214373503e-307,adjust,True,25148,0.6572636255239019,"EXPLORATORY training-population sensitivity on a first-delivery reference: approximate 95% Taylor t interval and unadjusted two-sided p-value; no multiplicity adjustment; association only; conditional on fixed ridge, model, support rule and geography mapping"
training_population_sensitivity_first_delivery_reference,first_delivery_births_equal_wave_pooled_supported_cells,30,NFHS-5,B_minus_A_gap_difference,1.0412221441912646,0.43068246263746535,0.19705939941567074,1.8853848889668585,2.417609804250915,0.015629882282031788,adjust,True,25148,0.8127896184525755,"EXPLORATORY training-population sensitivity on a first-delivery reference: approximate 95% Taylor t interval and unadjusted two-sided p-value; no multiplicity adjustment; association only; conditional on fixed ridge, model, support rule and geography mapping"
training_population_sensitivity_first_delivery_reference,first_delivery_births_equal_wave_pooled_supported_cells,30,NFHS-4,model_A_all_narrow_trained_gap,19.32233632028002,0.49712665770288,18.34793907805743,20.29673356250261,38.86803497837867,0.0,average,False,25148,0.49712665770288,"EXPLORATORY training-population sensitivity on a first-delivery reference: approximate 95% Taylor t interval and unadjusted two-sided p-value; no multiplicity adjustment; association only; conditional on fixed ridge, model, support rule and geography mapping"
training_population_sensitivity_first_delivery_reference,first_delivery_births_equal_wave_pooled_supported_cells,30,NFHS-4,model_B_first_delivery_trained_gap,20.77089973788931,0.6852693858603718,19.42773177572986,22.114067700048757,30.310561315694788,3.0599376186040366e-198,average,False,25148,0.6852693858603718,"EXPLORATORY training-population sensitivity on a first-delivery reference: approximate 95% Taylor t interval and unadjusted two-sided p-value; no multiplicity adjustment; association only; conditional on fixed ridge, model, support rule and geography mapping"
training_population_sensitivity_first_delivery_reference,first_delivery_births_equal_wave_pooled_supported_cells,30,NFHS-4,B_minus_A_gap_difference,1.4485634176092888,0.453047720425173,0.5605634631965393,2.336563372022038,3.1973749172600434,0.0013885613753221138,average,False,25148,0.8465985146433269,"EXPLORATORY training-population sensitivity on a first-delivery reference: approximate 95% Taylor t interval and unadjusted two-sided p-value; no multiplicity adjustment; association only; conditional on fixed ridge, model, support rule and geography mapping"
training_population_sensitivity_first_delivery_reference,first_delivery_births_equal_wave_pooled_supported_cells,30,NFHS-5,model_A_all_narrow_trained_gap,23.914714155551323,0.47911060489748847,22.975629427548803,24.853798883553843,49.914808628934786,0.0,average,False,25148,0.47911060489748847,"EXPLORATORY training-population sensitivity on a first-delivery reference: approximate 95% Taylor t interval and unadjusted two-sided p-value; no multiplicity adjustment; association only; conditional on fixed ridge, model, support rule and geography mapping"
training_population_sensitivity_first_delivery_reference,first_delivery_births_equal_wave_pooled_supported_cells,30,NFHS-5,model_B_first_delivery_trained_gap,24.955936299742586,0.6582947717850771,23.6656401543681,26.246232445117073,37.90997189916967,7.076802302637566e-306,average,False,25148,0.6582947717850771,"EXPLORATORY training-population sensitivity on a first-delivery reference: approximate 95% Taylor t interval and unadjusted two-sided p-value; no multiplicity adjustment; association only; conditional on fixed ridge, model, support rule and geography mapping"
training_population_sensitivity_first_delivery_reference,first_delivery_births_equal_wave_pooled_supported_cells,30,NFHS-5,B_minus_A_gap_difference,1.0412221441912646,0.4308878185986446,0.1966568897551113,1.8857873986274178,2.4164576004436156,0.01567942463162568,average,False,25148,0.8141860833278863,"EXPLORATORY training-population sensitivity on a first-delivery reference: approximate 95% Taylor t interval and unadjusted two-sided p-value; no multiplicity adjustment; association only; conditional on fixed ridge, model, support rule and geography mapping"
training_population_sensitivity_first_delivery_reference,first_delivery_births_equal_wave_pooled_supported_cells,30,NFHS-4,model_A_all_narrow_trained_gap,19.32233632028002,0.49619872980964996,18.34975787084622,20.29491476971382,38.94072104475637,0.0,zero_sensitivity_only,False,25148,0.49619872980964996,"EXPLORATORY training-population sensitivity on a first-delivery reference: approximate 95% Taylor t interval and unadjusted two-sided p-value; no multiplicity adjustment; association only; conditional on fixed ridge, model, support rule and geography mapping"
training_population_sensitivity_first_delivery_reference,first_delivery_births_equal_wave_pooled_supported_cells,30,NFHS-4,model_B_first_delivery_trained_gap,20.77089973788931,0.6839908589582914,19.430237763023424,22.111561712755194,30.36721831271708,5.8180468876008315e-199,zero_sensitivity_only,False,25148,0.6839908589582914,"EXPLORATORY training-population sensitivity on a first-delivery reference: approximate 95% Taylor t interval and unadjusted two-sided p-value; no multiplicity adjustment; association only; conditional on fixed ridge, model, support rule and geography mapping"
training_population_sensitivity_first_delivery_reference,first_delivery_births_equal_wave_pooled_supported_cells,30,NFHS-4,B_minus_A_gap_difference,1.4485634176092888,0.4522027049459823,0.5622197428182427,2.334907092400335,3.203349740648558,0.0013600813852355051,zero_sensitivity_only,False,25148,0.8450187421609129,"EXPLORATORY training-population sensitivity on a first-delivery reference: approximate 95% Taylor t interval and unadjusted two-sided p-value; no multiplicity adjustment; association only; conditional on fixed ridge, model, support rule and geography mapping"
training_population_sensitivity_first_delivery_reference,first_delivery_births_equal_wave_pooled_supported_cells,30,NFHS-5,model_A_all_narrow_trained_gap,23.914714155551323,0.47776567058240227,22.978265577244834,24.851162733857812,50.05532131766393,0.0,zero_sensitivity_only,False,25148,0.47776567058240227,"EXPLORATORY training-population sensitivity on a first-delivery reference: approximate 95% Taylor t interval and unadjusted two-sided p-value; no multiplicity adjustment; association only; conditional on fixed ridge, model, support rule and geography mapping"
training_population_sensitivity_first_delivery_reference,first_delivery_births_equal_wave_pooled_supported_cells,30,NFHS-5,model_B_first_delivery_trained_gap,24.955936299742586,0.6564457476161698,23.669264349576842,26.24260824990833,38.016753692697485,1.526051062839326e-307,zero_sensitivity_only,False,25148,0.6564457476161698,"EXPLORATORY training-population sensitivity on a first-delivery reference: approximate 95% Taylor t interval and unadjusted two-sided p-value; no multiplicity adjustment; association only; conditional on fixed ridge, model, support rule and geography mapping"
training_population_sensitivity_first_delivery_reference,first_delivery_births_equal_wave_pooled_supported_cells,30,NFHS-5,B_minus_A_gap_difference,1.0412221441912646,0.42967717665704047,0.19902981856699387,1.8834144698155353,2.423266118745578,0.015388665097029413,zero_sensitivity_only,False,25148,0.8118996585480283,"EXPLORATORY training-population sensitivity on a first-delivery reference: approximate 95% Taylor t interval and unadjusted two-sided p-value; no multiplicity adjustment; association only; conditional on fixed ridge, model, support rule and geography mapping"
