source_order,state_name_raw,required_total_specialist_posts,sanctioned_total_specialist_posts,in_position_total_specialists,state_code_v024,availability_pct
1,Andhra Pradesh,564,473.0,322.0,28,57.09219858156028
2,Arunachal Pradesh,228,17.0,19.0,12,8.333333333333334
3,Assam,788,300.0,174.0,18,22.081218274111674
4,Bihar,1224,836.0,106.0,10,8.660130718954248
5,Chhattisgarh,664,606.0,104.0,22,15.662650602409638
6,Goa,24,16.0,5.0,30,20.833333333333332
7,Gujarat,1332,366.0,135.0,24,10.135135135135135
8,Haryana,496,0.0,22.0,6,4.435483870967742
9,Himachal Pradesh,392,,8.0,2,2.0408163265306123
10,Jharkhand,684,684.0,186.0,20,27.19298245614035
11,Karnataka,728,462.0,219.0,29,30.082417582417584
12,Kerala,852,54.0,54.0,32,6.338028169014085
13,Madhya Pradesh,1180,945.0,43.0,23,3.6440677966101696
14,Maharashtra,1080,483.0,337.0,27,31.203703703703702
15,Manipur,68,26.0,15.0,14,22.058823529411764
16,Meghalaya,112,3.0,3.0,17,2.6785714285714284
17,Mizoram,36,0.0,0.0,15,0.0
18,Nagaland,84,10.0,7.0,13,8.333333333333334
19,Odisha,1508,1511.0,309.0,21,20.490716180371354
20,Punjab,600,562.0,153.0,3,25.5
21,Rajasthan,2356,1473.0,479.0,8,20.33106960950764
22,Sikkim,8,24.0,0.0,11,0.0
23,Tamil Nadu,1540,326.0,251.0,33,16.2987012987013
24,Telangana,340,625.0,258.0,36,75.88235294117646
25,Tripura,88,,4.0,16,4.545454545454546
26,Uttarakhand,212,236.0,52.0,5,24.528301886792452
27,Uttar Pradesh,3012,2902.0,872.0,9,28.95086321381142
28,West Bengal,1392,328.0,67.0,19,4.813218390804598
29,Andaman & Nicobar Islands,16,16.0,4.0,35,25.0
30,Chandigarh,0,,,4,
31,Dadra & Nagar Haveli and Daman & Diu,12,0.0,0.0,25,0.0
32,Delhi,0,,,7,
33,Jammu & Kashmir,252,308.0,181.0,1,71.82539682539682
34,Ladakh,28,36.0,8.0,37,28.571428571428573
35,Lakshadweep,12,8.0,8.0,31,66.66666666666667
36,Puducherry,12,1.0,0.0,34,0.0
