covariate,smd_before,smd_after,survey_round
birth_order,-0.2589374111121808,0.016571646597189835,NFHS-4
wealth_index,0.8389990121388673,-0.00881826513871946,NFHS-4
education_years,0.6300483636119792,-0.023458006116490602,NFHS-4
residence_1,0.4204458255984731,0.0024796607178332497,NFHS-4
residence_2,-0.42044582559847266,-0.0024796607178332497,NFHS-4
religion_1,-0.076244334262852,-0.003030005537421922,NFHS-4
religion_2,0.047796183393057065,-0.00029175543040663567,NFHS-4
religion_3,0.06822120745579623,-0.0016780165395845845,NFHS-4
religion_4,0.04483122190681258,0.002786921847043194,NFHS-4
religion_5,-0.012349962405071501,0.011108507513575654,NFHS-4
religion_6,0.04909382415876244,-0.0008329605262623732,NFHS-4
religion_7,-0.0042442975882380244,-0.005042125512717487,NFHS-4
religion_8,-0.011078317778254037,-0.011079438222788607,NFHS-4
religion_9,-0.0037709475185246995,-0.004432210430237487,NFHS-4
religion_96,-0.04613735276289141,0.004472115341895723,NFHS-4
social_group_1.0,-0.25194177235689647,0.015173813012836426,NFHS-4
social_group_2.0,-0.24327423152768796,-0.0244513816722994,NFHS-4
social_group_3.0,0.11519122242809567,0.005382340574351034,NFHS-4
social_group_4.0,0.2860575844751393,-0.0018172390373723264,NFHS-4
social_group_Missing,-0.052028720756155306,-0.0066646938476896565,NFHS-4
twin_order_0,-0.07495140517709246,0.0015920826519485879,NFHS-4
twin_order_1,0.052787883308236735,-0.0012923358064592058,NFHS-4
twin_order_2,0.0519174685310216,-0.0012901374554813178,NFHS-4
twin_order_3,0.009546290959862695,0.003487417169737238,NFHS-4
state_Andaman and Nicobar Islands,-0.023107583233565713,-0.020932101207333867,NFHS-4
state_Andhra Pradesh,0.20947455357246766,0.002238781763265949,NFHS-4
state_Arunachal Pradesh,-0.01754037277736255,-0.000599932429870678,NFHS-4
state_Assam,-0.13657857383394936,-0.01370238425001595,NFHS-4
state_Bihar,-0.1333737033361177,0.00608505479249602,NFHS-4
state_Chandigarh,-0.01583084403979213,-0.00689304173715466,NFHS-4
state_Chhattisgarh,-0.09493326166497419,-0.009599548243392911,NFHS-4
state_Dadra and Nagar Haveli + Daman and Diu,-0.0016578336193265961,0.0006918351472708602,NFHS-4
state_Delhi,0.0010975301283645334,0.004425001323637532,NFHS-4
state_Goa,0.008350706464172795,-0.0007779912744079847,NFHS-4
state_Gujarat,0.2703299458693937,-0.0018456404190121648,NFHS-4
state_Haryana,0.009474740210948839,0.008263305801349895,NFHS-4
state_Himachal Pradesh,-0.04528206453151524,0.006601810167648624,NFHS-4
state_Jammu and Kashmir + Ladakh,-0.12190755369244517,-0.0015191259598796906,NFHS-4
state_Jharkhand,-0.01020915159131119,-0.0004085087640715016,NFHS-4
state_Karnataka,0.009346887745283887,-0.005519244834973325,NFHS-4
state_Kerala,0.16866995026873502,0.0014868808413326506,NFHS-4
state_Lakshadweep,0.00044648207665149483,8.605550963503188e-05,NFHS-4
state_Madhya Pradesh,-0.263378121365105,-0.033238095210398055,NFHS-4
state_Maharashtra,0.16597223312636364,0.009783877257317468,NFHS-4
state_Manipur,-0.00012624062710705168,0.003412261096012372,NFHS-4
state_Meghalaya,-0.022197422261520487,-0.0009549429937269167,NFHS-4
state_Mizoram,-0.01912584882510502,-0.0062009526162125385,NFHS-4
state_Nagaland,-0.011606826600916295,-0.0034010928480538464,NFHS-4
state_Odisha,-0.2137685620750446,-0.04102727739564727,NFHS-4
state_Puducherry,-0.024641600329270014,-0.005075367139449443,NFHS-4
state_Punjab,0.05368440109752719,0.004061543930419127,NFHS-4
state_Rajasthan,-0.1140532148202225,0.039932485205195566,NFHS-4
state_Sikkim,-0.01753213265582323,-0.010995915429357551,NFHS-4
state_Tamil Nadu,-0.016697509736933302,-0.016167493496861973,NFHS-4
state_Telangana,0.24268202124918695,0.0012865836422110471,NFHS-4
state_Tripura,-0.0479654838253574,-0.010197006901477597,NFHS-4
state_Uttar Pradesh,0.00832195399796497,0.020143665097090608,NFHS-4
state_Uttarakhand,0.008389305971111422,0.012777538802083597,NFHS-4
state_West Bengal,-0.11020965939026639,-0.003973028647896554,NFHS-4
birth_order,-0.2513729892113905,0.01943515423813529,NFHS-5
wealth_index,0.8155575923350128,-0.00118027046779373,NFHS-5
education_years,0.6263811498822254,-0.026712573203334988,NFHS-5
residence_1,0.4062465796179002,0.003552498319915157,NFHS-5
residence_2,-0.4062465796178999,-0.00355249831991528,NFHS-5
religion_1,-0.07346901357101279,0.000854727046637336,NFHS-5
religion_2,0.042222416305938204,0.00266192303969807,NFHS-5
religion_3,0.03896772676337517,-0.005119274444898653,NFHS-5
religion_4,0.06496997468459975,0.0047322168413451455,NFHS-5
religion_5,0.0005397911785679084,-0.0032064701207621597,NFHS-5
religion_6,0.06809073129775,-0.0005338563481738873,NFHS-5
religion_7,-0.004428308976619795,-0.005790526384616102,NFHS-5
religion_8,-0.01023084304408299,-0.008752882241496234,NFHS-5
religion_9,-0.008405877257782485,-0.011825192792927881,NFHS-5
religion_96,-0.04585728644207645,-0.013674179974073788,NFHS-5
social_group_1,-0.2184147992658844,0.03016565561972258,NFHS-5
social_group_2,-0.24469066804950984,-0.04378585338049821,NFHS-5
social_group_3,0.1307994652199385,0.00825708845479517,NFHS-5
social_group_4,0.25989113610170955,-0.00553205707896037,NFHS-5
social_group_Missing,-0.0655109167884576,-0.01114542709279676,NFHS-5
twin_order_0,-0.11894301502158836,0.0042444124033248895,NFHS-5
twin_order_1,0.08297300491195415,-0.0035569268637507517,NFHS-5
twin_order_2,0.08298298104066335,-0.0032880718528568646,NFHS-5
twin_order_3,0.015406280464683288,0.008391487307745592,NFHS-5
state_Andaman and Nicobar Islands,-0.013224541555278479,-0.0136454659718544,NFHS-5
state_Andhra Pradesh,0.14804912178297377,-0.00017033935819720105,NFHS-5
state_Arunachal Pradesh,-0.034527678988457856,-0.014474867888154413,NFHS-5
state_Assam,-0.15286356728110578,-0.03707980040665079,NFHS-5
state_Bihar,-0.08337143207993125,0.008558746504894445,NFHS-5
state_Chandigarh,-0.021576043607120256,-0.008506759732298783,NFHS-5
state_Chhattisgarh,-0.0875568148773054,-0.009668422341344891,NFHS-5
state_Dadra and Nagar Haveli + Daman and Diu,-0.004571134257035067,0.0006249641194037719,NFHS-5
state_Delhi,0.010125651309824018,0.004515976487417751,NFHS-5
state_Goa,0.018995834197879407,-0.0008777844943898881,NFHS-5
state_Gujarat,0.22535299586266902,-0.003720332183102269,NFHS-5
state_Haryana,0.061599179414949454,0.005610992716912157,NFHS-5
state_Himachal Pradesh,-0.03704559352894681,-0.0027750177734678166,NFHS-5
state_Jammu and Kashmir + Ladakh,-0.11379409153442868,-0.0011254012083293393,NFHS-5
state_Jharkhand,-0.04059981043923073,-0.006155622768187772,NFHS-5
state_Karnataka,0.0327163037529071,0.00033752473013284293,NFHS-5
state_Kerala,0.2225020408495442,0.0036481249798479796,NFHS-5
state_Lakshadweep,0.0014172830900027464,0.0002498420739832071,NFHS-5
state_Madhya Pradesh,-0.24906504808211388,-0.05631236403773842,NFHS-5
state_Maharashtra,0.15390726555671047,0.005387768850813224,NFHS-5
state_Manipur,-0.00899307422531982,0.0018936662153220647,NFHS-5
state_Meghalaya,-0.037389475246373274,0.000838831874858041,NFHS-5
state_Mizoram,-0.022903556816560738,-0.008386652391115709,NFHS-5
state_Nagaland,-0.009064106785073838,-0.0013437709097866863,NFHS-5
state_Odisha,-0.14496574777250767,-0.03192645621887531,NFHS-5
state_Puducherry,-0.009164527724317988,-0.0011849411590112249,NFHS-5
state_Punjab,0.07944083931167904,0.006910464451593564,NFHS-5
state_Rajasthan,-0.15447609839682375,0.05167866294933321,NFHS-5
state_Sikkim,-0.011150191691815818,-0.004091308451609051,NFHS-5
state_Tamil Nadu,0.029949176054113093,-0.015589199129476863,NFHS-5
state_Telangana,0.1298594017979604,0.004953391938549662,NFHS-5
state_Tripura,-0.04937716124956632,-0.0016467461647811249,NFHS-5
state_Uttar Pradesh,0.01530192321301528,0.03312873721015004,NFHS-5
state_Uttarakhand,0.023372103605734308,0.008806971878382069,NFHS-5
state_West Bengal,-0.12276119386919462,-0.016517994255274213,NFHS-5
