later_period,earlier_period,singleton_treatment,change_in_gap_pp,se_pp,ci_lower_pp,ci_upper_pp,design_df,interval_type,interpretation
B_2017_Jan_Nov,A_before_2016,adjust,2.3637792054424054,2.1006191819880295,-1.7537337033508544,6.481292114235665,13291,"95% marginal Taylor t; five exploratory contrasts, no multiplicity adjustment",Selected common-state period association; not a policy effect
C_2018_Jan_2019_Sep,B_2017_Jan_Nov,adjust,0.034590726852737674,1.4358691203924185,-2.779917342600423,2.8490987963058982,13291,"95% marginal Taylor t; five exploratory contrasts, no multiplicity adjustment",Selected common-state period association; not a policy effect
D_2019_Nov_2020_Feb,C_2018_Jan_2019_Sep,adjust,2.122211093774073,2.1000228093410187,-1.9941328396553635,6.2385550272035095,13291,"95% marginal Taylor t; five exploratory contrasts, no multiplicity adjustment",Selected common-state period association; not a policy effect
E_2020_Mar_onward,D_2019_Nov_2020_Feb,adjust,-1.472876713106924,2.599764784499637,-6.568786124860731,3.623032698646883,13291,"95% marginal Taylor t; five exploratory contrasts, no multiplicity adjustment",Selected common-state period association; not a policy effect
E_2020_Mar_onward,A_before_2016,adjust,3.047704312962292,2.5194958947720445,-1.8908666376073837,7.986275263531968,13291,"95% marginal Taylor t; five exploratory contrasts, no multiplicity adjustment",Selected common-state period association; not a policy effect
B_2017_Jan_Nov,A_before_2016,average,2.3637792054424054,2.106607873474796,-1.76547239197894,6.493030802863751,13291,"95% marginal Taylor t; five exploratory contrasts, no multiplicity adjustment",Selected common-state period association; not a policy effect
C_2018_Jan_2019_Sep,B_2017_Jan_Nov,average,0.034590726852737674,1.4394858484818858,-2.7870066449945305,2.856188098700006,13291,"95% marginal Taylor t; five exploratory contrasts, no multiplicity adjustment",Selected common-state period association; not a policy effect
D_2019_Nov_2020_Feb,C_2018_Jan_2019_Sep,average,2.122211093774073,2.1059404045600476,-2.0057321694683496,6.250154357016496,13291,"95% marginal Taylor t; five exploratory contrasts, no multiplicity adjustment",Selected common-state period association; not a policy effect
E_2020_Mar_onward,D_2019_Nov_2020_Feb,average,-1.472876713106924,2.607606524741913,-6.584157053086006,3.638403626872158,13291,"95% marginal Taylor t; five exploratory contrasts, no multiplicity adjustment",Selected common-state period association; not a policy effect
E_2020_Mar_onward,A_before_2016,average,3.047704312962292,2.526737450736974,-1.9050611191302682,8.000469745054852,13291,"95% marginal Taylor t; five exploratory contrasts, no multiplicity adjustment",Selected common-state period association; not a policy effect
B_2017_Jan_Nov,A_before_2016,zero_sensitivity_only,2.3637792054424054,2.1002721963490014,-1.7530535620572225,6.480611972942033,13291,"95% marginal Taylor t; five exploratory contrasts, no multiplicity adjustment",Selected common-state period association; not a policy effect
C_2018_Jan_2019_Sep,B_2017_Jan_Nov,zero_sensitivity_only,0.034590726852737674,1.4351565579300145,-2.778520618642826,2.8477020723483015,13291,"95% marginal Taylor t; five exploratory contrasts, no multiplicity adjustment",Selected common-state period association; not a policy effect
D_2019_Nov_2020_Feb,C_2018_Jan_2019_Sep,zero_sensitivity_only,2.122211093774073,2.099606734864106,-1.9933172743951788,6.237739461943325,13291,"95% marginal Taylor t; five exploratory contrasts, no multiplicity adjustment",Selected common-state period association; not a policy effect
E_2020_Mar_onward,D_2019_Nov_2020_Feb,zero_sensitivity_only,-1.472876713106924,2.5997640813427862,-6.568784746573112,3.6230313203592637,13291,"95% marginal Taylor t; five exploratory contrasts, no multiplicity adjustment",Selected common-state period association; not a policy effect
E_2020_Mar_onward,A_before_2016,zero_sensitivity_only,3.047704312962292,2.5191382231488237,-1.8901655502621146,7.985574176186699,13291,"95% marginal Taylor t; five exploratory contrasts, no multiplicity adjustment",Selected common-state period association; not a policy effect
