period,singleton_treatment,gap_pp,se_pp,ci_lower_pp,ci_upper_pp,design_df,interval_type
A_before_2016,adjust,21.316517608001327,1.7970376225519813,17.794067812297662,24.83896740370499,13291,95% marginal Taylor t; no multiplicity adjustment
B_2017_Jan_Nov,adjust,23.680296813443732,1.1862144467520754,21.355147477010338,26.005446149877127,13291,95% marginal Taylor t; no multiplicity adjustment
C_2018_Jan_2019_Sep,adjust,23.71488754029647,0.8983728877795364,21.953948673289972,25.475826407302968,13291,95% marginal Taylor t; no multiplicity adjustment
D_2019_Nov_2020_Feb,adjust,25.837098634070543,1.9329626232060517,22.04821646946354,29.625980798677546,13291,95% marginal Taylor t; no multiplicity adjustment
E_2020_Mar_onward,adjust,24.36422192096362,1.7712473819125747,20.89232467170159,27.836119170225647,13291,95% marginal Taylor t; no multiplicity adjustment
A_before_2016,average,21.316517608001327,1.8019403958759752,17.78445767799844,24.848577538004214,13291,95% marginal Taylor t; no multiplicity adjustment
B_2017_Jan_Nov,average,23.680296813443732,1.189742828630725,21.34823134577767,26.012362281109795,13291,95% marginal Taylor t; no multiplicity adjustment
C_2018_Jan_2019_Sep,average,23.71488754029647,0.9001594424391848,21.95044677159525,25.47932830899769,13291,95% marginal Taylor t; no multiplicity adjustment
D_2019_Nov_2020_Feb,average,25.837098634070543,1.9387921730596638,22.03678972111214,29.637407547028946,13291,95% marginal Taylor t; no multiplicity adjustment
E_2020_Mar_onward,average,24.36422192096362,1.7765876076819607,20.881857068277867,27.84658677364937,13291,95% marginal Taylor t; no multiplicity adjustment
A_before_2016,zero_sensitivity_only,21.316517608001327,1.7965210139910275,17.795080438687425,24.83795477731523,13291,95% marginal Taylor t; no multiplicity adjustment
B_2017_Jan_Nov,zero_sensitivity_only,23.680296813443732,1.1861646466065114,21.355245092391545,26.00534853449592,13291,95% marginal Taylor t; no multiplicity adjustment
C_2018_Jan_2019_Sep,zero_sensitivity_only,23.71488754029647,0.8974521898646356,21.95575337239117,25.474021708201768,13291,95% marginal Taylor t; no multiplicity adjustment
D_2019_Nov_2020_Feb,zero_sensitivity_only,25.837098634070543,1.9329612059503163,22.04821924748672,29.625978020654365,13291,95% marginal Taylor t; no multiplicity adjustment
E_2020_Mar_onward,zero_sensitivity_only,24.36422192096362,1.7712444749567444,20.892330369749224,27.836113472178013,13291,95% marginal Taylor t; no multiplicity adjustment
