analysis,reference_minimum_each_sector_each_wave,contrast,group,wave_or_contrast,quantity,estimate_pp,se_pp,ci_lower_pp,ci_upper_pp,t_statistic,p_value_exploratory_unadjusted,singleton_treatment,primary_rule,conservative_design_df,inference_status,se_if_covariance_ignored_pp
all_narrow,1,rural_minus_urban,residence_2_minus_1,NFHS-4,within_wave_heterogeneity_gap,2.073965061817043,1.0141930919998698,0.08608745233162707,4.0618426713024585,2.044941025704905,0.04087105947837786,adjust,True,25148,"EXPLORATORY: approximate 95% Taylor t interval and unadjusted two-sided p-value; no multiplicity adjustment; association only; conditional on fixed ridge, model, support rule and geography mapping",1.0437898112674346
all_narrow,1,rural_minus_urban,residence_2_minus_1,NFHS-5,within_wave_heterogeneity_gap,5.639322901426377,0.9700838697020036,3.73790194015658,7.540743862696174,5.813232316870396,6.201807335776269e-09,adjust,True,25148,"EXPLORATORY: approximate 95% Taylor t interval and unadjusted two-sided p-value; no multiplicity adjustment; association only; conditional on fixed ridge, model, support rule and geography mapping",1.0026448660738863
all_narrow,1,rural_minus_urban,residence_2_minus_1,NFHS-5_minus_NFHS-4,change_in_heterogeneity_gap,3.5653578396093346,1.3990652312271876,0.8231083909546211,6.307607288264048,2.548385707850082,0.010828165433466978,adjust,True,25148,"EXPLORATORY: approximate 95% Taylor t interval and unadjusted two-sided p-value; no multiplicity adjustment; association only; conditional on fixed ridge, model, support rule and geography mapping",1.4473402839588305
all_narrow,1,quintile_2_minus_quintile_1,wealth_index_2_minus_1,NFHS-4,within_wave_heterogeneity_gap,-0.4197101428983607,1.3768175935931604,-3.1183529242769046,2.2789326384801836,-0.3048407754603273,0.7604899469707854,adjust,True,25148,"EXPLORATORY: approximate 95% Taylor t interval and unadjusted two-sided p-value; no multiplicity adjustment; association only; conditional on fixed ridge, model, support rule and geography mapping",1.4201354267361161
all_narrow,1,quintile_2_minus_quintile_1,wealth_index_2_minus_1,NFHS-5,within_wave_heterogeneity_gap,-2.545420058005221,1.4342107133607898,-5.356556701375679,0.2657165853652361,-1.774788065862743,0.07594498167384775,adjust,True,25148,"EXPLORATORY: approximate 95% Taylor t interval and unadjusted two-sided p-value; no multiplicity adjustment; association only; conditional on fixed ridge, model, support rule and geography mapping",1.4645623761750832
all_narrow,1,quintile_2_minus_quintile_1,wealth_index_2_minus_1,NFHS-5_minus_NFHS-4,change_in_heterogeneity_gap,-2.12570991510686,1.9793034724833865,-6.005260156932962,1.7538403267192413,-1.073968668604305,0.28284702891577995,adjust,True,25148,"EXPLORATORY: approximate 95% Taylor t interval and unadjusted two-sided p-value; no multiplicity adjustment; association only; conditional on fixed ridge, model, support rule and geography mapping",2.040031270343319
all_narrow,1,quintile_3_minus_quintile_1,wealth_index_3_minus_1,NFHS-4,within_wave_heterogeneity_gap,-1.9016539580629654,1.423803001317305,-4.692390878835807,0.8890829627098769,-1.3356159217978554,0.1816869309111763,adjust,True,25148,"EXPLORATORY: approximate 95% Taylor t interval and unadjusted two-sided p-value; no multiplicity adjustment; association only; conditional on fixed ridge, model, support rule and geography mapping",1.4807675157015296
all_narrow,1,quintile_3_minus_quintile_1,wealth_index_3_minus_1,NFHS-5,within_wave_heterogeneity_gap,-5.777064426676648,1.4530422163274286,-8.62511191414142,-2.929016939211875,-3.9758407304078247,7.032703518060919e-05,adjust,True,25148,"EXPLORATORY: approximate 95% Taylor t interval and unadjusted two-sided p-value; no multiplicity adjustment; association only; conditional on fixed ridge, model, support rule and geography mapping",1.4755894656163595
all_narrow,1,quintile_3_minus_quintile_1,wealth_index_3_minus_1,NFHS-5_minus_NFHS-4,change_in_heterogeneity_gap,-3.8754104686136825,2.02737284195263,-7.849179478072648,0.0983585408452825,-1.9115430513911522,0.055946183465676265,adjust,True,25148,"EXPLORATORY: approximate 95% Taylor t interval and unadjusted two-sided p-value; no multiplicity adjustment; association only; conditional on fixed ridge, model, support rule and geography mapping",2.090463275591048
all_narrow,1,quintile_4_minus_quintile_1,wealth_index_4_minus_1,NFHS-4,within_wave_heterogeneity_gap,-0.854634310042332,1.3843283187478999,-3.567998550760206,1.8587299306755418,-0.6173638857690447,0.5370003267199532,adjust,True,25148,"EXPLORATORY: approximate 95% Taylor t interval and unadjusted two-sided p-value; no multiplicity adjustment; association only; conditional on fixed ridge, model, support rule and geography mapping",1.3951389551054552
all_narrow,1,quintile_4_minus_quintile_1,wealth_index_4_minus_1,NFHS-5,within_wave_heterogeneity_gap,-7.6513195889646335,1.4200462218881083,-10.434693002955598,-4.86794617497367,-5.38807784636148,7.185481725323014e-08,adjust,True,25148,"EXPLORATORY: approximate 95% Taylor t interval and unadjusted two-sided p-value; no multiplicity adjustment; association only; conditional on fixed ridge, model, support rule and geography mapping",1.453835500994105
all_narrow,1,quintile_4_minus_quintile_1,wealth_index_4_minus_1,NFHS-5_minus_NFHS-4,change_in_heterogeneity_gap,-6.796685278922301,1.977067306856736,-10.671852505703848,-2.921518052140755,-3.437761200820266,0.0005874940275094408,adjust,True,25148,"EXPLORATORY: approximate 95% Taylor t interval and unadjusted two-sided p-value; no multiplicity adjustment; association only; conditional on fixed ridge, model, support rule and geography mapping",2.0149566665324397
all_narrow,1,quintile_5_minus_quintile_1,wealth_index_5_minus_1,NFHS-4,within_wave_heterogeneity_gap,-4.655487696369412,1.551906576390206,-7.697315095465574,-1.6136602972732499,-2.9998504853289907,0.0027037665784456454,adjust,True,25148,"EXPLORATORY: approximate 95% Taylor t interval and unadjusted two-sided p-value; no multiplicity adjustment; association only; conditional on fixed ridge, model, support rule and geography mapping",1.576039282585476
all_narrow,1,quintile_5_minus_quintile_1,wealth_index_5_minus_1,NFHS-5,within_wave_heterogeneity_gap,-10.361416458445674,1.5329433419918614,-13.366074812158615,-7.356758104732734,-6.759164657046199,1.4182339789588402e-11,adjust,True,25148,"EXPLORATORY: approximate 95% Taylor t interval and unadjusted two-sided p-value; no multiplicity adjustment; association only; conditional on fixed ridge, model, support rule and geography mapping",1.5396350002655899
all_narrow,1,quintile_5_minus_quintile_1,wealth_index_5_minus_1,NFHS-5_minus_NFHS-4,change_in_heterogeneity_gap,-5.705928762076262,2.1767799532411893,-9.972544423293392,-1.4393131008591311,-2.6212703555911694,0.008765547623276903,adjust,True,25148,"EXPLORATORY: approximate 95% Taylor t interval and unadjusted two-sided p-value; no multiplicity adjustment; association only; conditional on fixed ridge, model, support rule and geography mapping",2.2032647944120027
all_narrow,1,rural_minus_urban,residence_2_minus_1,NFHS-4,within_wave_heterogeneity_gap,2.073965061817043,1.0154059434948535,0.08371019266625646,4.0642199309678295,2.042498446167067,0.04111251967358201,average,False,25148,"EXPLORATORY: approximate 95% Taylor t interval and unadjusted two-sided p-value; no multiplicity adjustment; association only; conditional on fixed ridge, model, support rule and geography mapping",1.0450409569972077
all_narrow,1,rural_minus_urban,residence_2_minus_1,NFHS-5,within_wave_heterogeneity_gap,5.639322901426377,0.9725965270098764,3.7329769852914456,7.5456688175613085,5.798214105044929,6.7826258038889715e-09,average,False,25148,"EXPLORATORY: approximate 95% Taylor t interval and unadjusted two-sided p-value; no multiplicity adjustment; association only; conditional on fixed ridge, model, support rule and geography mapping",1.005193623510774
all_narrow,1,rural_minus_urban,residence_2_minus_1,NFHS-5_minus_NFHS-4,change_in_heterogeneity_gap,3.5653578396093346,1.4016068483016353,0.8181266732580261,6.312589005960643,2.54376456845197,0.010972428670733943,average,False,25148,"EXPLORATORY: approximate 95% Taylor t interval and unadjusted two-sided p-value; no multiplicity adjustment; association only; conditional on fixed ridge, model, support rule and geography mapping",1.4500085594741707
all_narrow,1,quintile_2_minus_quintile_1,wealth_index_2_minus_1,NFHS-4,within_wave_heterogeneity_gap,-0.4197101428983607,1.3790128504224213,-3.122655755692718,2.2832354698959962,-0.30435549804325207,0.760859586264074,average,False,25148,"EXPLORATORY: approximate 95% Taylor t interval and unadjusted two-sided p-value; no multiplicity adjustment; association only; conditional on fixed ridge, model, support rule and geography mapping",1.4224661374152203
all_narrow,1,quintile_2_minus_quintile_1,wealth_index_2_minus_1,NFHS-5,within_wave_heterogeneity_gap,-2.545420058005221,1.4382417833276941,-5.364457833608474,0.27361771759803144,-1.7698137319552922,0.07677029083236672,average,False,25148,"EXPLORATORY: approximate 95% Taylor t interval and unadjusted two-sided p-value; no multiplicity adjustment; association only; conditional on fixed ridge, model, support rule and geography mapping",1.4686764248463133
all_narrow,1,quintile_2_minus_quintile_1,wealth_index_2_minus_1,NFHS-5_minus_NFHS-4,change_in_heterogeneity_gap,-2.12570991510686,1.9837659504612275,-6.014006874027514,1.7625870438137934,-1.071552777994113,0.2839312363504146,average,False,25148,"EXPLORATORY: approximate 95% Taylor t interval and unadjusted two-sided p-value; no multiplicity adjustment; association only; conditional on fixed ridge, model, support rule and geography mapping",2.0446076281263172
all_narrow,1,quintile_3_minus_quintile_1,wealth_index_3_minus_1,NFHS-4,within_wave_heterogeneity_gap,-1.9016539580629654,1.4188078002305415,-4.6825999933786076,0.8792920772526767,-1.3403182289764453,0.18015401609822287,average,False,25148,"EXPLORATORY: approximate 95% Taylor t interval and unadjusted two-sided p-value; no multiplicity adjustment; association only; conditional on fixed ridge, model, support rule and geography mapping",1.4760131821364881
all_narrow,1,quintile_3_minus_quintile_1,wealth_index_3_minus_1,NFHS-5,within_wave_heterogeneity_gap,-5.777064426676648,1.4566454148374701,-8.6321743933647,-2.921954459988595,-3.966005980474831,7.32893666235964e-05,average,False,25148,"EXPLORATORY: approximate 95% Taylor t interval and unadjusted two-sided p-value; no multiplicity adjustment; association only; conditional on fixed ridge, model, support rule and geography mapping",1.4792839411097378
all_narrow,1,quintile_3_minus_quintile_1,wealth_index_3_minus_1,NFHS-5_minus_NFHS-4,change_in_heterogeneity_gap,-3.8754104686136825,2.0261605444272486,-7.846803304220005,0.09598236699264051,-1.912686770686859,0.055799510102599995,average,False,25148,"EXPLORATORY: approximate 95% Taylor t interval and unadjusted two-sided p-value; no multiplicity adjustment; association only; conditional on fixed ridge, model, support rule and geography mapping",2.08971191609414
all_narrow,1,quintile_4_minus_quintile_1,wealth_index_4_minus_1,NFHS-4,within_wave_heterogeneity_gap,-0.854634310042332,1.3859894114685216,-3.5712543893698854,1.861985769285221,-0.6166239820957985,0.5374883542474843,average,False,25148,"EXPLORATORY: approximate 95% Taylor t interval and unadjusted two-sided p-value; no multiplicity adjustment; association only; conditional on fixed ridge, model, support rule and geography mapping",1.3966413007813423
all_narrow,1,quintile_4_minus_quintile_1,wealth_index_4_minus_1,NFHS-5,within_wave_heterogeneity_gap,-7.6513195889646335,1.4239063522573414,-10.442259083607519,-4.860380094321748,-5.3734710691014715,7.792159435468156e-08,average,False,25148,"EXPLORATORY: approximate 95% Taylor t interval and unadjusted two-sided p-value; no multiplicity adjustment; association only; conditional on fixed ridge, model, support rule and geography mapping",1.457796166939145
all_narrow,1,quintile_4_minus_quintile_1,wealth_index_4_minus_1,NFHS-5_minus_NFHS-4,change_in_heterogeneity_gap,-6.796685278922301,1.9809227035645396,-10.679409308103294,-2.9139612497413085,-3.431070413142378,0.0006021705327634,average,False,25148,"EXPLORATORY: approximate 95% Taylor t interval and unadjusted two-sided p-value; no multiplicity adjustment; association only; conditional on fixed ridge, model, support rule and geography mapping",2.0188552665782318
all_narrow,1,quintile_5_minus_quintile_1,wealth_index_5_minus_1,NFHS-4,within_wave_heterogeneity_gap,-4.655487696369412,1.5545914812715078,-7.70257766562035,-1.6083977271184744,-2.994669501573279,0.0027500969467770986,average,False,25148,"EXPLORATORY: approximate 95% Taylor t interval and unadjusted two-sided p-value; no multiplicity adjustment; association only; conditional on fixed ridge, model, support rule and geography mapping",1.578797135895193
all_narrow,1,quintile_5_minus_quintile_1,wealth_index_5_minus_1,NFHS-5,within_wave_heterogeneity_gap,-10.361416458445674,1.5369529663948949,-13.373933909835488,-7.348899007055861,-6.741531253717935,1.6011665704564835e-11,average,False,25148,"EXPLORATORY: approximate 95% Taylor t interval and unadjusted two-sided p-value; no multiplicity adjustment; association only; conditional on fixed ridge, model, support rule and geography mapping",1.543669632475265
all_narrow,1,quintile_5_minus_quintile_1,wealth_index_5_minus_1,NFHS-5_minus_NFHS-4,change_in_heterogeneity_gap,-5.705928762076262,2.1815062465640866,-9.981808233850336,-1.430049290302188,-2.6155913012228167,0.008912629219196595,average,False,25148,"EXPLORATORY: approximate 95% Taylor t interval and unadjusted two-sided p-value; no multiplicity adjustment; association only; conditional on fixed ridge, model, support rule and geography mapping",2.2080571393279627
all_narrow,1,rural_minus_urban,residence_2_minus_1,NFHS-4,within_wave_heterogeneity_gap,2.073965061817043,1.0135112097523968,0.08742398130500462,4.060506142329081,2.046316845694995,0.04073558325644078,zero_sensitivity_only,False,25148,"EXPLORATORY: approximate 95% Taylor t interval and unadjusted two-sided p-value; no multiplicity adjustment; association only; conditional on fixed ridge, model, support rule and geography mapping",1.0430909769064793
all_narrow,1,rural_minus_urban,residence_2_minus_1,NFHS-5,within_wave_heterogeneity_gap,5.639322901426377,0.9698649846040707,3.738330967714215,7.540314835138539,5.814544282912251,6.153430485988896e-09,zero_sensitivity_only,False,25148,"EXPLORATORY: approximate 95% Taylor t interval and unadjusted two-sided p-value; no multiplicity adjustment; association only; conditional on fixed ridge, model, support rule and geography mapping",1.0023704499983914
all_narrow,1,rural_minus_urban,residence_2_minus_1,NFHS-5_minus_NFHS-4,change_in_heterogeneity_gap,3.5653578396093346,1.3983590957261647,0.8244924577194404,6.306223221499229,2.5496725773130917,0.010788293106213138,zero_sensitivity_only,False,25148,"EXPLORATORY: approximate 95% Taylor t interval and unadjusted two-sided p-value; no multiplicity adjustment; association only; conditional on fixed ridge, model, support rule and geography mapping",1.446646226668321
all_narrow,1,quintile_2_minus_quintile_1,wealth_index_2_minus_1,NFHS-4,within_wave_heterogeneity_gap,-0.4197101428983607,1.3764375606917192,-3.1176080376260273,2.2781877518293063,-0.3049249416642178,0.7604258425308886,zero_sensitivity_only,False,25148,"EXPLORATORY: approximate 95% Taylor t interval and unadjusted two-sided p-value; no multiplicity adjustment; association only; conditional on fixed ridge, model, support rule and geography mapping",1.4198095533528106
all_narrow,1,quintile_2_minus_quintile_1,wealth_index_2_minus_1,NFHS-5,within_wave_heterogeneity_gap,-2.545420058005221,1.4342050113064262,-5.356545525016574,0.2657054090061317,-1.7747951219934606,0.07594381612865732,zero_sensitivity_only,False,25148,"EXPLORATORY: approximate 95% Taylor t interval and unadjusted two-sided p-value; no multiplicity adjustment; association only; conditional on fixed ridge, model, support rule and geography mapping",1.4645545150788664
all_narrow,1,quintile_2_minus_quintile_1,wealth_index_2_minus_1,NFHS-5_minus_NFHS-4,change_in_heterogeneity_gap,-2.12570991510686,1.979091207663692,-6.004844105506778,1.7534242752930576,-1.074083855698723,0.2827954052344315,zero_sensitivity_only,False,25148,"EXPLORATORY: approximate 95% Taylor t interval and unadjusted two-sided p-value; no multiplicity adjustment; association only; conditional on fixed ridge, model, support rule and geography mapping",2.0397987879763537
all_narrow,1,quintile_3_minus_quintile_1,wealth_index_3_minus_1,NFHS-4,within_wave_heterogeneity_gap,-1.9016539580629654,1.4161586327842302,-4.67740747068067,0.8740995545547396,-1.3428255239487048,0.17934059613626455,zero_sensitivity_only,False,25148,"EXPLORATORY: approximate 95% Taylor t interval and unadjusted two-sided p-value; no multiplicity adjustment; association only; conditional on fixed ridge, model, support rule and geography mapping",1.4732574690081757
all_narrow,1,quintile_3_minus_quintile_1,wealth_index_3_minus_1,NFHS-5,within_wave_heterogeneity_gap,-5.777064426676648,1.4525566068654674,-8.624160091274552,-2.9299687620787442,-3.977169908127172,6.993547316652885e-05,zero_sensitivity_only,False,25148,"EXPLORATORY: approximate 95% Taylor t interval and unadjusted two-sided p-value; no multiplicity adjustment; association only; conditional on fixed ridge, model, support rule and geography mapping",1.4751314747026347
all_narrow,1,quintile_3_minus_quintile_1,wealth_index_3_minus_1,NFHS-5_minus_NFHS-4,change_in_heterogeneity_gap,-3.8754104686136825,2.021398502268109,-7.837469423859105,0.08664848663173919,-1.9171927080510254,0.05522477120823976,zero_sensitivity_only,False,25148,"EXPLORATORY: approximate 95% Taylor t interval and unadjusted two-sided p-value; no multiplicity adjustment; association only; conditional on fixed ridge, model, support rule and geography mapping",2.0848262367993033
all_narrow,1,quintile_4_minus_quintile_1,wealth_index_4_minus_1,NFHS-4,within_wave_heterogeneity_gap,-0.854634310042332,1.383401523602123,-3.566181978222489,1.8569133581378248,-0.6177774821420042,0.5367276228874183,zero_sensitivity_only,False,25148,"EXPLORATORY: approximate 95% Taylor t interval and unadjusted two-sided p-value; no multiplicity adjustment; association only; conditional on fixed ridge, model, support rule and geography mapping",1.3940335803848132
all_narrow,1,quintile_4_minus_quintile_1,wealth_index_4_minus_1,NFHS-5,within_wave_heterogeneity_gap,-7.6513195889646335,1.419909531547404,-10.434425081915844,-4.868214096013423,-5.388596540109353,7.164802158460313e-08,zero_sensitivity_only,False,25148,"EXPLORATORY: approximate 95% Taylor t interval and unadjusted two-sided p-value; no multiplicity adjustment; association only; conditional on fixed ridge, model, support rule and geography mapping",1.4537039767904294
all_narrow,1,quintile_4_minus_quintile_1,wealth_index_4_minus_1,NFHS-5_minus_NFHS-4,change_in_heterogeneity_gap,-6.796685278922301,1.9762706426252774,-10.670290997347612,-2.923079560496991,-3.439147013737747,0.0005844961258736606,zero_sensitivity_only,False,25148,"EXPLORATORY: approximate 95% Taylor t interval and unadjusted two-sided p-value; no multiplicity adjustment; association only; conditional on fixed ridge, model, support rule and geography mapping",2.014096540729071
all_narrow,1,quintile_5_minus_quintile_1,wealth_index_5_minus_1,NFHS-4,within_wave_heterogeneity_gap,-4.655487696369412,1.5516896789233248,-7.6968899637807215,-1.6140854289581021,-3.0002698088445934,0.0027000482015786136,zero_sensitivity_only,False,25148,"EXPLORATORY: approximate 95% Taylor t interval and unadjusted two-sided p-value; no multiplicity adjustment; association only; conditional on fixed ridge, model, support rule and geography mapping",1.57585021970843
all_narrow,1,quintile_5_minus_quintile_1,wealth_index_5_minus_1,NFHS-5,within_wave_heterogeneity_gap,-10.361416458445674,1.5326379280208453,-13.365476182963251,-7.357356733928098,-6.760511578769144,1.4051344117429288e-11,zero_sensitivity_only,False,25148,"EXPLORATORY: approximate 95% Taylor t interval and unadjusted two-sided p-value; no multiplicity adjustment; association only; conditional on fixed ridge, model, support rule and geography mapping",1.5393357166326513
all_narrow,1,quintile_5_minus_quintile_1,wealth_index_5_minus_1,NFHS-5_minus_NFHS-4,change_in_heterogeneity_gap,-5.705928762076262,2.1764209434482558,-9.971840743161287,-1.440016780991237,-2.6217027451665484,0.008754438544845335,zero_sensitivity_only,False,25148,"EXPLORATORY: approximate 95% Taylor t interval and unadjusted two-sided p-value; no multiplicity adjustment; association only; conditional on fixed ridge, model, support rule and geography mapping",2.202920416959284
all_narrow,30,rural_minus_urban,residence_2_minus_1,NFHS-4,within_wave_heterogeneity_gap,2.3175202622908038,1.0155667844791825,0.3269501354302604,4.308090389151348,2.2819969082381006,0.022497837297001718,adjust,True,25148,"EXPLORATORY: approximate 95% Taylor t interval and unadjusted two-sided p-value; no multiplicity adjustment; association only; conditional on fixed ridge, model, support rule and geography mapping",1.0409787111585544
all_narrow,30,rural_minus_urban,residence_2_minus_1,NFHS-5,within_wave_heterogeneity_gap,6.115751341591658,0.9757214557817804,4.203280382813559,8.028222300369755,6.267927496471331,3.718235143334059e-10,adjust,True,25148,"EXPLORATORY: approximate 95% Taylor t interval and unadjusted two-sided p-value; no multiplicity adjustment; association only; conditional on fixed ridge, model, support rule and geography mapping",1.0049037010652733
all_narrow,30,rural_minus_urban,residence_2_minus_1,NFHS-5_minus_NFHS-4,change_in_heterogeneity_gap,3.798231079300854,1.4053244824308084,1.0437131332387217,6.552749025362986,2.702743122165639,0.006881604034706816,adjust,True,25148,"EXPLORATORY: approximate 95% Taylor t interval and unadjusted two-sided p-value; no multiplicity adjustment; association only; conditional on fixed ridge, model, support rule and geography mapping",1.4468822085781585
all_narrow,30,quintile_2_minus_quintile_1,wealth_index_2_minus_1,NFHS-4,within_wave_heterogeneity_gap,-0.16749076843208532,1.3538592275835757,-2.82113381346769,2.4861522766035193,-0.12371357746774739,0.901543049686394,adjust,True,25148,"EXPLORATORY: approximate 95% Taylor t interval and unadjusted two-sided p-value; no multiplicity adjustment; association only; conditional on fixed ridge, model, support rule and geography mapping",1.395042833964248
all_narrow,30,quintile_2_minus_quintile_1,wealth_index_2_minus_1,NFHS-5,within_wave_heterogeneity_gap,-2.1017005052146986,1.424152602182871,-4.893122664073264,0.6897216536438662,-1.4757551276410377,0.14002216089273622,adjust,True,25148,"EXPLORATORY: approximate 95% Taylor t interval and unadjusted two-sided p-value; no multiplicity adjustment; association only; conditional on fixed ridge, model, support rule and geography mapping",1.4513128066091545
all_narrow,30,quintile_2_minus_quintile_1,wealth_index_2_minus_1,NFHS-5_minus_NFHS-4,change_in_heterogeneity_gap,-1.9342097367826132,1.9542706511842751,-5.7646941889131575,1.8962747153479307,-0.9897348331002642,0.32231326700052154,adjust,True,25148,"EXPLORATORY: approximate 95% Taylor t interval and unadjusted two-sided p-value; no multiplicity adjustment; association only; conditional on fixed ridge, model, support rule and geography mapping",2.0130706324475405
all_narrow,30,quintile_3_minus_quintile_1,wealth_index_3_minus_1,NFHS-4,within_wave_heterogeneity_gap,-1.390558614227222,1.4163364040898345,-4.166660568971784,1.3855433405173398,-0.9817996700584859,0.32620799585427984,adjust,True,25148,"EXPLORATORY: approximate 95% Taylor t interval and unadjusted two-sided p-value; no multiplicity adjustment; association only; conditional on fixed ridge, model, support rule and geography mapping",1.463660292209437
all_narrow,30,quintile_3_minus_quintile_1,wealth_index_3_minus_1,NFHS-5,within_wave_heterogeneity_gap,-5.214751040075377,1.449943119494971,-8.056724117004855,-2.372777963145901,-3.5965211117328,0.00032311921575088116,adjust,True,25148,"EXPLORATORY: approximate 95% Taylor t interval and unadjusted two-sided p-value; no multiplicity adjustment; association only; conditional on fixed ridge, model, support rule and geography mapping",1.4682725467325994
all_narrow,30,quintile_3_minus_quintile_1,wealth_index_3_minus_1,NFHS-5_minus_NFHS-4,change_in_heterogeneity_gap,-3.824192425848155,2.018737173223354,-7.781035020953409,0.13265016925709938,-1.8943488417276222,0.058190184359676295,adjust,True,25148,"EXPLORATORY: approximate 95% Taylor t interval and unadjusted two-sided p-value; no multiplicity adjustment; association only; conditional on fixed ridge, model, support rule and geography mapping",2.0731921576349954
all_narrow,30,quintile_4_minus_quintile_1,wealth_index_4_minus_1,NFHS-4,within_wave_heterogeneity_gap,-0.3445544608625589,1.3735495387831436,-3.036791664215923,2.3476827424908056,-0.25084967897685506,0.8019323803573014,adjust,True,25148,"EXPLORATORY: approximate 95% Taylor t interval and unadjusted two-sided p-value; no multiplicity adjustment; association only; conditional on fixed ridge, model, support rule and geography mapping",1.3813612653889427
all_narrow,30,quintile_4_minus_quintile_1,wealth_index_4_minus_1,NFHS-5,within_wave_heterogeneity_gap,-7.103087465664615,1.4184682631044894,-9.883367988410912,-4.322806942918318,-5.0075758833818735,5.54924535587392e-07,adjust,True,25148,"EXPLORATORY: approximate 95% Taylor t interval and unadjusted two-sided p-value; no multiplicity adjustment; association only; conditional on fixed ridge, model, support rule and geography mapping",1.448385416240804
all_narrow,30,quintile_4_minus_quintile_1,wealth_index_4_minus_1,NFHS-5_minus_NFHS-4,change_in_heterogeneity_gap,-6.7585330048020555,1.9676212078332262,-10.61518532658776,-2.9018806830163513,-3.4348750551660565,0.0005937835774604541,adjust,True,25148,"EXPLORATORY: approximate 95% Taylor t interval and unadjusted two-sided p-value; no multiplicity adjustment; association only; conditional on fixed ridge, model, support rule and geography mapping",2.001494256673246
all_narrow,30,quintile_5_minus_quintile_1,wealth_index_5_minus_1,NFHS-4,within_wave_heterogeneity_gap,-4.251147622842316,1.5419600286233022,-7.27347920821871,-1.2288160374659225,-2.7569765389040852,0.005838060093141989,adjust,True,25148,"EXPLORATORY: approximate 95% Taylor t interval and unadjusted two-sided p-value; no multiplicity adjustment; association only; conditional on fixed ridge, model, support rule and geography mapping",1.5600869610166628
all_narrow,30,quintile_5_minus_quintile_1,wealth_index_5_minus_1,NFHS-5,within_wave_heterogeneity_gap,-9.910150851007888,1.5338220352329723,-12.91653149472003,-6.9037702072957465,-6.461082591959656,1.0585807777481276e-10,adjust,True,25148,"EXPLORATORY: approximate 95% Taylor t interval and unadjusted two-sided p-value; no multiplicity adjustment; association only; conditional on fixed ridge, model, support rule and geography mapping",1.5342456033068785
all_narrow,30,quintile_5_minus_quintile_1,wealth_index_5_minus_1,NFHS-5_minus_NFHS-4,change_in_heterogeneity_gap,-5.659003228165571,2.1694564740306674,-9.911264443014485,-1.4067420133166575,-2.608488944538085,0.009099673075660826,adjust,True,25148,"EXPLORATORY: approximate 95% Taylor t interval and unadjusted two-sided p-value; no multiplicity adjustment; association only; conditional on fixed ridge, model, support rule and geography mapping",2.1880998371191143
all_narrow,30,rural_minus_urban,residence_2_minus_1,NFHS-4,within_wave_heterogeneity_gap,2.3175202622908038,1.0168011424165715,0.3245307218834892,4.310509802698118,2.2792266507322068,0.0226619356654885,average,False,25148,"EXPLORATORY: approximate 95% Taylor t interval and unadjusted two-sided p-value; no multiplicity adjustment; association only; conditional on fixed ridge, model, support rule and geography mapping",1.0421927959780601
all_narrow,30,rural_minus_urban,residence_2_minus_1,NFHS-5,within_wave_heterogeneity_gap,6.115751341591658,0.9782842070199433,4.198257240923508,8.033245442259808,6.251507790585218,4.130388790748533e-10,average,False,25148,"EXPLORATORY: approximate 95% Taylor t interval and unadjusted two-sided p-value; no multiplicity adjustment; association only; conditional on fixed ridge, model, support rule and geography mapping",1.0074631722379146
all_narrow,30,rural_minus_urban,residence_2_minus_1,NFHS-5_minus_NFHS-4,change_in_heterogeneity_gap,3.798231079300854,1.4079201120175406,1.0386255478679631,6.5578366107337445,2.6977603678507105,0.00698542282944725,average,False,25148,"EXPLORATORY: approximate 95% Taylor t interval and unadjusted two-sided p-value; no multiplicity adjustment; association only; conditional on fixed ridge, model, support rule and geography mapping",1.4495336723940733
all_narrow,30,quintile_2_minus_quintile_1,wealth_index_2_minus_1,NFHS-4,within_wave_heterogeneity_gap,-0.16749076843208532,1.3560394057752139,-2.8254070898743553,2.4904255530101844,-0.12351467643105477,0.9017005402550431,average,False,25148,"EXPLORATORY: approximate 95% Taylor t interval and unadjusted two-sided p-value; no multiplicity adjustment; association only; conditional on fixed ridge, model, support rule and geography mapping",1.3973424190363937
all_narrow,30,quintile_2_minus_quintile_1,wealth_index_2_minus_1,NFHS-5,within_wave_heterogeneity_gap,-2.1017005052146986,1.4281522325899818,-4.900962172935264,0.6975611625058669,-1.4716221823238156,0.14113544513806295,average,False,25148,"EXPLORATORY: approximate 95% Taylor t interval and unadjusted two-sided p-value; no multiplicity adjustment; association only; conditional on fixed ridge, model, support rule and geography mapping",1.4553859497561135
all_narrow,30,quintile_2_minus_quintile_1,wealth_index_2_minus_1,NFHS-5_minus_NFHS-4,change_in_heterogeneity_gap,-1.9342097367826132,1.9587049415120923,-5.773385656569719,1.9049661830044924,-0.9874941834217413,0.3234099336949942,average,False,25148,"EXPLORATORY: approximate 95% Taylor t interval and unadjusted two-sided p-value; no multiplicity adjustment; association only; conditional on fixed ridge, model, support rule and geography mapping",2.0176010752341464
all_narrow,30,quintile_3_minus_quintile_1,wealth_index_3_minus_1,NFHS-4,within_wave_heterogeneity_gap,-1.390558614227222,1.4113184594889436,-4.15682510490046,1.3757078764460164,-0.9852904600502149,0.3244908966103625,average,False,25148,"EXPLORATORY: approximate 95% Taylor t interval and unadjusted two-sided p-value; no multiplicity adjustment; association only; conditional on fixed ridge, model, support rule and geography mapping",1.4587820699237486
all_narrow,30,quintile_3_minus_quintile_1,wealth_index_3_minus_1,NFHS-5,within_wave_heterogeneity_gap,-5.214751040075377,1.4535485007647972,-8.063790874564614,-2.365711205586142,-3.587600301834848,0.0003343687655082425,average,False,25148,"EXPLORATORY: approximate 95% Taylor t interval and unadjusted two-sided p-value; no multiplicity adjustment; association only; conditional on fixed ridge, model, support rule and geography mapping",1.471935876522221
all_narrow,30,quintile_3_minus_quintile_1,wealth_index_3_minus_1,NFHS-5_minus_NFHS-4,change_in_heterogeneity_gap,-3.824192425848155,2.0175071230692834,-7.778624050913178,0.13023919921686788,-1.8955038037389016,0.05803714341864885,average,False,25148,"EXPLORATORY: approximate 95% Taylor t interval and unadjusted two-sided p-value; no multiplicity adjustment; association only; conditional on fixed ridge, model, support rule and geography mapping",2.072351406524544
all_narrow,30,quintile_4_minus_quintile_1,wealth_index_4_minus_1,NFHS-4,within_wave_heterogeneity_gap,-0.3445544608625589,1.3751966525855683,-3.040020103330666,2.3509111816055484,-0.250549228879191,0.8021646860302085,average,False,25148,"EXPLORATORY: approximate 95% Taylor t interval and unadjusted two-sided p-value; no multiplicity adjustment; association only; conditional on fixed ridge, model, support rule and geography mapping",1.3828254978634908
all_narrow,30,quintile_4_minus_quintile_1,wealth_index_4_minus_1,NFHS-5,within_wave_heterogeneity_gap,-7.103087465664615,1.4223321381130571,-9.890941408774323,-4.315233522554907,-4.993972417081116,5.954553928991658e-07,average,False,25148,"EXPLORATORY: approximate 95% Taylor t interval and unadjusted two-sided p-value; no multiplicity adjustment; association only; conditional on fixed ridge, model, support rule and geography mapping",1.4523299490478414
all_narrow,30,quintile_4_minus_quintile_1,wealth_index_4_minus_1,NFHS-5_minus_NFHS-4,change_in_heterogeneity_gap,-6.7585330048020555,1.9714732698850799,-10.622735592867063,-2.894330416737049,-3.428163652046888,0.0006086523560684419,average,False,25148,"EXPLORATORY: approximate 95% Taylor t interval and unadjusted two-sided p-value; no multiplicity adjustment; association only; conditional on fixed ridge, model, support rule and geography mapping",2.005359977271591
all_narrow,30,quintile_5_minus_quintile_1,wealth_index_5_minus_1,NFHS-4,within_wave_heterogeneity_gap,-4.251147622842316,1.5446098214136,-7.2786729566273305,-1.2236222890573014,-2.752246919517668,0.005923028829321919,average,False,25148,"EXPLORATORY: approximate 95% Taylor t interval and unadjusted two-sided p-value; no multiplicity adjustment; association only; conditional on fixed ridge, model, support rule and geography mapping",1.562812688455464
all_narrow,30,quintile_5_minus_quintile_1,wealth_index_5_minus_1,NFHS-5,within_wave_heterogeneity_gap,-9.910150851007888,1.537866818318056,-12.924459505464224,-6.895842196551552,-6.444089132403861,1.1840199121880596e-10,average,False,25148,"EXPLORATORY: approximate 95% Taylor t interval and unadjusted two-sided p-value; no multiplicity adjustment; association only; conditional on fixed ridge, model, support rule and geography mapping",1.5382749030404286
all_narrow,30,quintile_5_minus_quintile_1,wealth_index_5_minus_1,NFHS-5_minus_NFHS-4,change_in_heterogeneity_gap,-5.659003228165571,2.1741875878711947,-9.920537702067122,-1.39746875426402,-2.6028127746357215,0.009251668959548971,average,False,25148,"EXPLORATORY: approximate 95% Taylor t interval and unadjusted two-sided p-value; no multiplicity adjustment; association only; conditional on fixed ridge, model, support rule and geography mapping",2.1928687093671235
all_narrow,30,rural_minus_urban,residence_2_minus_1,NFHS-4,within_wave_heterogeneity_gap,2.3175202622908038,1.0149039177454866,0.32824939288762334,4.306791131693984,2.283487354585207,0.02240997766069982,zero_sensitivity_only,False,25148,"EXPLORATORY: approximate 95% Taylor t interval and unadjusted two-sided p-value; no multiplicity adjustment; association only; conditional on fixed ridge, model, support rule and geography mapping",1.0402482328883838
all_narrow,30,rural_minus_urban,residence_2_minus_1,NFHS-5,within_wave_heterogeneity_gap,6.115751341591658,0.9755363580287273,4.2036431852047045,8.02785949797861,6.2691167697222445,3.6899944939202023e-10,zero_sensitivity_only,False,25148,"EXPLORATORY: approximate 95% Taylor t interval and unadjusted two-sided p-value; no multiplicity adjustment; association only; conditional on fixed ridge, model, support rule and geography mapping",1.0046333100840503
all_narrow,30,rural_minus_urban,residence_2_minus_1,NFHS-5_minus_NFHS-4,change_in_heterogeneity_gap,3.798231079300854,1.4046551045108107,1.0450251530009775,6.5514370056007305,2.704031094254726,0.0068549948077971734,zero_sensitivity_only,False,25148,"EXPLORATORY: approximate 95% Taylor t interval and unadjusted two-sided p-value; no multiplicity adjustment; association only; conditional on fixed ridge, model, support rule and geography mapping",1.4461688953085117
all_narrow,30,quintile_2_minus_quintile_1,wealth_index_2_minus_1,NFHS-4,within_wave_heterogeneity_gap,-0.16749076843208532,1.3535065930696748,-2.820442629254304,2.4854610923901332,-0.12374580906342386,0.9015175289557259,zero_sensitivity_only,False,25148,"EXPLORATORY: approximate 95% Taylor t interval and unadjusted two-sided p-value; no multiplicity adjustment; association only; conditional on fixed ridge, model, support rule and geography mapping",1.3947324115170718
all_narrow,30,quintile_2_minus_quintile_1,wealth_index_2_minus_1,NFHS-5,within_wave_heterogeneity_gap,-2.1017005052146986,1.4241441314069503,-4.893106060858432,0.6897050504290343,-1.4757639053979545,0.14001980365524336,zero_sensitivity_only,False,25148,"EXPLORATORY: approximate 95% Taylor t interval and unadjusted two-sided p-value; no multiplicity adjustment; association only; conditional on fixed ridge, model, support rule and geography mapping",1.4513016455720746
all_narrow,30,quintile_2_minus_quintile_1,wealth_index_2_minus_1,NFHS-5_minus_NFHS-4,change_in_heterogeneity_gap,-1.9342097367826132,1.9540813022909573,-5.764323054039161,1.8959035804739344,-0.9898307376028588,0.3222663815820688,zero_sensitivity_only,False,25148,"EXPLORATORY: approximate 95% Taylor t interval and unadjusted two-sided p-value; no multiplicity adjustment; association only; conditional on fixed ridge, model, support rule and geography mapping",2.0128474771269773
all_narrow,30,quintile_3_minus_quintile_1,wealth_index_3_minus_1,NFHS-4,within_wave_heterogeneity_gap,-1.390558614227222,1.4086829830306378,-4.151659417337492,1.3705421888830482,-0.987133820013625,0.32358653722764374,zero_sensitivity_only,False,25148,"EXPLORATORY: approximate 95% Taylor t interval and unadjusted two-sided p-value; no multiplicity adjustment; association only; conditional on fixed ridge, model, support rule and geography mapping",1.4560582318575548
all_narrow,30,quintile_3_minus_quintile_1,wealth_index_3_minus_1,NFHS-5,within_wave_heterogeneity_gap,-5.214751040075377,1.4494684970977527,-8.05579382942566,-2.3737082507250937,-3.597698777528997,0.00032166088035057736,zero_sensitivity_only,False,25148,"EXPLORATORY: approximate 95% Taylor t interval and unadjusted two-sided p-value; no multiplicity adjustment; association only; conditional on fixed ridge, model, support rule and geography mapping",1.4678041536865738
all_narrow,30,quintile_3_minus_quintile_1,wealth_index_3_minus_1,NFHS-5_minus_NFHS-4,change_in_heterogeneity_gap,-3.824192425848155,2.0127628684102357,-7.769325035089849,0.12094018339353863,-1.8999716687284987,0.057448264918345364,zero_sensitivity_only,False,25148,"EXPLORATORY: approximate 95% Taylor t interval and unadjusted two-sided p-value; no multiplicity adjustment; association only; conditional on fixed ridge, model, support rule and geography mapping",2.067499602935804
all_narrow,30,quintile_4_minus_quintile_1,wealth_index_4_minus_1,NFHS-4,within_wave_heterogeneity_gap,-0.3445544608625589,1.3726286050558554,-3.0349865804002896,2.345877658675172,-0.251017980824127,0.8018022583307085,zero_sensitivity_only,False,25148,"EXPLORATORY: approximate 95% Taylor t interval and unadjusted two-sided p-value; no multiplicity adjustment; association only; conditional on fixed ridge, model, support rule and geography mapping",1.3802432941396376
all_narrow,30,quintile_4_minus_quintile_1,wealth_index_4_minus_1,NFHS-5,within_wave_heterogeneity_gap,-7.103087465664615,1.4183397886700315,-9.883116171026565,-4.323058760302664,-5.0080294739,5.53619989984361e-07,zero_sensitivity_only,False,25148,"EXPLORATORY: approximate 95% Taylor t interval and unadjusted two-sided p-value; no multiplicity adjustment; association only; conditional on fixed ridge, model, support rule and geography mapping",1.4482531907574947
all_narrow,30,quintile_4_minus_quintile_1,wealth_index_4_minus_1,NFHS-5_minus_NFHS-4,change_in_heterogeneity_gap,-6.7585330048020555,1.966837349865084,-10.613648919254503,-2.903417090349608,-3.4362439808587424,0.0005907926115900168,zero_sensitivity_only,False,25148,"EXPLORATORY: approximate 95% Taylor t interval and unadjusted two-sided p-value; no multiplicity adjustment; association only; conditional on fixed ridge, model, support rule and geography mapping",2.000627115570691
all_narrow,30,quintile_5_minus_quintile_1,wealth_index_5_minus_1,NFHS-4,within_wave_heterogeneity_gap,-4.251147622842316,1.5417264113566604,-7.273021304751205,-1.2292739409334272,-2.7573943025996863,0.005830607945556511,zero_sensitivity_only,False,25148,"EXPLORATORY: approximate 95% Taylor t interval and unadjusted two-sided p-value; no multiplicity adjustment; association only; conditional on fixed ridge, model, support rule and geography mapping",1.5598953569797716
all_narrow,30,quintile_5_minus_quintile_1,wealth_index_5_minus_1,NFHS-5,within_wave_heterogeneity_gap,-9.910150851007888,1.5335492923720262,-12.915996902805828,-6.904304799209948,-6.462231700214413,1.0505842015612891e-10,zero_sensitivity_only,False,25148,"EXPLORATORY: approximate 95% Taylor t interval and unadjusted two-sided p-value; no multiplicity adjustment; association only; conditional on fixed ridge, model, support rule and geography mapping",1.5339562263139144
all_narrow,30,quintile_5_minus_quintile_1,wealth_index_5_minus_1,NFHS-5_minus_NFHS-4,change_in_heterogeneity_gap,-5.659003228165571,2.1691126751220224,-9.910590577102706,-1.407415879228437,-2.608902383481405,0.009088689653231681,zero_sensitivity_only,False,25148,"EXPLORATORY: approximate 95% Taylor t interval and unadjusted two-sided p-value; no multiplicity adjustment; association only; conditional on fixed ridge, model, support rule and geography mapping",2.1877603225614717
first_delivery,1,rural_minus_urban,residence_2_minus_1,NFHS-4,within_wave_heterogeneity_gap,2.3696680162242076,1.460891018367831,-0.4937637730760689,5.233099805524484,1.6220703573574575,0.10480083737148697,adjust,True,25113,"EXPLORATORY: approximate 95% Taylor t interval and unadjusted two-sided p-value; no multiplicity adjustment; association only; conditional on fixed ridge, model, support rule and geography mapping",1.507215119405258
first_delivery,1,rural_minus_urban,residence_2_minus_1,NFHS-5,within_wave_heterogeneity_gap,5.414821225611563,1.3990303961109287,2.67263987186685,8.157002579356277,3.870409992995051,0.00010892714065168586,adjust,True,25113,"EXPLORATORY: approximate 95% Taylor t interval and unadjusted two-sided p-value; no multiplicity adjustment; association only; conditional on fixed ridge, model, support rule and geography mapping",1.4453754902216973
first_delivery,1,rural_minus_urban,residence_2_minus_1,NFHS-5_minus_NFHS-4,change_in_heterogeneity_gap,3.045153209387355,2.018968202256354,-0.9121424815576473,7.002448900332357,1.5082720005120236,0.13149750591474724,adjust,True,25113,"EXPLORATORY: approximate 95% Taylor t interval and unadjusted two-sided p-value; no multiplicity adjustment; association only; conditional on fixed ridge, model, support rule and geography mapping",2.088254707620078
first_delivery,1,quintile_2_minus_quintile_1,wealth_index_2_minus_1,NFHS-4,within_wave_heterogeneity_gap,0.20989352963678987,2.081378581775994,-3.8697301532336423,4.289517212507222,0.10084351375312625,0.9196754889342155,adjust,True,25113,"EXPLORATORY: approximate 95% Taylor t interval and unadjusted two-sided p-value; no multiplicity adjustment; association only; conditional on fixed ridge, model, support rule and geography mapping",2.1547188510429067
first_delivery,1,quintile_2_minus_quintile_1,wealth_index_2_minus_1,NFHS-5,within_wave_heterogeneity_gap,-4.226604209413498,2.1165249313493595,-8.375116791853367,-0.07809162697362915,-1.9969546055471639,0.045840887143961444,adjust,True,25113,"EXPLORATORY: approximate 95% Taylor t interval and unadjusted two-sided p-value; no multiplicity adjustment; association only; conditional on fixed ridge, model, support rule and geography mapping",2.1687851393293
first_delivery,1,quintile_2_minus_quintile_1,wealth_index_2_minus_1,NFHS-5_minus_NFHS-4,change_in_heterogeneity_gap,-4.436497739050288,2.9586840081379804,-10.235691338626193,1.3626958605256165,-1.4994834618524726,0.1337608263969756,adjust,True,25113,"EXPLORATORY: approximate 95% Taylor t interval and unadjusted two-sided p-value; no multiplicity adjustment; association only; conditional on fixed ridge, model, support rule and geography mapping",3.057195170023542
first_delivery,1,quintile_3_minus_quintile_1,wealth_index_3_minus_1,NFHS-4,within_wave_heterogeneity_gap,-2.4599077966240808,2.0617607766253587,-6.5010794346818965,1.581263841433735,-1.1931101922747795,0.23283749207670007,adjust,True,25113,"EXPLORATORY: approximate 95% Taylor t interval and unadjusted two-sided p-value; no multiplicity adjustment; association only; conditional on fixed ridge, model, support rule and geography mapping",2.142528249250468
first_delivery,1,quintile_3_minus_quintile_1,wealth_index_3_minus_1,NFHS-5,within_wave_heterogeneity_gap,-6.314379611137127,2.127348507098526,-10.484107034714626,-2.144652187559629,-2.9681923718973815,0.0029983937506756642,adjust,True,25113,"EXPLORATORY: approximate 95% Taylor t interval and unadjusted two-sided p-value; no multiplicity adjustment; association only; conditional on fixed ridge, model, support rule and geography mapping",2.156676138437805
first_delivery,1,quintile_3_minus_quintile_1,wealth_index_3_minus_1,NFHS-5_minus_NFHS-4,change_in_heterogeneity_gap,-3.854471814513047,2.9559545176649085,-9.64831545321513,1.9393718241890352,-1.3039685798541762,0.1922562474546047,adjust,True,25113,"EXPLORATORY: approximate 95% Taylor t interval and unadjusted two-sided p-value; no multiplicity adjustment; association only; conditional on fixed ridge, model, support rule and geography mapping",3.0400130369692953
first_delivery,1,quintile_4_minus_quintile_1,wealth_index_4_minus_1,NFHS-4,within_wave_heterogeneity_gap,-0.976147284887266,2.0680088188619132,-5.029565450944843,3.0772708811703113,-0.47202278635565437,0.6369146255414339,adjust,True,25113,"EXPLORATORY: approximate 95% Taylor t interval and unadjusted two-sided p-value; no multiplicity adjustment; association only; conditional on fixed ridge, model, support rule and geography mapping",2.0884497310256607
first_delivery,1,quintile_4_minus_quintile_1,wealth_index_4_minus_1,NFHS-5,within_wave_heterogeneity_gap,-8.936577665650708,2.08236371287295,-13.01813226305493,-4.855023068246484,-4.291554645524093,1.7809041519286078e-05,adjust,True,25113,"EXPLORATORY: approximate 95% Taylor t interval and unadjusted two-sided p-value; no multiplicity adjustment; association only; conditional on fixed ridge, model, support rule and geography mapping",2.114414001707497
first_delivery,1,quintile_4_minus_quintile_1,wealth_index_4_minus_1,NFHS-5_minus_NFHS-4,change_in_heterogeneity_gap,-7.960430380763442,2.92976363351686,-13.702938355602527,-2.217922405924356,-2.7170896278782113,0.006590389610996506,adjust,True,25113,"EXPLORATORY: approximate 95% Taylor t interval and unadjusted two-sided p-value; no multiplicity adjustment; association only; conditional on fixed ridge, model, support rule and geography mapping",2.9719301555786712
first_delivery,1,quintile_5_minus_quintile_1,wealth_index_5_minus_1,NFHS-4,within_wave_heterogeneity_gap,-6.154474971034974,2.271660659463348,-10.60706264870963,-1.7018872933603193,-2.709240460451911,0.006748317460192293,adjust,True,25113,"EXPLORATORY: approximate 95% Taylor t interval and unadjusted two-sided p-value; no multiplicity adjustment; association only; conditional on fixed ridge, model, support rule and geography mapping",2.2981095240161697
first_delivery,1,quintile_5_minus_quintile_1,wealth_index_5_minus_1,NFHS-5,within_wave_heterogeneity_gap,-11.117242858735105,2.24113720804665,-15.510002787449139,-6.724482930021072,-4.960536471760589,7.075761705033489e-07,adjust,True,25113,"EXPLORATORY: approximate 95% Taylor t interval and unadjusted two-sided p-value; no multiplicity adjustment; association only; conditional on fixed ridge, model, support rule and geography mapping",2.232134558886342
first_delivery,1,quintile_5_minus_quintile_1,wealth_index_5_minus_1,NFHS-5_minus_NFHS-4,change_in_heterogeneity_gap,-4.9627678877001316,3.1863702353615007,-11.208239801551713,1.2827040261514506,-1.5574988218960357,0.1193647012839438,adjust,True,25113,"EXPLORATORY: approximate 95% Taylor t interval and unadjusted two-sided p-value; no multiplicity adjustment; association only; conditional on fixed ridge, model, support rule and geography mapping",3.2037059904661276
first_delivery,1,rural_minus_urban,residence_2_minus_1,NFHS-4,within_wave_heterogeneity_gap,2.3696680162242076,1.463459480425002,-0.49879810884214937,5.238134141290565,1.6192235233844905,0.1054117354515278,average,False,25113,"EXPLORATORY: approximate 95% Taylor t interval and unadjusted two-sided p-value; no multiplicity adjustment; association only; conditional on fixed ridge, model, support rule and geography mapping",1.509802673851748
first_delivery,1,rural_minus_urban,residence_2_minus_1,NFHS-5,within_wave_heterogeneity_gap,5.414821225611563,1.4022060551672926,2.6664153944899334,8.163227056733193,3.861644446375992,0.00011290868461799059,average,False,25113,"EXPLORATORY: approximate 95% Taylor t interval and unadjusted two-sided p-value; no multiplicity adjustment; association only; conditional on fixed ridge, model, support rule and geography mapping",1.448241459943009
first_delivery,1,rural_minus_urban,residence_2_minus_1,NFHS-5_minus_NFHS-4,change_in_heterogeneity_gap,3.045153209387355,2.0229910482126674,-0.9200274947789868,7.010333913553697,1.505272706015075,0.13226655606947804,average,False,25113,"EXPLORATORY: approximate 95% Taylor t interval and unadjusted two-sided p-value; no multiplicity adjustment; association only; conditional on fixed ridge, model, support rule and geography mapping",2.092105982083065
first_delivery,1,quintile_2_minus_quintile_1,wealth_index_2_minus_1,NFHS-4,within_wave_heterogeneity_gap,0.20989352963678987,2.0846553617542622,-3.8761528335283018,4.295939892801881,0.1006850021771282,0.9198013211498597,average,False,25113,"EXPLORATORY: approximate 95% Taylor t interval and unadjusted two-sided p-value; no multiplicity adjustment; association only; conditional on fixed ridge, model, support rule and geography mapping",2.158058371590256
first_delivery,1,quintile_2_minus_quintile_1,wealth_index_2_minus_1,NFHS-5,within_wave_heterogeneity_gap,-4.226604209413498,2.12169767449909,-8.385255670788617,-0.0679527480383797,-1.9920859885993671,0.04637243303359076,average,False,25113,"EXPLORATORY: approximate 95% Taylor t interval and unadjusted two-sided p-value; no multiplicity adjustment; association only; conditional on fixed ridge, model, support rule and geography mapping",2.1740821746014323
first_delivery,1,quintile_2_minus_quintile_1,wealth_index_2_minus_1,NFHS-5_minus_NFHS-4,change_in_heterogeneity_gap,-4.436497739050288,2.964696972897456,-10.247477101029922,1.3744816229293457,-1.4964422265100545,0.13455101950175502,average,False,25113,"EXPLORATORY: approximate 95% Taylor t interval and unadjusted two-sided p-value; no multiplicity adjustment; association only; conditional on fixed ridge, model, support rule and geography mapping",3.0633069120005723
first_delivery,1,quintile_3_minus_quintile_1,wealth_index_3_minus_1,NFHS-4,within_wave_heterogeneity_gap,-2.4599077966240808,2.0552173521809407,-6.48825394028878,1.568438347040619,-1.1969088301116637,0.23135339064684624,average,False,25113,"EXPLORATORY: approximate 95% Taylor t interval and unadjusted two-sided p-value; no multiplicity adjustment; association only; conditional on fixed ridge, model, support rule and geography mapping",2.1368097560469903
first_delivery,1,quintile_3_minus_quintile_1,wealth_index_3_minus_1,NFHS-5,within_wave_heterogeneity_gap,-6.314379611137127,2.132117641470186,-10.493454816852758,-2.135304405421497,-2.9615531002234445,0.003063781142243997,average,False,25113,"EXPLORATORY: approximate 95% Taylor t interval and unadjusted two-sided p-value; no multiplicity adjustment; association only; conditional on fixed ridge, model, support rule and geography mapping",2.1615409370757557
first_delivery,1,quintile_3_minus_quintile_1,wealth_index_3_minus_1,NFHS-5_minus_NFHS-4,change_in_heterogeneity_gap,-3.854471814513047,2.9545418603190012,-9.645546562243249,1.9366029332171553,-1.3045920473426227,0.19204375282950117,average,False,25113,"EXPLORATORY: approximate 95% Taylor t interval and unadjusted two-sided p-value; no multiplicity adjustment; association only; conditional on fixed ridge, model, support rule and geography mapping",3.039443231282982
first_delivery,1,quintile_4_minus_quintile_1,wealth_index_4_minus_1,NFHS-4,within_wave_heterogeneity_gap,-0.976147284887266,2.0701877149584953,-5.0338362146569136,3.081541644882382,-0.4715259770087258,0.6372692699272231,average,False,25113,"EXPLORATORY: approximate 95% Taylor t interval and unadjusted two-sided p-value; no multiplicity adjustment; association only; conditional on fixed ridge, model, support rule and geography mapping",2.0904569799350083
first_delivery,1,quintile_4_minus_quintile_1,wealth_index_4_minus_1,NFHS-5,within_wave_heterogeneity_gap,-8.936577665650708,2.087335630238553,-13.027877511714443,-4.845277819586973,-4.281332401071208,1.86466454093951e-05,average,False,25113,"EXPLORATORY: approximate 95% Taylor t interval and unadjusted two-sided p-value; no multiplicity adjustment; association only; conditional on fixed ridge, model, support rule and geography mapping",2.11945724226755
first_delivery,1,quintile_4_minus_quintile_1,wealth_index_4_minus_1,NFHS-5_minus_NFHS-4,change_in_heterogeneity_gap,-7.960430380763442,2.9348917545624134,-13.712989772605297,-2.207870988921586,-2.7123420713519044,0.006685509949619913,average,False,25113,"EXPLORATORY: approximate 95% Taylor t interval and unadjusted two-sided p-value; no multiplicity adjustment; association only; conditional on fixed ridge, model, support rule and geography mapping",2.976929523310783
first_delivery,1,quintile_5_minus_quintile_1,wealth_index_5_minus_1,NFHS-4,within_wave_heterogeneity_gap,-6.154474971034974,2.2758831358463976,-10.615338949236344,-1.6936109928336034,-2.7042139704357595,0.006851230549697368,average,False,25113,"EXPLORATORY: approximate 95% Taylor t interval and unadjusted two-sided p-value; no multiplicity adjustment; association only; conditional on fixed ridge, model, support rule and geography mapping",2.3022830213321415
first_delivery,1,quintile_5_minus_quintile_1,wealth_index_5_minus_1,NFHS-5,within_wave_heterogeneity_gap,-11.117242858735105,2.2451871388092197,-15.517940888473925,-6.716544828996286,-4.9515885186440896,7.408725316524892e-07,average,False,25113,"EXPLORATORY: approximate 95% Taylor t interval and unadjusted two-sided p-value; no multiplicity adjustment; association only; conditional on fixed ridge, model, support rule and geography mapping",2.2361035127279156
first_delivery,1,quintile_5_minus_quintile_1,wealth_index_5_minus_1,NFHS-5_minus_NFHS-4,change_in_heterogeneity_gap,-4.9627678877001316,3.1921914229652155,-11.219649669520223,1.2941138941199606,-1.5546586122614896,0.12003999787095324,average,False,25113,"EXPLORATORY: approximate 95% Taylor t interval and unadjusted two-sided p-value; no multiplicity adjustment; association only; conditional on fixed ridge, model, support rule and geography mapping",3.209465069127311
first_delivery,1,rural_minus_urban,residence_2_minus_1,NFHS-4,within_wave_heterogeneity_gap,2.3696680162242076,1.4607261882635842,-0.49344069643694954,5.232776728885365,1.6222533937322736,0.10476165622946818,zero_sensitivity_only,False,25113,"EXPLORATORY: approximate 95% Taylor t interval and unadjusted two-sided p-value; no multiplicity adjustment; association only; conditional on fixed ridge, model, support rule and geography mapping",1.5069828521532724
first_delivery,1,rural_minus_urban,residence_2_minus_1,NFHS-5,within_wave_heterogeneity_gap,5.414821225611563,1.398784896910975,2.6731210646488965,8.15652138657423,3.8710892843992344,0.00010862418432249135,zero_sensitivity_only,False,25113,"EXPLORATORY: approximate 95% Taylor t interval and unadjusted two-sided p-value; no multiplicity adjustment; association only; conditional on fixed ridge, model, support rule and geography mapping",1.4447079525259732
first_delivery,1,rural_minus_urban,residence_2_minus_1,NFHS-5_minus_NFHS-4,change_in_heterogeneity_gap,3.045153209387355,2.018657853362351,-0.9115341795846126,7.001840598359323,1.5085038825748678,0.13143819361324627,zero_sensitivity_only,False,25113,"EXPLORATORY: approximate 95% Taylor t interval and unadjusted two-sided p-value; no multiplicity adjustment; association only; conditional on fixed ridge, model, support rule and geography mapping",2.0876250584757314
first_delivery,1,quintile_2_minus_quintile_1,wealth_index_2_minus_1,NFHS-4,within_wave_heterogeneity_gap,0.20989352963678987,2.0807607204253635,-3.8685191088706263,4.288306168144206,0.10087345823881276,0.9196517181454511,zero_sensitivity_only,False,25113,"EXPLORATORY: approximate 95% Taylor t interval and unadjusted two-sided p-value; no multiplicity adjustment; association only; conditional on fixed ridge, model, support rule and geography mapping",2.1540266836561437
first_delivery,1,quintile_2_minus_quintile_1,wealth_index_2_minus_1,NFHS-5,within_wave_heterogeneity_gap,-4.226604209413498,2.116522190174063,-8.375111418989556,-0.0780969998374399,-1.9969571918666735,0.045840606144635275,zero_sensitivity_only,False,25113,"EXPLORATORY: approximate 95% Taylor t interval and unadjusted two-sided p-value; no multiplicity adjustment; association only; conditional on fixed ridge, model, support rule and geography mapping",2.168778929218599
first_delivery,1,quintile_2_minus_quintile_1,wealth_index_2_minus_1,NFHS-5_minus_NFHS-4,change_in_heterogeneity_gap,-4.436497739050288,2.9582962818553225,-10.234931372448461,1.3619358943478863,-1.4996799902232572,0.13370988691058955,zero_sensitivity_only,False,25113,"EXPLORATORY: approximate 95% Taylor t interval and unadjusted two-sided p-value; no multiplicity adjustment; association only; conditional on fixed ridge, model, support rule and geography mapping",3.056702961971486
first_delivery,1,quintile_3_minus_quintile_1,wealth_index_3_minus_1,NFHS-4,within_wave_heterogeneity_gap,-2.4599077966240808,2.0513779822239977,-6.480728550750909,1.5609129575027474,-1.1991489710527048,0.23048133943254737,zero_sensitivity_only,False,25113,"EXPLORATORY: approximate 95% Taylor t interval and unadjusted two-sided p-value; no multiplicity adjustment; association only; conditional on fixed ridge, model, support rule and geography mapping",2.1328180931428258
first_delivery,1,quintile_3_minus_quintile_1,wealth_index_3_minus_1,NFHS-5,within_wave_heterogeneity_gap,-6.314379611137127,2.1269165402583377,-10.483260354458148,-2.145498867816107,-2.9687951979395373,0.0029925202711741316,zero_sensitivity_only,False,25113,"EXPLORATORY: approximate 95% Taylor t interval and unadjusted two-sided p-value; no multiplicity adjustment; association only; conditional on fixed ridge, model, support rule and geography mapping",2.156268014827711
first_delivery,1,quintile_3_minus_quintile_1,wealth_index_3_minus_1,NFHS-5_minus_NFHS-4,change_in_heterogeneity_gap,-3.854471814513047,2.948145313683493,-9.633008956941028,1.9240653279149345,-1.3074226011258463,0.19108119512315908,zero_sensitivity_only,False,25113,"EXPLORATORY: approximate 95% Taylor t interval and unadjusted two-sided p-value; no multiplicity adjustment; association only; conditional on fixed ridge, model, support rule and geography mapping",3.032887200376307
first_delivery,1,quintile_4_minus_quintile_1,wealth_index_4_minus_1,NFHS-4,within_wave_heterogeneity_gap,-0.976147284887266,2.0663204011222094,-5.02625605348213,3.073961483707598,-0.4724084824198245,0.6366393560460624,zero_sensitivity_only,False,25113,"EXPLORATORY: approximate 95% Taylor t interval and unadjusted two-sided p-value; no multiplicity adjustment; association only; conditional on fixed ridge, model, support rule and geography mapping",2.086551875651392
first_delivery,1,quintile_4_minus_quintile_1,wealth_index_4_minus_1,NFHS-5,within_wave_heterogeneity_gap,-8.936577665650708,2.0822438462408424,-13.01789731744945,-4.855258013851966,-4.291801693535686,1.7789249181631253e-05,zero_sensitivity_only,False,25113,"EXPLORATORY: approximate 95% Taylor t interval and unadjusted two-sided p-value; no multiplicity adjustment; association only; conditional on fixed ridge, model, support rule and geography mapping",2.114287040260724
first_delivery,1,quintile_4_minus_quintile_1,wealth_index_4_minus_1,NFHS-5_minus_NFHS-4,change_in_heterogeneity_gap,-7.960430380763442,2.9285640191296443,-13.70058704128266,-2.220273720244225,-2.7182026169703626,0.006568267021545805,zero_sensitivity_only,False,25113,"EXPLORATORY: approximate 95% Taylor t interval and unadjusted two-sided p-value; no multiplicity adjustment; association only; conditional on fixed ridge, model, support rule and geography mapping",2.970506424567837
first_delivery,1,quintile_5_minus_quintile_1,wealth_index_5_minus_1,NFHS-4,within_wave_heterogeneity_gap,-6.154474971034974,2.2716319556368405,-10.60700638753185,-1.7019435545380963,-2.7092746938002983,0.006747621351337337,zero_sensitivity_only,False,25113,"EXPLORATORY: approximate 95% Taylor t interval and unadjusted two-sided p-value; no multiplicity adjustment; association only; conditional on fixed ridge, model, support rule and geography mapping",2.2979825541732763
first_delivery,1,quintile_5_minus_quintile_1,wealth_index_5_minus_1,NFHS-5,within_wave_heterogeneity_gap,-11.117242858735105,2.239709932332143,-15.507205243620318,-6.727280473849893,-4.963697619164037,6.961615748817724e-07,zero_sensitivity_only,False,25113,"EXPLORATORY: approximate 95% Taylor t interval and unadjusted two-sided p-value; no multiplicity adjustment; association only; conditional on fixed ridge, model, support rule and geography mapping",2.23064848479087
first_delivery,1,quintile_5_minus_quintile_1,wealth_index_5_minus_1,NFHS-5_minus_NFHS-4,change_in_heterogeneity_gap,-4.9627678877001316,3.1853281292653017,-11.206197212689053,1.2806614372887903,-1.5580083703479546,0.11924386509432718,zero_sensitivity_only,False,25113,"EXPLORATORY: approximate 95% Taylor t interval and unadjusted two-sided p-value; no multiplicity adjustment; association only; conditional on fixed ridge, model, support rule and geography mapping",3.2025796605212706
first_delivery,30,rural_minus_urban,residence_2_minus_1,NFHS-4,within_wave_heterogeneity_gap,2.674605836356542,1.4841488097077413,-0.23441258345503524,5.583624256168119,1.8021143290093837,0.0715394064424875,adjust,True,25113,"EXPLORATORY: approximate 95% Taylor t interval and unadjusted two-sided p-value; no multiplicity adjustment; association only; conditional on fixed ridge, model, support rule and geography mapping",1.5233375141793069
first_delivery,30,rural_minus_urban,residence_2_minus_1,NFHS-5,within_wave_heterogeneity_gap,5.919809820898814,1.4351372138237275,3.106856993889237,8.732762647908391,4.124908589838798,3.720754704751881e-05,adjust,True,25113,"EXPLORATORY: approximate 95% Taylor t interval and unadjusted two-sided p-value; no multiplicity adjustment; association only; conditional on fixed ridge, model, support rule and geography mapping",1.4681479391667922
first_delivery,30,rural_minus_urban,residence_2_minus_1,NFHS-5_minus_NFHS-4,change_in_heterogeneity_gap,3.2452039845422718,2.06366286827596,-0.7996958643334731,7.290103833418017,1.5725456102495092,0.11583666783546374,adjust,True,25113,"EXPLORATORY: approximate 95% Taylor t interval and unadjusted two-sided p-value; no multiplicity adjustment; association only; conditional on fixed ridge, model, support rule and geography mapping",2.115659602437426
first_delivery,30,quintile_2_minus_quintile_1,wealth_index_2_minus_1,NFHS-4,within_wave_heterogeneity_gap,1.0151717158010247,2.048143105114076,-2.999308490102447,5.029651921704497,0.4956546802155616,0.6201424041446958,adjust,True,25113,"EXPLORATORY: approximate 95% Taylor t interval and unadjusted two-sided p-value; no multiplicity adjustment; association only; conditional on fixed ridge, model, support rule and geography mapping",2.1166565525316066
first_delivery,30,quintile_2_minus_quintile_1,wealth_index_2_minus_1,NFHS-5,within_wave_heterogeneity_gap,-3.175081344340547,2.1012841985609274,-7.29372119965024,0.9435585109691464,-1.5110194739555047,0.1307960715586411,adjust,True,25113,"EXPLORATORY: approximate 95% Taylor t interval and unadjusted two-sided p-value; no multiplicity adjustment; association only; conditional on fixed ridge, model, support rule and geography mapping",2.1489462347033723
first_delivery,30,quintile_2_minus_quintile_1,wealth_index_2_minus_1,NFHS-5_minus_NFHS-4,change_in_heterogeneity_gap,-4.190253060141572,2.918598018488868,-9.910875776863346,1.530369656580202,-1.4357074984622635,0.15109804573178567,adjust,True,25113,"EXPLORATORY: approximate 95% Taylor t interval and unadjusted two-sided p-value; no multiplicity adjustment; association only; conditional on fixed ridge, model, support rule and geography mapping",3.0163230730511588
first_delivery,30,quintile_3_minus_quintile_1,wealth_index_3_minus_1,NFHS-4,within_wave_heterogeneity_gap,-1.6867906890168927,2.0187998284438855,-5.643756357447521,2.270174979413736,-0.8355413276991859,0.4034209370223269,adjust,True,25113,"EXPLORATORY: approximate 95% Taylor t interval and unadjusted two-sided p-value; no multiplicity adjustment; association only; conditional on fixed ridge, model, support rule and geography mapping",2.08511483960663
first_delivery,30,quintile_3_minus_quintile_1,wealth_index_3_minus_1,NFHS-5,within_wave_heterogeneity_gap,-5.243480723233695,2.1098930357748906,-9.378994402694154,-1.1079670437732352,-2.485187938121207,0.012954764188177816,adjust,True,25113,"EXPLORATORY: approximate 95% Taylor t interval and unadjusted two-sided p-value; no multiplicity adjustment; association only; conditional on fixed ridge, model, support rule and geography mapping",2.1291977288167656
first_delivery,30,quintile_3_minus_quintile_1,wealth_index_3_minus_1,NFHS-5_minus_NFHS-4,change_in_heterogeneity_gap,-3.556690034216803,2.9111055489203643,-9.262627072627824,2.1492470041942187,-1.2217660866112756,0.22180756500855964,adjust,True,25113,"EXPLORATORY: approximate 95% Taylor t interval and unadjusted two-sided p-value; no multiplicity adjustment; association only; conditional on fixed ridge, model, support rule and geography mapping",2.9801320210262925
first_delivery,30,quintile_4_minus_quintile_1,wealth_index_4_minus_1,NFHS-4,within_wave_heterogeneity_gap,-0.6383063922912824,2.03485193878892,-4.62673513529039,3.3501223507078253,-0.31368689786401965,0.7537614582219977,adjust,True,25113,"EXPLORATORY: approximate 95% Taylor t interval and unadjusted two-sided p-value; no multiplicity adjustment; association only; conditional on fixed ridge, model, support rule and geography mapping",2.0425256901985462
first_delivery,30,quintile_4_minus_quintile_1,wealth_index_4_minus_1,NFHS-5,within_wave_heterogeneity_gap,-8.426930648347936,2.0748985244179137,-12.493853040018461,-4.36000825667741,-4.061370013606812,4.8933574644741426e-05,adjust,True,25113,"EXPLORATORY: approximate 95% Taylor t interval and unadjusted two-sided p-value; no multiplicity adjustment; association only; conditional on fixed ridge, model, support rule and geography mapping",2.095135585481871
first_delivery,30,quintile_4_minus_quintile_1,wealth_index_4_minus_1,NFHS-5_minus_NFHS-4,change_in_heterogeneity_gap,-7.788624256056654,2.898053932542718,-13.468979363462815,-2.108269148650492,-2.6875359939292114,0.007202876813701403,adjust,True,25113,"EXPLORATORY: approximate 95% Taylor t interval and unadjusted two-sided p-value; no multiplicity adjustment; association only; conditional on fixed ridge, model, support rule and geography mapping",2.9260048387987174
first_delivery,30,quintile_5_minus_quintile_1,wealth_index_5_minus_1,NFHS-4,within_wave_heterogeneity_gap,-5.387810270881318,2.245952898952209,-9.790009235261289,-0.9856113065013474,-2.3988972668994353,0.016451772220098852,adjust,True,25113,"EXPLORATORY: approximate 95% Taylor t interval and unadjusted two-sided p-value; no multiplicity adjustment; association only; conditional on fixed ridge, model, support rule and geography mapping",2.262865501645479
first_delivery,30,quintile_5_minus_quintile_1,wealth_index_5_minus_1,NFHS-5,within_wave_heterogeneity_gap,-10.403082980883866,2.2404592554481684,-14.794514082876589,-6.011651878891144,-4.643281485966097,3.446536129028014e-06,adjust,True,25113,"EXPLORATORY: approximate 95% Taylor t interval and unadjusted two-sided p-value; no multiplicity adjustment; association only; conditional on fixed ridge, model, support rule and geography mapping",2.2188745342103475
first_delivery,30,quintile_5_minus_quintile_1,wealth_index_5_minus_1,NFHS-5_minus_NFHS-4,change_in_heterogeneity_gap,-5.015272710002547,3.163216365700452,-11.21536168590792,1.1848162659028265,-1.5854978383345528,0.112865858568068,adjust,True,25113,"EXPLORATORY: approximate 95% Taylor t interval and unadjusted two-sided p-value; no multiplicity adjustment; association only; conditional on fixed ridge, model, support rule and geography mapping",3.169221430746743
first_delivery,30,rural_minus_urban,residence_2_minus_1,NFHS-4,within_wave_heterogeneity_gap,2.674605836356542,1.4864599337779127,-0.23894252172444785,5.588154194437532,1.7993124305469146,0.07198127289001784,average,False,25113,"EXPLORATORY: approximate 95% Taylor t interval and unadjusted two-sided p-value; no multiplicity adjustment; association only; conditional on fixed ridge, model, support rule and geography mapping",1.5258434744250644
first_delivery,30,rural_minus_urban,residence_2_minus_1,NFHS-5,within_wave_heterogeneity_gap,5.919809820898814,1.438484779544885,3.100295569400884,8.739324072396744,4.115309320667093,3.878937764417433e-05,average,False,25113,"EXPLORATORY: approximate 95% Taylor t interval and unadjusted two-sided p-value; no multiplicity adjustment; association only; conditional on fixed ridge, model, support rule and geography mapping",1.471000783822323
first_delivery,30,rural_minus_urban,residence_2_minus_1,NFHS-5_minus_NFHS-4,change_in_heterogeneity_gap,3.2452039845422718,2.0676164033828557,-0.8074450242385343,7.297852993323078,1.5695387109682186,0.11653506552737214,average,False,25113,"EXPLORATORY: approximate 95% Taylor t interval and unadjusted two-sided p-value; no multiplicity adjustment; association only; conditional on fixed ridge, model, support rule and geography mapping",2.1194437040061813
first_delivery,30,quintile_2_minus_quintile_1,wealth_index_2_minus_1,NFHS-4,within_wave_heterogeneity_gap,1.0151717158010247,2.051388122215786,-3.005668913302421,5.036012344904471,0.4948706219008899,0.620695778784492,average,False,25113,"EXPLORATORY: approximate 95% Taylor t interval and unadjusted two-sided p-value; no multiplicity adjustment; association only; conditional on fixed ridge, model, support rule and geography mapping",2.1198608510377115
first_delivery,30,quintile_2_minus_quintile_1,wealth_index_2_minus_1,NFHS-5,within_wave_heterogeneity_gap,-3.175081344340547,2.106416123605451,-7.303780072713347,0.9536173840322535,-1.5073381317011156,0.13173658701770108,average,False,25113,"EXPLORATORY: approximate 95% Taylor t interval and unadjusted two-sided p-value; no multiplicity adjustment; association only; conditional on fixed ridge, model, support rule and geography mapping",2.15416885633551
first_delivery,30,quintile_2_minus_quintile_1,wealth_index_2_minus_1,NFHS-5_minus_NFHS-4,change_in_heterogeneity_gap,-4.190253060141572,2.924555999710382,-9.922553768318723,1.5420476480355791,-1.432782637965056,0.15193241230698828,average,False,25113,"EXPLORATORY: approximate 95% Taylor t interval and unadjusted two-sided p-value; no multiplicity adjustment; association only; conditional on fixed ridge, model, support rule and geography mapping",3.022292753749737
first_delivery,30,quintile_3_minus_quintile_1,wealth_index_3_minus_1,NFHS-4,within_wave_heterogeneity_gap,-1.6867906890168927,2.011783714699905,-5.630004364397207,2.256422986363422,-0.8384552855715451,0.40178303086605016,average,False,25113,"EXPLORATORY: approximate 95% Taylor t interval and unadjusted two-sided p-value; no multiplicity adjustment; association only; conditional on fixed ridge, model, support rule and geography mapping",2.0791699096632787
first_delivery,30,quintile_3_minus_quintile_1,wealth_index_3_minus_1,NFHS-5,within_wave_heterogeneity_gap,-5.243480723233695,2.1146176900051277,-9.388255001155105,-1.0987064453122848,-2.4796353251073864,0.013158189877687996,average,False,25113,"EXPLORATORY: approximate 95% Taylor t interval and unadjusted two-sided p-value; no multiplicity adjustment; association only; conditional on fixed ridge, model, support rule and geography mapping",2.1339032104189037
first_delivery,30,quintile_3_minus_quintile_1,wealth_index_3_minus_1,NFHS-5_minus_NFHS-4,change_in_heterogeneity_gap,-3.556690034216803,2.909368835651985,-9.259223013105894,2.1458429446722884,-1.222495405406291,0.22153181344327727,average,False,25113,"EXPLORATORY: approximate 95% Taylor t interval and unadjusted two-sided p-value; no multiplicity adjustment; association only; conditional on fixed ridge, model, support rule and geography mapping",2.9793439587743658
first_delivery,30,quintile_4_minus_quintile_1,wealth_index_4_minus_1,NFHS-4,within_wave_heterogeneity_gap,-0.6383063922912824,2.0371797045989157,-4.631297692342616,3.354684907760051,-0.3133284662370782,0.7540337274036815,average,False,25113,"EXPLORATORY: approximate 95% Taylor t interval and unadjusted two-sided p-value; no multiplicity adjustment; association only; conditional on fixed ridge, model, support rule and geography mapping",2.04448795519874
first_delivery,30,quintile_4_minus_quintile_1,wealth_index_4_minus_1,NFHS-5,within_wave_heterogeneity_gap,-8.426930648347936,2.0798532453485024,-12.503564582660164,-4.350296714035707,-4.05169483337076,5.10008207453201e-05,average,False,25113,"EXPLORATORY: approximate 95% Taylor t interval and unadjusted two-sided p-value; no multiplicity adjustment; association only; conditional on fixed ridge, model, support rule and geography mapping",2.1001194710859243
first_delivery,30,quintile_4_minus_quintile_1,wealth_index_4_minus_1,NFHS-5_minus_NFHS-4,change_in_heterogeneity_gap,-7.788624256056654,2.9032903636179754,-13.479243074454839,-2.0980054376584674,-2.682688701639457,0.007308074362262087,average,False,25113,"EXPLORATORY: approximate 95% Taylor t interval and unadjusted two-sided p-value; no multiplicity adjustment; association only; conditional on fixed ridge, model, support rule and geography mapping",2.930944010346657
first_delivery,30,quintile_5_minus_quintile_1,wealth_index_5_minus_1,NFHS-4,within_wave_heterogeneity_gap,-5.387810270881318,2.250146530389839,-9.798228998008913,-0.9773915437537228,-2.3944264065095693,0.01665366946148854,average,False,25113,"EXPLORATORY: approximate 95% Taylor t interval and unadjusted two-sided p-value; no multiplicity adjustment; association only; conditional on fixed ridge, model, support rule and geography mapping",2.266915308696109
first_delivery,30,quintile_5_minus_quintile_1,wealth_index_5_minus_1,NFHS-5,within_wave_heterogeneity_gap,-10.403082980883866,2.2446729251182194,-14.80277312173105,-6.003392840036682,-4.634565180731608,3.5948519442689607e-06,average,False,25113,"EXPLORATORY: approximate 95% Taylor t interval and unadjusted two-sided p-value; no multiplicity adjustment; association only; conditional on fixed ridge, model, support rule and geography mapping",2.222805910782768
first_delivery,30,quintile_5_minus_quintile_1,wealth_index_5_minus_1,NFHS-5_minus_NFHS-4,change_in_heterogeneity_gap,-5.015272710002547,3.1691380319379814,-11.226968497871972,1.1964230778668785,-1.5825352696725623,0.1135400200702454,average,False,25113,"EXPLORATORY: approximate 95% Taylor t interval and unadjusted two-sided p-value; no multiplicity adjustment; association only; conditional on fixed ridge, model, support rule and geography mapping",3.1748655300361284
first_delivery,30,rural_minus_urban,residence_2_minus_1,NFHS-4,within_wave_heterogeneity_gap,2.674605836356542,1.4836836996758083,-0.23350094060542181,5.582712613318506,1.8026792617192975,0.07145058495286304,zero_sensitivity_only,False,25113,"EXPLORATORY: approximate 95% Taylor t interval and unadjusted two-sided p-value; no multiplicity adjustment; association only; conditional on fixed ridge, model, support rule and geography mapping",1.5229937051227618
first_delivery,30,rural_minus_urban,residence_2_minus_1,NFHS-5,within_wave_heterogeneity_gap,5.919809820898814,1.4349749284342757,3.1071750827386126,8.732444559059015,4.1253750874644295,3.713225668456906e-05,zero_sensitivity_only,False,25113,"EXPLORATORY: approximate 95% Taylor t interval and unadjusted two-sided p-value; no multiplicity adjustment; association only; conditional on fixed ridge, model, support rule and geography mapping",1.4674115814186823
first_delivery,30,rural_minus_urban,residence_2_minus_1,NFHS-5_minus_NFHS-4,change_in_heterogeneity_gap,3.2452039845422718,2.0631824372600946,-0.7987541914597971,7.289162160544341,1.5729117919653781,0.11575184182053182,zero_sensitivity_only,False,25113,"EXPLORATORY: approximate 95% Taylor t interval and unadjusted two-sided p-value; no multiplicity adjustment; association only; conditional on fixed ridge, model, support rule and geography mapping",2.1149010792765783
first_delivery,30,quintile_2_minus_quintile_1,wealth_index_2_minus_1,NFHS-4,within_wave_heterogeneity_gap,1.0151717158010247,2.047555079452253,-2.9981559254334758,5.028499357035525,0.49579702445542817,0.6200419631248384,zero_sensitivity_only,False,25113,"EXPLORATORY: approximate 95% Taylor t interval and unadjusted two-sided p-value; no multiplicity adjustment; association only; conditional on fixed ridge, model, support rule and geography mapping",2.1159000039610443
first_delivery,30,quintile_2_minus_quintile_1,wealth_index_2_minus_1,NFHS-5,within_wave_heterogeneity_gap,-3.175081344340547,2.1012783035068274,-7.2937096449996215,0.9435469563185279,-1.5110237130615432,0.13079499155500598,zero_sensitivity_only,False,25113,"EXPLORATORY: approximate 95% Taylor t interval and unadjusted two-sided p-value; no multiplicity adjustment; association only; conditional on fixed ridge, model, support rule and geography mapping",2.148914550948153
first_delivery,30,quintile_2_minus_quintile_1,wealth_index_2_minus_1,NFHS-5_minus_NFHS-4,change_in_heterogeneity_gap,-4.190253060141572,2.9182351768927255,-9.910164586125767,1.5296584658426235,-1.4358860085441312,0.15104723595068,zero_sensitivity_only,False,25113,"EXPLORATORY: approximate 95% Taylor t interval and unadjusted two-sided p-value; no multiplicity adjustment; association only; conditional on fixed ridge, model, support rule and geography mapping",3.015769648703138
first_delivery,30,quintile_3_minus_quintile_1,wealth_index_3_minus_1,NFHS-4,within_wave_heterogeneity_gap,-1.6867906890168927,2.0080249345843457,-5.622636935659157,2.2490555576253723,-0.8400247725838388,0.4009024940273868,zero_sensitivity_only,False,25113,"EXPLORATORY: approximate 95% Taylor t interval and unadjusted two-sided p-value; no multiplicity adjustment; association only; conditional on fixed ridge, model, support rule and geography mapping",2.075285393132468
first_delivery,30,quintile_3_minus_quintile_1,wealth_index_3_minus_1,NFHS-5,within_wave_heterogeneity_gap,-5.243480723233695,2.109459592153944,-9.378144827861068,-1.1088166186063226,-2.4856985849535236,0.012936196558670473,zero_sensitivity_only,False,25113,"EXPLORATORY: approximate 95% Taylor t interval and unadjusted two-sided p-value; no multiplicity adjustment; association only; conditional on fixed ridge, model, support rule and geography mapping",2.128698038087563
first_delivery,30,quintile_3_minus_quintile_1,wealth_index_3_minus_1,NFHS-5_minus_NFHS-4,change_in_heterogeneity_gap,-3.556690034216803,2.90306100616517,-9.246859298600885,2.133479230167279,-1.225151668071575,0.22052957148654642,zero_sensitivity_only,False,25113,"EXPLORATORY: approximate 95% Taylor t interval and unadjusted two-sided p-value; no multiplicity adjustment; association only; conditional on fixed ridge, model, support rule and geography mapping",2.97290511121812
first_delivery,30,quintile_4_minus_quintile_1,wealth_index_4_minus_1,NFHS-4,within_wave_heterogeneity_gap,-0.6383063922912824,2.033373602362553,-4.623837509481676,3.347224724899111,-0.31391495962652494,0.7535882355660849,zero_sensitivity_only,False,25113,"EXPLORATORY: approximate 95% Taylor t interval and unadjusted two-sided p-value; no multiplicity adjustment; association only; conditional on fixed ridge, model, support rule and geography mapping",2.040668217821221
first_delivery,30,quintile_4_minus_quintile_1,wealth_index_4_minus_1,NFHS-5,within_wave_heterogeneity_gap,-8.426930648347936,2.0747799890081344,-12.493620703686558,-4.360240593009314,-4.061602045996453,4.888498667744965e-05,zero_sensitivity_only,False,25113,"EXPLORATORY: approximate 95% Taylor t interval and unadjusted two-sided p-value; no multiplicity adjustment; association only; conditional on fixed ridge, model, support rule and geography mapping",2.0949967396512625
first_delivery,30,quintile_4_minus_quintile_1,wealth_index_4_minus_1,NFHS-5_minus_NFHS-4,change_in_heterogeneity_gap,-7.788624256056654,2.8970218062749264,-13.466956335647183,-2.1102921764661247,-2.688493486375061,0.007182258474730485,zero_sensitivity_only,False,25113,"EXPLORATORY: approximate 95% Taylor t interval and unadjusted two-sided p-value; no multiplicity adjustment; association only; conditional on fixed ridge, model, support rule and geography mapping",2.924609053253966
first_delivery,30,quintile_5_minus_quintile_1,wealth_index_5_minus_1,NFHS-4,within_wave_heterogeneity_gap,-5.387810270881318,2.2459430070556405,-9.789989846565806,-0.9856306951968312,-2.398907832458565,0.016451297653536163,zero_sensitivity_only,False,25113,"EXPLORATORY: approximate 95% Taylor t interval and unadjusted two-sided p-value; no multiplicity adjustment; association only; conditional on fixed ridge, model, support rule and geography mapping",2.2626804822568456
first_delivery,30,quintile_5_minus_quintile_1,wealth_index_5_minus_1,NFHS-5,within_wave_heterogeneity_gap,-10.403082980883866,2.2391972430342237,-14.792040464776985,-6.014125496990746,-4.645898441169555,3.403163900188234e-06,zero_sensitivity_only,False,25113,"EXPLORATORY: approximate 95% Taylor t interval and unadjusted two-sided p-value; no multiplicity adjustment; association only; conditional on fixed ridge, model, support rule and geography mapping",2.217383603150489
first_delivery,30,quintile_5_minus_quintile_1,wealth_index_5_minus_1,NFHS-5_minus_NFHS-4,change_in_heterogeneity_gap,-5.015272710002547,3.1623156010673856,-11.213596134574814,1.1830507145697213,-1.5859494568820796,0.11276336605611002,zero_sensitivity_only,False,25113,"EXPLORATORY: approximate 95% Taylor t interval and unadjusted two-sided p-value; no multiplicity adjustment; association only; conditional on fixed ridge, model, support rule and geography mapping",3.1680456133563983
