analysis,reference_minimum_each_sector_each_wave,singleton_treatment,row_contrast,column_contrast,covariance_pp2
all_narrow,1,adjust,residence_2_minus_1,residence_2_minus_1,1.957383521228784
all_narrow,1,adjust,residence_2_minus_1,wealth_index_2_minus_1,-0.19511061382374387
all_narrow,1,adjust,residence_2_minus_1,wealth_index_3_minus_1,-0.48258901808859034
all_narrow,1,adjust,residence_2_minus_1,wealth_index_4_minus_1,-0.6741668827010114
all_narrow,1,adjust,residence_2_minus_1,wealth_index_5_minus_1,-1.5164746973119458
all_narrow,1,adjust,wealth_index_2_minus_1,residence_2_minus_1,-0.19511061382374387
all_narrow,1,adjust,wealth_index_2_minus_1,wealth_index_2_minus_1,3.917642236184791
all_narrow,1,adjust,wealth_index_2_minus_1,wealth_index_3_minus_1,2.1358676242427546
all_narrow,1,adjust,wealth_index_2_minus_1,wealth_index_4_minus_1,2.1857736543959305
all_narrow,1,adjust,wealth_index_2_minus_1,wealth_index_5_minus_1,2.2477438170694115
all_narrow,1,adjust,wealth_index_3_minus_1,residence_2_minus_1,-0.48258901808859034
all_narrow,1,adjust,wealth_index_3_minus_1,wealth_index_2_minus_1,2.1358676242427546
all_narrow,1,adjust,wealth_index_3_minus_1,wealth_index_3_minus_1,4.110240640287084
all_narrow,1,adjust,wealth_index_3_minus_1,wealth_index_4_minus_1,2.136233444551248
all_narrow,1,adjust,wealth_index_3_minus_1,wealth_index_5_minus_1,2.2700814484025993
all_narrow,1,adjust,wealth_index_4_minus_1,residence_2_minus_1,-0.6741668827010114
all_narrow,1,adjust,wealth_index_4_minus_1,wealth_index_2_minus_1,2.1857736543959305
all_narrow,1,adjust,wealth_index_4_minus_1,wealth_index_3_minus_1,2.136233444551248
all_narrow,1,adjust,wealth_index_4_minus_1,wealth_index_4_minus_1,3.9087951358417468
all_narrow,1,adjust,wealth_index_4_minus_1,wealth_index_5_minus_1,2.17459066487704
all_narrow,1,adjust,wealth_index_5_minus_1,residence_2_minus_1,-1.5164746973119458
all_narrow,1,adjust,wealth_index_5_minus_1,wealth_index_2_minus_1,2.247743817069412
all_narrow,1,adjust,wealth_index_5_minus_1,wealth_index_3_minus_1,2.2700814484025993
all_narrow,1,adjust,wealth_index_5_minus_1,wealth_index_4_minus_1,2.1745906648770394
all_narrow,1,adjust,wealth_index_5_minus_1,wealth_index_5_minus_1,4.738370964832714
all_narrow,1,average,residence_2_minus_1,residence_2_minus_1,1.9645017572060437
all_narrow,1,average,residence_2_minus_1,wealth_index_2_minus_1,-0.19557984372733547
all_narrow,1,average,residence_2_minus_1,wealth_index_3_minus_1,-0.490982834210234
all_narrow,1,average,residence_2_minus_1,wealth_index_4_minus_1,-0.6772107892118413
all_narrow,1,average,residence_2_minus_1,wealth_index_5_minus_1,-1.5235405152952153
all_narrow,1,average,wealth_index_2_minus_1,residence_2_minus_1,-0.19557984372733542
all_narrow,1,average,wealth_index_2_minus_1,wealth_index_2_minus_1,3.935327346209337
all_narrow,1,average,wealth_index_2_minus_1,wealth_index_3_minus_1,2.1488331091814925
all_narrow,1,average,wealth_index_2_minus_1,wealth_index_4_minus_1,2.1952668961275017
all_narrow,1,average,wealth_index_2_minus_1,wealth_index_5_minus_1,2.258637737137397
all_narrow,1,average,wealth_index_3_minus_1,residence_2_minus_1,-0.490982834210234
all_narrow,1,average,wealth_index_3_minus_1,wealth_index_2_minus_1,2.1488331091814925
all_narrow,1,average,wealth_index_3_minus_1,wealth_index_3_minus_1,4.105326551793724
all_narrow,1,average,wealth_index_3_minus_1,wealth_index_4_minus_1,2.150554902463479
all_narrow,1,average,wealth_index_3_minus_1,wealth_index_5_minus_1,2.2806730165177855
all_narrow,1,average,wealth_index_4_minus_1,residence_2_minus_1,-0.6772107892118413
all_narrow,1,average,wealth_index_4_minus_1,wealth_index_2_minus_1,2.1952668961275017
all_narrow,1,average,wealth_index_4_minus_1,wealth_index_3_minus_1,2.1505549024634787
all_narrow,1,average,wealth_index_4_minus_1,wealth_index_4_minus_1,3.9240547574974447
all_narrow,1,average,wealth_index_4_minus_1,wealth_index_5_minus_1,2.1858564927824755
all_narrow,1,average,wealth_index_5_minus_1,residence_2_minus_1,-1.5235405152952153
all_narrow,1,average,wealth_index_5_minus_1,wealth_index_2_minus_1,2.2586377371373967
all_narrow,1,average,wealth_index_5_minus_1,wealth_index_3_minus_1,2.2806730165177855
all_narrow,1,average,wealth_index_5_minus_1,wealth_index_4_minus_1,2.1858564927824755
all_narrow,1,average,wealth_index_5_minus_1,wealth_index_5_minus_1,4.758969503798129
all_narrow,1,zero_sensitivity_only,residence_2_minus_1,residence_2_minus_1,1.955408160600097
all_narrow,1,zero_sensitivity_only,residence_2_minus_1,wealth_index_2_minus_1,-0.1946417924929969
all_narrow,1,zero_sensitivity_only,residence_2_minus_1,wealth_index_3_minus_1,-0.48880389053803974
all_narrow,1,zero_sensitivity_only,residence_2_minus_1,wealth_index_4_minus_1,-0.6739272480785741
all_narrow,1,zero_sensitivity_only,residence_2_minus_1,wealth_index_5_minus_1,-1.5164646566795918
all_narrow,1,zero_sensitivity_only,wealth_index_2_minus_1,residence_2_minus_1,-0.19464179249299687
all_narrow,1,zero_sensitivity_only,wealth_index_2_minus_1,wealth_index_2_minus_1,3.916802008251731
all_narrow,1,zero_sensitivity_only,wealth_index_2_minus_1,wealth_index_3_minus_1,2.1386148870782296
all_narrow,1,zero_sensitivity_only,wealth_index_2_minus_1,wealth_index_4_minus_1,2.1849101933380513
all_narrow,1,zero_sensitivity_only,wealth_index_2_minus_1,wealth_index_5_minus_1,2.2479351336810547
all_narrow,1,zero_sensitivity_only,wealth_index_3_minus_1,residence_2_minus_1,-0.48880389053803974
all_narrow,1,zero_sensitivity_only,wealth_index_3_minus_1,wealth_index_2_minus_1,2.1386148870782296
all_narrow,1,zero_sensitivity_only,wealth_index_3_minus_1,wealth_index_3_minus_1,4.086051904971754
all_narrow,1,zero_sensitivity_only,wealth_index_3_minus_1,wealth_index_4_minus_1,2.1403677291665484
all_narrow,1,zero_sensitivity_only,wealth_index_3_minus_1,wealth_index_5_minus_1,2.2699225496312843
all_narrow,1,zero_sensitivity_only,wealth_index_4_minus_1,residence_2_minus_1,-0.673927248078574
all_narrow,1,zero_sensitivity_only,wealth_index_4_minus_1,wealth_index_2_minus_1,2.1849101933380513
all_narrow,1,zero_sensitivity_only,wealth_index_4_minus_1,wealth_index_3_minus_1,2.140367729166549
all_narrow,1,zero_sensitivity_only,wealth_index_4_minus_1,wealth_index_4_minus_1,3.905645652902527
all_narrow,1,zero_sensitivity_only,wealth_index_4_minus_1,wealth_index_5_minus_1,2.1753700740228115
all_narrow,1,zero_sensitivity_only,wealth_index_5_minus_1,residence_2_minus_1,-1.5164646566795916
all_narrow,1,zero_sensitivity_only,wealth_index_5_minus_1,wealth_index_2_minus_1,2.2479351336810547
all_narrow,1,zero_sensitivity_only,wealth_index_5_minus_1,wealth_index_3_minus_1,2.2699225496312843
all_narrow,1,zero_sensitivity_only,wealth_index_5_minus_1,wealth_index_4_minus_1,2.1753700740228115
all_narrow,1,zero_sensitivity_only,wealth_index_5_minus_1,wealth_index_5_minus_1,4.736808123080195
all_narrow,30,adjust,residence_2_minus_1,residence_2_minus_1,1.9749369009194195
all_narrow,30,adjust,residence_2_minus_1,wealth_index_2_minus_1,-0.07295212134607997
all_narrow,30,adjust,residence_2_minus_1,wealth_index_3_minus_1,-0.5406269480678653
all_narrow,30,adjust,residence_2_minus_1,wealth_index_4_minus_1,-0.8133629313559461
all_narrow,30,adjust,residence_2_minus_1,wealth_index_5_minus_1,-1.706945604647255
all_narrow,30,adjust,wealth_index_2_minus_1,residence_2_minus_1,-0.07295212134607988
all_narrow,30,adjust,wealth_index_2_minus_1,wealth_index_2_minus_1,3.8191737780802106
all_narrow,30,adjust,wealth_index_2_minus_1,wealth_index_3_minus_1,2.075108840783083
all_narrow,30,adjust,wealth_index_2_minus_1,wealth_index_4_minus_1,2.1310519088141784
all_narrow,30,adjust,wealth_index_2_minus_1,wealth_index_5_minus_1,2.180343131344942
all_narrow,30,adjust,wealth_index_3_minus_1,residence_2_minus_1,-0.5406269480678653
all_narrow,30,adjust,wealth_index_3_minus_1,wealth_index_2_minus_1,2.075108840783083
all_narrow,30,adjust,wealth_index_3_minus_1,wealth_index_3_minus_1,4.075299774553819
all_narrow,30,adjust,wealth_index_3_minus_1,wealth_index_4_minus_1,2.1088091210264372
all_narrow,30,adjust,wealth_index_3_minus_1,wealth_index_5_minus_1,2.2535614599628797
all_narrow,30,adjust,wealth_index_4_minus_1,residence_2_minus_1,-0.813362931355946
all_narrow,30,adjust,wealth_index_4_minus_1,wealth_index_2_minus_1,2.1310519088141775
all_narrow,30,adjust,wealth_index_4_minus_1,wealth_index_3_minus_1,2.1088091210264372
all_narrow,30,adjust,wealth_index_4_minus_1,wealth_index_4_minus_1,3.8715332175150836
all_narrow,30,adjust,wealth_index_4_minus_1,wealth_index_5_minus_1,2.1525606375040853
all_narrow,30,adjust,wealth_index_5_minus_1,residence_2_minus_1,-1.706945604647255
all_narrow,30,adjust,wealth_index_5_minus_1,wealth_index_2_minus_1,2.180343131344942
all_narrow,30,adjust,wealth_index_5_minus_1,wealth_index_3_minus_1,2.25356145996288
all_narrow,30,adjust,wealth_index_5_minus_1,wealth_index_4_minus_1,2.1525606375040858
all_narrow,30,adjust,wealth_index_5_minus_1,wealth_index_5_minus_1,4.706541392713577
all_narrow,30,average,residence_2_minus_1,residence_2_minus_1,1.9822390418234839
all_narrow,30,average,residence_2_minus_1,wealth_index_2_minus_1,-0.07299582177294157
all_narrow,30,average,residence_2_minus_1,wealth_index_3_minus_1,-0.5491471557332575
all_narrow,30,average,residence_2_minus_1,wealth_index_4_minus_1,-0.8170088052919244
all_narrow,30,average,residence_2_minus_1,wealth_index_5_minus_1,-1.7147585122796374
all_narrow,30,average,wealth_index_2_minus_1,residence_2_minus_1,-0.07299582177294153
all_narrow,30,average,wealth_index_2_minus_1,wealth_index_2_minus_1,3.8365250479038893
all_narrow,30,average,wealth_index_2_minus_1,wealth_index_3_minus_1,2.087404626661078
all_narrow,30,average,wealth_index_2_minus_1,wealth_index_4_minus_1,2.140364102506576
all_narrow,30,average,wealth_index_2_minus_1,wealth_index_5_minus_1,2.1908947987799885
all_narrow,30,average,wealth_index_3_minus_1,residence_2_minus_1,-0.5491471557332572
all_narrow,30,average,wealth_index_3_minus_1,wealth_index_2_minus_1,2.087404626661078
all_narrow,30,average,wealth_index_3_minus_1,wealth_index_3_minus_1,4.0703349916352956
all_narrow,30,average,wealth_index_3_minus_1,wealth_index_4_minus_1,2.123106804955007
all_narrow,30,average,wealth_index_3_minus_1,wealth_index_5_minus_1,2.264315782044979
all_narrow,30,average,wealth_index_4_minus_1,residence_2_minus_1,-0.8170088052919244
all_narrow,30,average,wealth_index_4_minus_1,wealth_index_2_minus_1,2.140364102506576
all_narrow,30,average,wealth_index_4_minus_1,wealth_index_3_minus_1,2.123106804955007
all_narrow,30,average,wealth_index_4_minus_1,wealth_index_4_minus_1,3.8867068538713694
all_narrow,30,average,wealth_index_4_minus_1,wealth_index_5_minus_1,2.1637794399584624
all_narrow,30,average,wealth_index_5_minus_1,residence_2_minus_1,-1.7147585122796374
all_narrow,30,average,wealth_index_5_minus_1,wealth_index_2_minus_1,2.190894798779989
all_narrow,30,average,wealth_index_5_minus_1,wealth_index_3_minus_1,2.264315782044979
all_narrow,30,average,wealth_index_5_minus_1,wealth_index_4_minus_1,2.163779439958463
all_narrow,30,average,wealth_index_5_minus_1,wealth_index_5_minus_1,4.727091667253164
all_narrow,30,zero_sensitivity_only,residence_2_minus_1,residence_2_minus_1,1.9730559626282769
all_narrow,30,zero_sensitivity_only,residence_2_minus_1,wealth_index_2_minus_1,-0.07262474950198253
all_narrow,30,zero_sensitivity_only,residence_2_minus_1,wealth_index_3_minus_1,-0.5466932244932937
all_narrow,30,zero_sensitivity_only,residence_2_minus_1,wealth_index_4_minus_1,-0.8130707453748071
all_narrow,30,zero_sensitivity_only,residence_2_minus_1,wealth_index_5_minus_1,-1.7067942602510457
all_narrow,30,zero_sensitivity_only,wealth_index_2_minus_1,residence_2_minus_1,-0.07262474950198254
all_narrow,30,zero_sensitivity_only,wealth_index_2_minus_1,wealth_index_2_minus_1,3.818433735963124
all_narrow,30,zero_sensitivity_only,wealth_index_2_minus_1,wealth_index_3_minus_1,2.0774508635478317
all_narrow,30,zero_sensitivity_only,wealth_index_2_minus_1,wealth_index_4_minus_1,2.130247778473087
all_narrow,30,zero_sensitivity_only,wealth_index_2_minus_1,wealth_index_5_minus_1,2.180489120398587
all_narrow,30,zero_sensitivity_only,wealth_index_3_minus_1,residence_2_minus_1,-0.5466932244932938
all_narrow,30,zero_sensitivity_only,wealth_index_3_minus_1,wealth_index_2_minus_1,2.0774508635478313
all_narrow,30,zero_sensitivity_only,wealth_index_3_minus_1,wealth_index_3_minus_1,4.051214364450999
all_narrow,30,zero_sensitivity_only,wealth_index_3_minus_1,wealth_index_4_minus_1,2.113035675140019
all_narrow,30,zero_sensitivity_only,wealth_index_3_minus_1,wealth_index_5_minus_1,2.2536322571360685
all_narrow,30,zero_sensitivity_only,wealth_index_4_minus_1,residence_2_minus_1,-0.8130707453748071
all_narrow,30,zero_sensitivity_only,wealth_index_4_minus_1,wealth_index_2_minus_1,2.130247778473087
all_narrow,30,zero_sensitivity_only,wealth_index_4_minus_1,wealth_index_3_minus_1,2.1130356751400186
all_narrow,30,zero_sensitivity_only,wealth_index_4_minus_1,wealth_index_4_minus_1,3.8684491608243063
all_narrow,30,zero_sensitivity_only,wealth_index_4_minus_1,wealth_index_5_minus_1,2.1533746859393452
all_narrow,30,zero_sensitivity_only,wealth_index_5_minus_1,residence_2_minus_1,-1.7067942602510453
all_narrow,30,zero_sensitivity_only,wealth_index_5_minus_1,wealth_index_2_minus_1,2.1804891203985868
all_narrow,30,zero_sensitivity_only,wealth_index_5_minus_1,wealth_index_3_minus_1,2.2536322571360685
all_narrow,30,zero_sensitivity_only,wealth_index_5_minus_1,wealth_index_4_minus_1,2.1533746859393452
all_narrow,30,zero_sensitivity_only,wealth_index_5_minus_1,wealth_index_5_minus_1,4.705049797375016
first_delivery,1,adjust,residence_2_minus_1,residence_2_minus_1,4.0762326017222525
first_delivery,1,adjust,residence_2_minus_1,wealth_index_2_minus_1,-0.32375992960565075
first_delivery,1,adjust,residence_2_minus_1,wealth_index_3_minus_1,-0.8973431518134345
first_delivery,1,adjust,residence_2_minus_1,wealth_index_4_minus_1,-1.4971402030667238
first_delivery,1,adjust,residence_2_minus_1,wealth_index_5_minus_1,-3.054155022762822
first_delivery,1,adjust,wealth_index_2_minus_1,residence_2_minus_1,-0.32375992960565075
first_delivery,1,adjust,wealth_index_2_minus_1,wealth_index_2_minus_1,8.753811060011422
first_delivery,1,adjust,wealth_index_2_minus_1,wealth_index_3_minus_1,5.135298715500698
first_delivery,1,adjust,wealth_index_2_minus_1,wealth_index_4_minus_1,5.316574245324032
first_delivery,1,adjust,wealth_index_2_minus_1,wealth_index_5_minus_1,5.344373359839572
first_delivery,1,adjust,wealth_index_3_minus_1,residence_2_minus_1,-0.8973431518134345
first_delivery,1,adjust,wealth_index_3_minus_1,wealth_index_2_minus_1,5.135298715500698
first_delivery,1,adjust,wealth_index_3_minus_1,wealth_index_3_minus_1,8.73766711050358
first_delivery,1,adjust,wealth_index_3_minus_1,wealth_index_4_minus_1,5.18909681121326
first_delivery,1,adjust,wealth_index_3_minus_1,wealth_index_5_minus_1,5.482881358800748
first_delivery,1,adjust,wealth_index_4_minus_1,residence_2_minus_1,-1.4971402030667238
first_delivery,1,adjust,wealth_index_4_minus_1,wealth_index_2_minus_1,5.316574245324032
first_delivery,1,adjust,wealth_index_4_minus_1,wealth_index_3_minus_1,5.189096811213259
first_delivery,1,adjust,wealth_index_4_minus_1,wealth_index_4_minus_1,8.583514948277916
first_delivery,1,adjust,wealth_index_4_minus_1,wealth_index_5_minus_1,5.384327408341839
first_delivery,1,adjust,wealth_index_5_minus_1,residence_2_minus_1,-3.054155022762822
first_delivery,1,adjust,wealth_index_5_minus_1,wealth_index_2_minus_1,5.344373359839572
first_delivery,1,adjust,wealth_index_5_minus_1,wealth_index_3_minus_1,5.482881358800747
first_delivery,1,adjust,wealth_index_5_minus_1,wealth_index_4_minus_1,5.384327408341841
first_delivery,1,adjust,wealth_index_5_minus_1,wealth_index_5_minus_1,10.152955276797703
first_delivery,1,average,residence_2_minus_1,residence_2_minus_1,4.092492781148586
first_delivery,1,average,residence_2_minus_1,wealth_index_2_minus_1,-0.32415118762083145
first_delivery,1,average,residence_2_minus_1,wealth_index_3_minus_1,-0.906731657386091
first_delivery,1,average,residence_2_minus_1,wealth_index_4_minus_1,-1.50210254438586
first_delivery,1,average,residence_2_minus_1,wealth_index_5_minus_1,-3.068628255617762
first_delivery,1,average,wealth_index_2_minus_1,residence_2_minus_1,-0.32415118762083145
first_delivery,1,average,wealth_index_2_minus_1,wealth_index_2_minus_1,8.789428141107338
first_delivery,1,average,wealth_index_2_minus_1,wealth_index_3_minus_1,5.167690532611418
first_delivery,1,average,wealth_index_2_minus_1,wealth_index_4_minus_1,5.335914469183332
first_delivery,1,average,wealth_index_2_minus_1,wealth_index_5_minus_1,5.367363767220422
first_delivery,1,average,wealth_index_3_minus_1,residence_2_minus_1,-0.9067316573860911
first_delivery,1,average,wealth_index_3_minus_1,wealth_index_2_minus_1,5.1676905326114175
first_delivery,1,average,wealth_index_3_minus_1,wealth_index_3_minus_1,8.729317604377265
first_delivery,1,average,wealth_index_3_minus_1,wealth_index_4_minus_1,5.228737411414476
first_delivery,1,average,wealth_index_3_minus_1,wealth_index_5_minus_1,5.506171774723734
first_delivery,1,average,wealth_index_4_minus_1,residence_2_minus_1,-1.5021025443858602
first_delivery,1,average,wealth_index_4_minus_1,wealth_index_2_minus_1,5.335914469183333
first_delivery,1,average,wealth_index_4_minus_1,wealth_index_3_minus_1,5.228737411414475
first_delivery,1,average,wealth_index_4_minus_1,wealth_index_4_minus_1,8.613589610998442
first_delivery,1,average,wealth_index_4_minus_1,wealth_index_5_minus_1,5.407170793954758
first_delivery,1,average,wealth_index_5_minus_1,residence_2_minus_1,-3.0686282556177615
first_delivery,1,average,wealth_index_5_minus_1,wealth_index_2_minus_1,5.367363767220422
first_delivery,1,average,wealth_index_5_minus_1,wealth_index_3_minus_1,5.506171774723735
first_delivery,1,average,wealth_index_5_minus_1,wealth_index_4_minus_1,5.407170793954758
first_delivery,1,average,wealth_index_5_minus_1,wealth_index_5_minus_1,10.190086080852689
first_delivery,1,zero_sensitivity_only,residence_2_minus_1,residence_2_minus_1,4.074979528941497
first_delivery,1,zero_sensitivity_only,residence_2_minus_1,wealth_index_2_minus_1,-0.32271307916592795
first_delivery,1,zero_sensitivity_only,residence_2_minus_1,wealth_index_3_minus_1,-0.902897948598726
first_delivery,1,zero_sensitivity_only,residence_2_minus_1,wealth_index_4_minus_1,-1.49555143431792
first_delivery,1,zero_sensitivity_only,residence_2_minus_1,wealth_index_5_minus_1,-3.0554648940567817
first_delivery,1,zero_sensitivity_only,wealth_index_2_minus_1,residence_2_minus_1,-0.32271307916592795
first_delivery,1,zero_sensitivity_only,wealth_index_2_minus_1,wealth_index_2_minus_1,8.751516891239024
first_delivery,1,zero_sensitivity_only,wealth_index_2_minus_1,wealth_index_3_minus_1,5.145267491944356
first_delivery,1,zero_sensitivity_only,wealth_index_2_minus_1,wealth_index_4_minus_1,5.312816555445696
first_delivery,1,zero_sensitivity_only,wealth_index_2_minus_1,wealth_index_5_minus_1,5.34408682609444
first_delivery,1,zero_sensitivity_only,wealth_index_3_minus_1,residence_2_minus_1,-0.902897948598726
first_delivery,1,zero_sensitivity_only,wealth_index_3_minus_1,wealth_index_2_minus_1,5.145267491944356
first_delivery,1,zero_sensitivity_only,wealth_index_3_minus_1,wealth_index_3_minus_1,8.691560790593943
first_delivery,1,zero_sensitivity_only,wealth_index_3_minus_1,wealth_index_4_minus_1,5.206079827399968
first_delivery,1,zero_sensitivity_only,wealth_index_3_minus_1,wealth_index_5_minus_1,5.482383394970782
first_delivery,1,zero_sensitivity_only,wealth_index_4_minus_1,residence_2_minus_1,-1.4955514343179197
first_delivery,1,zero_sensitivity_only,wealth_index_4_minus_1,wealth_index_2_minus_1,5.312816555445696
first_delivery,1,zero_sensitivity_only,wealth_index_4_minus_1,wealth_index_3_minus_1,5.206079827399968
first_delivery,1,zero_sensitivity_only,wealth_index_4_minus_1,wealth_index_4_minus_1,8.576487214140776
first_delivery,1,zero_sensitivity_only,wealth_index_4_minus_1,wealth_index_5_minus_1,5.383543779275644
first_delivery,1,zero_sensitivity_only,wealth_index_5_minus_1,residence_2_minus_1,-3.0554648940567812
first_delivery,1,zero_sensitivity_only,wealth_index_5_minus_1,wealth_index_2_minus_1,5.344086826094439
first_delivery,1,zero_sensitivity_only,wealth_index_5_minus_1,wealth_index_3_minus_1,5.482383394970781
first_delivery,1,zero_sensitivity_only,wealth_index_5_minus_1,wealth_index_4_minus_1,5.383543779275644
first_delivery,1,zero_sensitivity_only,wealth_index_5_minus_1,wealth_index_5_minus_1,10.146315291088785
first_delivery,30,adjust,residence_2_minus_1,residence_2_minus_1,4.258704433900961
first_delivery,30,adjust,residence_2_minus_1,wealth_index_2_minus_1,0.12025852006020823
first_delivery,30,adjust,residence_2_minus_1,wealth_index_3_minus_1,-0.4728922698868089
first_delivery,30,adjust,residence_2_minus_1,wealth_index_4_minus_1,-1.9579997958861153
first_delivery,30,adjust,residence_2_minus_1,wealth_index_5_minus_1,-3.74073396866213
first_delivery,30,adjust,wealth_index_2_minus_1,residence_2_minus_1,0.1202585200602083
first_delivery,30,adjust,wealth_index_2_minus_1,wealth_index_2_minus_1,8.518214393527147
first_delivery,30,adjust,wealth_index_2_minus_1,wealth_index_3_minus_1,4.919489977357697
first_delivery,30,adjust,wealth_index_2_minus_1,wealth_index_4_minus_1,5.069246522248518
first_delivery,30,adjust,wealth_index_2_minus_1,wealth_index_5_minus_1,5.078469398773295
first_delivery,30,adjust,wealth_index_3_minus_1,residence_2_minus_1,-0.4728922698868089
first_delivery,30,adjust,wealth_index_3_minus_1,wealth_index_2_minus_1,4.919489977357698
first_delivery,30,adjust,wealth_index_3_minus_1,wealth_index_3_minus_1,8.474535516954937
first_delivery,30,adjust,wealth_index_3_minus_1,wealth_index_4_minus_1,5.016515446661031
first_delivery,30,adjust,wealth_index_3_minus_1,wealth_index_5_minus_1,5.264382344379402
first_delivery,30,adjust,wealth_index_4_minus_1,residence_2_minus_1,-1.9579997958861153
first_delivery,30,adjust,wealth_index_4_minus_1,wealth_index_2_minus_1,5.069246522248517
first_delivery,30,adjust,wealth_index_4_minus_1,wealth_index_3_minus_1,5.016515446661031
first_delivery,30,adjust,wealth_index_4_minus_1,wealth_index_4_minus_1,8.398716595926315
first_delivery,30,adjust,wealth_index_4_minus_1,wealth_index_5_minus_1,5.301376972500815
first_delivery,30,adjust,wealth_index_5_minus_1,residence_2_minus_1,-3.74073396866213
first_delivery,30,adjust,wealth_index_5_minus_1,wealth_index_2_minus_1,5.078469398773295
first_delivery,30,adjust,wealth_index_5_minus_1,wealth_index_3_minus_1,5.2643823443794
first_delivery,30,adjust,wealth_index_5_minus_1,wealth_index_4_minus_1,5.301376972500816
first_delivery,30,adjust,wealth_index_5_minus_1,wealth_index_5_minus_1,10.005937776235173
first_delivery,30,average,residence_2_minus_1,residence_2_minus_1,4.275037591537855
first_delivery,30,average,residence_2_minus_1,wealth_index_2_minus_1,0.12238387978019151
first_delivery,30,average,residence_2_minus_1,wealth_index_3_minus_1,-0.4838743281048497
first_delivery,30,average,residence_2_minus_1,wealth_index_4_minus_1,-1.963675604751046
first_delivery,30,average,residence_2_minus_1,wealth_index_5_minus_1,-3.757288016454599
first_delivery,30,average,wealth_index_2_minus_1,residence_2_minus_1,0.12238387978019155
first_delivery,30,average,wealth_index_2_minus_1,wealth_index_2_minus_1,8.55302779544199
first_delivery,30,average,wealth_index_2_minus_1,wealth_index_3_minus_1,4.950199794879045
first_delivery,30,average,wealth_index_2_minus_1,wealth_index_4_minus_1,5.087994069404389
first_delivery,30,average,wealth_index_2_minus_1,wealth_index_5_minus_1,5.100334465347588
first_delivery,30,average,wealth_index_3_minus_1,residence_2_minus_1,-0.4838743281048497
first_delivery,30,average,wealth_index_3_minus_1,wealth_index_2_minus_1,4.950199794879045
first_delivery,30,average,wealth_index_3_minus_1,wealth_index_3_minus_1,8.464427021862987
first_delivery,30,average,wealth_index_3_minus_1,wealth_index_4_minus_1,5.0543698328538555
first_delivery,30,average,wealth_index_3_minus_1,wealth_index_5_minus_1,5.286299010086055
first_delivery,30,average,wealth_index_4_minus_1,residence_2_minus_1,-1.963675604751046
first_delivery,30,average,wealth_index_4_minus_1,wealth_index_2_minus_1,5.087994069404387
first_delivery,30,average,wealth_index_4_minus_1,wealth_index_3_minus_1,5.0543698328538555
first_delivery,30,average,wealth_index_4_minus_1,wealth_index_4_minus_1,8.429094935476995
first_delivery,30,average,wealth_index_4_minus_1,wealth_index_5_minus_1,5.324633638333542
first_delivery,30,average,wealth_index_5_minus_1,residence_2_minus_1,-3.757288016454599
first_delivery,30,average,wealth_index_5_minus_1,wealth_index_2_minus_1,5.100334465347587
first_delivery,30,average,wealth_index_5_minus_1,wealth_index_3_minus_1,5.286299010086055
first_delivery,30,average,wealth_index_5_minus_1,wealth_index_4_minus_1,5.324633638333542
first_delivery,30,average,wealth_index_5_minus_1,wealth_index_5_minus_1,10.043435865475741
first_delivery,30,zero_sensitivity_only,residence_2_minus_1,residence_2_minus_1,4.256721769418505
first_delivery,30,zero_sensitivity_only,residence_2_minus_1,wealth_index_2_minus_1,0.12191720281690302
first_delivery,30,zero_sensitivity_only,residence_2_minus_1,wealth_index_3_minus_1,-0.48184843235232927
first_delivery,30,zero_sensitivity_only,residence_2_minus_1,wealth_index_4_minus_1,-1.9551386181624146
first_delivery,30,zero_sensitivity_only,residence_2_minus_1,wealth_index_5_minus_1,-3.7411634187163103
first_delivery,30,zero_sensitivity_only,wealth_index_2_minus_1,residence_2_minus_1,0.12191720281690309
first_delivery,30,zero_sensitivity_only,wealth_index_2_minus_1,wealth_index_2_minus_1,8.516096547654117
first_delivery,30,zero_sensitivity_only,wealth_index_2_minus_1,wealth_index_3_minus_1,4.928678538714506
first_delivery,30,zero_sensitivity_only,wealth_index_2_minus_1,wealth_index_4_minus_1,5.065922524386078
first_delivery,30,zero_sensitivity_only,wealth_index_2_minus_1,wealth_index_5_minus_1,5.078169165001868
first_delivery,30,zero_sensitivity_only,wealth_index_3_minus_1,residence_2_minus_1,-0.4818484323523292
first_delivery,30,zero_sensitivity_only,wealth_index_3_minus_1,wealth_index_2_minus_1,4.928678538714505
first_delivery,30,zero_sensitivity_only,wealth_index_3_minus_1,wealth_index_3_minus_1,8.427763205516728
first_delivery,30,zero_sensitivity_only,wealth_index_3_minus_1,wealth_index_4_minus_1,5.032442678760467
first_delivery,30,zero_sensitivity_only,wealth_index_3_minus_1,wealth_index_5_minus_1,5.263420462787313
first_delivery,30,zero_sensitivity_only,wealth_index_4_minus_1,residence_2_minus_1,-1.9551386181624144
first_delivery,30,zero_sensitivity_only,wealth_index_4_minus_1,wealth_index_2_minus_1,5.065922524386078
first_delivery,30,zero_sensitivity_only,wealth_index_4_minus_1,wealth_index_3_minus_1,5.032442678760468
first_delivery,30,zero_sensitivity_only,wealth_index_4_minus_1,wealth_index_4_minus_1,8.392735346032437
first_delivery,30,zero_sensitivity_only,wealth_index_4_minus_1,wealth_index_5_minus_1,5.301336619207717
first_delivery,30,zero_sensitivity_only,wealth_index_5_minus_1,residence_2_minus_1,-3.7411634187163103
first_delivery,30,zero_sensitivity_only,wealth_index_5_minus_1,wealth_index_2_minus_1,5.078169165001868
first_delivery,30,zero_sensitivity_only,wealth_index_5_minus_1,wealth_index_3_minus_1,5.263420462787313
first_delivery,30,zero_sensitivity_only,wealth_index_5_minus_1,wealth_index_4_minus_1,5.301336619207715
first_delivery,30,zero_sensitivity_only,wealth_index_5_minus_1,wealth_index_5_minus_1,10.000239960754183
