analysis,reference_minimum_each_sector_each_wave,group,wave_or_contrast,estimate_pp,se_pp,ci_lower_pp,ci_upper_pp,singleton_treatment,conservative_design_df
all_narrow,1,overall,NFHS-4,19.045057046504745,0.48953130032758313,18.085547147709647,20.004566945299842,adjust,25148
all_narrow,1,overall,NFHS-5,23.706700587460823,0.47433273475865023,22.776980763582525,24.63642041133912,adjust,25148
all_narrow,1,overall,NFHS-5_minus_NFHS-4,4.6616435409560815,0.678892610124387,3.330974431141682,5.992312650770481,adjust,25148
all_narrow,1,residence_1,NFHS-4,17.78088627887539,0.9076624421777473,16.001814956058464,19.559957601692314,adjust,25148
all_narrow,1,residence_1,NFHS-5,20.271577011122574,0.8659789946237746,18.574207676548646,21.9689463456965,adjust,25148
all_narrow,1,residence_1,NFHS-5_minus_NFHS-4,2.4906907322471863,1.2506928897668452,0.03925972613810291,4.94212173835627,adjust,25148
all_narrow,1,residence_2,NFHS-4,19.85485134069243,0.5154086351290932,18.84462035648386,20.865082324901003,adjust,25148
all_narrow,1,residence_2,NFHS-5,25.910899912548953,0.5053485018625445,24.920387376263918,26.901412448833987,adjust,25148
all_narrow,1,residence_2,NFHS-5_minus_NFHS-4,6.05604857185652,0.7203901090561711,4.644041943943398,7.468055199769642,adjust,25148
all_narrow,1,wealth_index_1,NFHS-4,20.8684398307995,1.0527917558636806,18.80490658901272,22.931973072586278,adjust,25148
all_narrow,1,wealth_index_1,NFHS-5,29.797978955991766,1.1170433917102507,27.60850876070006,31.98744915128347,adjust,25148
all_narrow,1,wealth_index_1,NFHS-5_minus_NFHS-4,8.929539125192267,1.5285075024104147,5.933575275763358,11.925502974621176,adjust,25148
all_narrow,1,wealth_index_2,NFHS-4,20.44872968790114,0.9531076272155414,18.580583151983113,22.316876223819165,adjust,25148
all_narrow,1,wealth_index_2,NFHS-5,27.252558897986546,0.9471837280823953,25.396023549859606,29.109094246113486,adjust,25148
all_narrow,1,wealth_index_2,NFHS-5_minus_NFHS-4,6.803829210085407,1.3375399732070798,4.182172855389572,9.425485564781242,adjust,25148
all_narrow,1,wealth_index_3,NFHS-4,18.966785872736533,1.0412982062513834,16.925780658509815,21.007791086963252,adjust,25148
all_narrow,1,wealth_index_3,NFHS-5,24.020914529315117,0.9641464266772102,22.131131302653934,25.9106977559763,adjust,25148
all_narrow,1,wealth_index_3,NFHS-5_minus_NFHS-4,5.054128656578586,1.4157018045695535,2.2792705539045097,7.828986759252661,adjust,25148
all_narrow,1,wealth_index_4,NFHS-4,20.013805520757167,0.9154464609348868,18.219477067201343,21.80813397431299,adjust,25148
all_narrow,1,wealth_index_4,NFHS-5,22.146659367027134,0.9305115394164865,20.322802481030834,23.970516253023433,adjust,25148
all_narrow,1,wealth_index_4,NFHS-5_minus_NFHS-4,2.1328538462699664,1.305064288666266,-0.425148272698336,4.690855965238269,adjust,25148
all_narrow,1,wealth_index_5,NFHS-4,16.212952134430086,1.1728296291610347,13.914137660203117,18.511766608657055,adjust,25148
all_narrow,1,wealth_index_5,NFHS-5,19.436562497546092,1.0595706654486439,17.35974219761726,21.513382797474925,adjust,25148
all_narrow,1,wealth_index_5,NFHS-5_minus_NFHS-4,3.2236103631160056,1.5799124605539574,0.1268897977163892,6.320330928515622,adjust,25148
all_narrow,1,residence_2_minus_1,NFHS-4,2.073965061817043,1.01419309199987,0.08608745233162662,4.061842671302459,adjust,25148
all_narrow,1,residence_2_minus_1,NFHS-5,5.639322901426377,0.970083869702003,3.737901940156581,7.540743862696173,adjust,25148
all_narrow,1,wealth_index_2_minus_1,NFHS-4,-0.4197101428983607,1.37681759359316,-3.1183529242769037,2.2789326384801827,adjust,25148
all_narrow,1,wealth_index_2_minus_1,NFHS-5,-2.545420058005221,1.4342107133607906,-5.3565567013756805,0.2657165853652379,adjust,25148
all_narrow,1,wealth_index_3_minus_1,NFHS-4,-1.9016539580629654,1.4238030013173038,-4.6923908788358055,0.8890829627098742,adjust,25148
all_narrow,1,wealth_index_3_minus_1,NFHS-5,-5.777064426676648,1.4530422163274286,-8.62511191414142,-2.929016939211875,adjust,25148
all_narrow,1,wealth_index_4_minus_1,NFHS-4,-0.854634310042332,1.3843283187478996,-3.5679985507602057,1.8587299306755414,adjust,25148
all_narrow,1,wealth_index_4_minus_1,NFHS-5,-7.6513195889646335,1.420046221888108,-10.434693002955596,-4.867946174973671,adjust,25148
all_narrow,1,wealth_index_5_minus_1,NFHS-4,-4.655487696369412,1.5519065763902062,-7.697315095465575,-1.6136602972732494,adjust,25148
all_narrow,1,wealth_index_5_minus_1,NFHS-5,-10.361416458445674,1.532943341991862,-13.366074812158615,-7.356758104732733,adjust,25148
all_narrow,1,overall,NFHS-4,19.045057046504745,0.48990578341195645,18.084813139023897,20.005300953985593,average,25148
all_narrow,1,overall,NFHS-5,23.706700587460823,0.4754164300654163,22.77485665757863,24.638544517343014,average,25148
all_narrow,1,overall,NFHS-5_minus_NFHS-4,4.6616435409560815,0.6798286828152372,3.3291396740745407,5.994147407837622,average,25148
all_narrow,1,residence_1,NFHS-4,17.78088627887539,0.9093274401751537,15.998551462878527,19.56322109487225,average,25148
all_narrow,1,residence_1,NFHS-5,20.271577011122574,0.8684005185901067,18.569461348347957,21.97369267389719,average,25148
all_narrow,1,residence_1,NFHS-5_minus_NFHS-4,2.4906907322471863,1.2535609286079468,0.03363820274149054,4.947743261752882,average,25148
all_narrow,1,residence_2,NFHS-4,19.85485134069243,0.515008940064289,18.845403782121654,20.864298899263208,average,25148
all_narrow,1,residence_2,NFHS-5,25.910899912548953,0.5062556271876428,24.918609357721902,26.903190467376003,average,25148
all_narrow,1,residence_2,NFHS-5_minus_NFHS-4,6.05604857185652,0.7206135963772852,4.643603895759919,7.468493247953121,average,25148
all_narrow,1,wealth_index_1,NFHS-4,20.8684398307995,1.0547255163605036,18.80111630565932,22.935763355939677,average,25148
all_narrow,1,wealth_index_1,NFHS-5,29.797978955991766,1.1201845749953747,27.602351858262995,31.993606053720537,average,25148
all_narrow,1,wealth_index_1,NFHS-5_minus_NFHS-4,8.929539125192267,1.532104332671699,5.926525278679048,11.932552971705487,average,25148
all_narrow,1,wealth_index_2,NFHS-4,20.44872968790114,0.9544443395143823,18.577963117918447,22.31949625788383,average,25148
all_narrow,1,wealth_index_2,NFHS-5,27.252558897986546,0.9498404912624964,25.39081613908045,29.114301656892643,average,25148
all_narrow,1,wealth_index_2,NFHS-5_minus_NFHS-4,6.803829210085407,1.3404196046716916,4.176528609774781,9.431129810396033,average,25148
all_narrow,1,wealth_index_3,NFHS-4,18.966785872736533,1.0325545985461257,16.942918639551603,20.990653105921464,average,25148
all_narrow,1,wealth_index_3,NFHS-5,24.020914529315117,0.9661612165511458,22.127182196995644,25.91464686163459,average,25148
all_narrow,1,wealth_index_3,NFHS-5_minus_NFHS-4,5.054128656578586,1.4102690209877609,2.289919126572393,7.8183381865847785,average,25148
all_narrow,1,wealth_index_4,NFHS-4,20.013805520757167,0.9155113370058662,18.21934990631856,21.808261135195774,average,25148
all_narrow,1,wealth_index_4,NFHS-5,22.146659367027134,0.9329288195167386,20.31806447105517,23.975254262999098,average,25148
all_narrow,1,wealth_index_4,NFHS-5_minus_NFHS-4,2.1328538462699664,1.3067450747006326,-0.4284427113514968,4.694150403891429,average,25148
all_narrow,1,wealth_index_5,NFHS-4,16.212952134430086,1.1747997622782085,13.910276084392526,18.515628184467644,average,25148
all_narrow,1,wealth_index_5,NFHS-5,19.436562497546092,1.0621216748418003,17.35474207042822,21.518382924663964,average,25148
all_narrow,1,wealth_index_5,NFHS-5_minus_NFHS-4,3.2236103631160056,1.5830934709377686,0.12065483184312553,6.326565894388885,average,25148
all_narrow,1,residence_2_minus_1,NFHS-4,2.073965061817043,1.0154059434948537,0.08371019266625601,4.0642199309678295,average,25148
all_narrow,1,residence_2_minus_1,NFHS-5,5.639322901426377,0.9725965270098758,3.732976985291447,7.545668817561307,average,25148
all_narrow,1,wealth_index_2_minus_1,NFHS-4,-0.4197101428983607,1.3790128504224206,-3.1226557556927164,2.2832354698959954,average,25148
all_narrow,1,wealth_index_2_minus_1,NFHS-5,-2.545420058005221,1.438241783327695,-5.364457833608475,0.2736177175980332,average,25148
all_narrow,1,wealth_index_3_minus_1,NFHS-4,-1.9016539580629654,1.4188078002305404,-4.682599993378606,0.8792920772526744,average,25148
all_narrow,1,wealth_index_3_minus_1,NFHS-5,-5.777064426676648,1.4566454148374703,-8.632174393364702,-2.9219544599885947,average,25148
all_narrow,1,wealth_index_4_minus_1,NFHS-4,-0.854634310042332,1.385989411468521,-3.571254389369884,1.8619857692852197,average,25148
all_narrow,1,wealth_index_4_minus_1,NFHS-5,-7.6513195889646335,1.4239063522573414,-10.442259083607519,-4.860380094321748,average,25148
all_narrow,1,wealth_index_5_minus_1,NFHS-4,-4.655487696369412,1.554591481271508,-7.70257766562035,-1.608397727118474,average,25148
all_narrow,1,wealth_index_5_minus_1,NFHS-5,-10.361416458445674,1.5369529663948955,-13.37393390983549,-7.34889900705586,average,25148
all_narrow,1,overall,NFHS-4,19.045057046504745,0.4889915753482381,18.086605040146683,20.003509052862807,zero_sensitivity_only,25148
all_narrow,1,overall,NFHS-5,23.706700587460823,0.4740814824410377,22.777473232778433,24.635927942143212,zero_sensitivity_only,25148
all_narrow,1,overall,NFHS-5_minus_NFHS-4,4.6616435409560815,0.6782486574904049,3.3322366158605083,5.991050466051655,zero_sensitivity_only,25148
all_narrow,1,residence_1,NFHS-4,17.78088627887539,0.9076308598474759,16.001876859267725,19.559895698483054,zero_sensitivity_only,25148
all_narrow,1,residence_1,NFHS-5,20.271577011122574,0.8659613371590633,18.574242286209287,21.96891173603586,zero_sensitivity_only,25148
all_narrow,1,residence_1,NFHS-5_minus_NFHS-4,2.4906907322471863,1.2506577070532092,0.039328686308734984,4.942052778185637,zero_sensitivity_only,25148
all_narrow,1,residence_2,NFHS-4,19.85485134069243,0.5140476712876393,18.847287924986432,20.86241475639843,zero_sensitivity_only,25148
all_narrow,1,residence_2,NFHS-5,25.910899912548953,0.5048341129278657,24.921395608575775,26.90040421652213,zero_sensitivity_only,25148
all_narrow,1,residence_2,NFHS-5_minus_NFHS-4,6.05604857185652,0.718935845862466,4.646892384617732,7.465204759095308,zero_sensitivity_only,25148
all_narrow,1,wealth_index_1,NFHS-4,20.8684398307995,1.0527550498391391,18.80497853496157,22.931901126637428,zero_sensitivity_only,25148
all_narrow,1,wealth_index_1,NFHS-5,29.797978955991766,1.117041628492189,27.608512216710295,31.987445695273237,zero_sensitivity_only,25148
all_narrow,1,wealth_index_1,NFHS-5_minus_NFHS-4,8.929539125192267,1.5284809320018162,5.933627355313834,11.9254508950707,zero_sensitivity_only,25148
all_narrow,1,wealth_index_2,NFHS-4,20.44872968790114,0.9526625702892388,18.58145548951501,22.316003886287266,zero_sensitivity_only,25148
all_narrow,1,wealth_index_2,NFHS-5,27.252558897986546,0.9471736524277965,25.396043298730245,29.109074497242847,zero_sensitivity_only,25148
all_narrow,1,wealth_index_2,NFHS-5_minus_NFHS-4,6.803829210085407,1.3372905263539576,4.182661785769782,9.424996634401033,zero_sensitivity_only,25148
all_narrow,1,wealth_index_3,NFHS-4,18.966785872736533,1.0306281458540547,16.94669459918149,20.986877146291576,zero_sensitivity_only,25148
all_narrow,1,wealth_index_3,NFHS-5,24.020914529315117,0.9634473871851481,22.13250146082734,25.909327597802896,zero_sensitivity_only,25148
all_narrow,1,wealth_index_3,NFHS-5_minus_NFHS-4,5.054128656578586,1.4070138764032312,2.2962993998026753,7.811957913354496,zero_sensitivity_only,25148
all_narrow,1,wealth_index_4,NFHS-4,20.013805520757167,0.9138032765747194,18.22269780438009,21.804913237134244,zero_sensitivity_only,25148
all_narrow,1,wealth_index_4,NFHS-5,22.146659367027134,0.9303081491376005,20.323201137839458,23.97011759621481,zero_sensitivity_only,25148
all_narrow,1,wealth_index_4,NFHS-5_minus_NFHS-4,2.1328538462699664,1.3036824478876665,-0.42243978418138584,4.688147476721319,zero_sensitivity_only,25148
all_narrow,1,wealth_index_5,NFHS-4,16.212952134430086,1.1726085109674493,13.91457106475847,18.511333204101703,zero_sensitivity_only,25148
all_narrow,1,wealth_index_5,NFHS-5,19.436562497546092,1.0591375966872656,17.36059103764674,21.512533957445445,zero_sensitivity_only,25148
all_narrow,1,wealth_index_5,NFHS-5_minus_NFHS-4,3.2236103631160056,1.579469238003621,0.1277585397644101,6.319462186467601,zero_sensitivity_only,25148
all_narrow,1,residence_2_minus_1,NFHS-4,2.073965061817043,1.013511209752397,0.08742398130500417,4.060506142329082,zero_sensitivity_only,25148
all_narrow,1,residence_2_minus_1,NFHS-5,5.639322901426377,0.9698649846040699,3.7383309677142162,7.540314835138538,zero_sensitivity_only,25148
all_narrow,1,wealth_index_2_minus_1,NFHS-4,-0.4197101428983607,1.3764375606917187,-3.1176080376260265,2.2781877518293054,zero_sensitivity_only,25148
all_narrow,1,wealth_index_2_minus_1,NFHS-5,-2.545420058005221,1.434205011306427,-5.356545525016576,0.2657054090061335,zero_sensitivity_only,25148
all_narrow,1,wealth_index_3_minus_1,NFHS-4,-1.9016539580629654,1.4161586327842288,-4.677407470680668,0.874099554554737,zero_sensitivity_only,25148
all_narrow,1,wealth_index_3_minus_1,NFHS-5,-5.777064426676648,1.4525566068654674,-8.624160091274552,-2.9299687620787442,zero_sensitivity_only,25148
all_narrow,1,wealth_index_4_minus_1,NFHS-4,-0.854634310042332,1.3834015236021227,-3.566181978222488,1.8569133581378239,zero_sensitivity_only,25148
all_narrow,1,wealth_index_4_minus_1,NFHS-5,-7.6513195889646335,1.4199095315474037,-10.434425081915844,-4.868214096013423,zero_sensitivity_only,25148
all_narrow,1,wealth_index_5_minus_1,NFHS-4,-4.655487696369412,1.5516896789233252,-7.696889963780722,-1.6140854289581013,zero_sensitivity_only,25148
all_narrow,1,wealth_index_5_minus_1,NFHS-5,-10.361416458445674,1.5326379280208458,-13.365476182963253,-7.357356733928096,zero_sensitivity_only,25148
all_narrow,30,overall,NFHS-4,18.91745410970717,0.4804439242855353,17.97575599794302,19.85915222147132,adjust,25148
all_narrow,30,overall,NFHS-5,23.54610556495944,0.46846833692175344,22.627880302861378,24.464330827057502,adjust,25148
all_narrow,30,overall,NFHS-5_minus_NFHS-4,4.628651455252272,0.6682684651783766,3.3188062891471084,5.9384966213574355,adjust,25148
all_narrow,30,residence_1,NFHS-4,17.465494372556687,0.9059974664618583,15.689686499246628,19.241302245866745,adjust,25148
all_narrow,30,residence_1,NFHS-5,19.717752220834218,0.868812281815743,18.014829478122742,21.420674963545693,adjust,25148
all_narrow,30,residence_1,NFHS-5_minus_NFHS-4,2.2522578482775306,1.252677019153847,-0.20306216714728897,4.70757786370235,adjust,25148
all_narrow,30,residence_2,NFHS-4,19.78301463484749,0.5126453626533839,18.778199825849242,20.787829443845737,adjust,25148
all_narrow,30,residence_2,NFHS-5,25.833503562425875,0.5049719471226161,24.843729095392302,26.82327802945945,adjust,25148
all_narrow,30,residence_2,NFHS-5_minus_NFHS-4,6.050488927578384,0.718004403149176,4.643158422380692,7.457819432776077,adjust,25148
all_narrow,30,wealth_index_1,NFHS-4,20.342989105350917,1.0351396577504908,18.314055005361148,22.371923205340686,adjust,25148
all_narrow,30,wealth_index_1,NFHS-5,29.23848302957023,1.1105803677269162,27.061680738218495,31.415285320921964,adjust,25148
all_narrow,30,wealth_index_1,NFHS-5_minus_NFHS-4,8.895493924219311,1.5102079524466734,5.935398259974791,11.85558958846383,adjust,25148
all_narrow,30,wealth_index_2,NFHS-4,20.17549833691883,0.935216765005417,18.342418934352864,22.0085777394848,adjust,25148
all_narrow,30,wealth_index_2,NFHS-5,27.136782524355528,0.9343019369814496,25.305496238070592,28.968068810640464,adjust,25148
all_narrow,30,wealth_index_2,NFHS-5_minus_NFHS-4,6.961284187436697,1.3154966268545378,4.382834077190766,9.539734297682628,adjust,25148
all_narrow,30,wealth_index_3,NFHS-4,18.952430491123696,1.0347885484207928,16.924184585897326,20.980676396350066,adjust,25148
all_narrow,30,wealth_index_3,NFHS-5,24.023731989494852,0.9604350672003711,22.14122324385997,25.906240735129735,adjust,25148
all_narrow,30,wealth_index_3,NFHS-5_minus_NFHS-4,5.071301498371156,1.4083553385325889,2.310842897585749,7.831760099156563,adjust,25148
all_narrow,30,wealth_index_4,NFHS-4,19.99843464448836,0.9146829147136935,18.205602786057163,21.791266502919555,adjust,25148
all_narrow,30,wealth_index_4,NFHS-5,22.135395563905615,0.929748116856708,20.313035030650358,23.95775609716087,adjust,25148
all_narrow,30,wealth_index_4,NFHS-5_minus_NFHS-4,2.136960919417255,1.303981635693787,-0.4189191365831464,4.692840975417656,adjust,25148
all_narrow,30,wealth_index_5,NFHS-4,16.091841482508602,1.167200588967639,13.80406025535422,18.379622709662986,adjust,25148
all_narrow,30,wealth_index_5,NFHS-5,19.32833217856234,1.0585465592433974,17.253519186523103,21.40314517060158,adjust,25148
all_narrow,30,wealth_index_5,NFHS-5_minus_NFHS-4,3.23649069605374,1.5750832147841727,0.14923573401129797,6.323745658096182,adjust,25148
all_narrow,30,residence_2_minus_1,NFHS-4,2.3175202622908038,1.0155667844791822,0.32695013543026086,4.308090389151347,adjust,25148
all_narrow,30,residence_2_minus_1,NFHS-5,6.115751341591658,0.9757214557817784,4.203280382813563,8.028222300369752,adjust,25148
all_narrow,30,wealth_index_2_minus_1,NFHS-4,-0.16749076843208532,1.353859227583575,-2.821133813467689,2.486152276603518,adjust,25148
all_narrow,30,wealth_index_2_minus_1,NFHS-5,-2.1017005052146986,1.424152602182873,-4.8931226640732675,0.6897216536438702,adjust,25148
all_narrow,30,wealth_index_3_minus_1,NFHS-4,-1.390558614227222,1.4163364040898325,-4.16666056897178,1.3855433405173363,adjust,25148
all_narrow,30,wealth_index_3_minus_1,NFHS-5,-5.214751040075377,1.4499431194949706,-8.056724117004853,-2.372777963145902,adjust,25148
all_narrow,30,wealth_index_4_minus_1,NFHS-4,-0.3445544608625589,1.3735495387831431,-3.0367916642159223,2.3476827424908047,adjust,25148
all_narrow,30,wealth_index_4_minus_1,NFHS-5,-7.103087465664615,1.4184682631044905,-9.883367988410914,-4.322806942918315,adjust,25148
all_narrow,30,wealth_index_5_minus_1,NFHS-4,-4.251147622842316,1.5419600286233017,-7.273479208218708,-1.2288160374659234,adjust,25148
all_narrow,30,wealth_index_5_minus_1,NFHS-5,-9.910150851007888,1.5338220352329726,-12.91653149472003,-6.903770207295746,adjust,25148
all_narrow,30,overall,NFHS-4,18.91745410970717,0.48071950382056006,17.975215845982184,19.859692373432154,average,25148
all_narrow,30,overall,NFHS-5,23.54610556495944,0.4695104076188607,22.625837783520023,24.466373346398857,average,25148
all_narrow,30,overall,NFHS-5_minus_NFHS-4,4.628651455252272,0.6690915527124391,3.3171929895767245,5.940109920927819,average,25148
all_narrow,30,residence_1,NFHS-4,17.465494372556687,0.9076521055803541,15.686443310073498,19.244545435039875,average,25148
all_narrow,30,residence_1,NFHS-5,19.717752220834218,0.8712346473901841,18.010081500321075,21.42542294134736,average,25148
all_narrow,30,residence_1,NFHS-5_minus_NFHS-4,2.2522578482775306,1.2555421398203483,-0.2086779707514932,4.713193667306554,average,25148
all_narrow,30,residence_2,NFHS-4,19.78301463484749,0.5121850048801859,18.779102153933422,20.786927115761557,average,25148
all_narrow,30,residence_2,NFHS-5,25.833503562425875,0.5058974526547685,24.841915050572503,26.825092074279247,average,25148
all_narrow,30,residence_2,NFHS-5_minus_NFHS-4,6.050488927578384,0.7181896018250337,4.642795422174964,7.458182432981805,average,25148
all_narrow,30,wealth_index_1,NFHS-4,20.342989105350917,1.0370385156813733,18.310333133072557,22.375645077629276,average,25148
all_narrow,30,wealth_index_1,NFHS-5,29.23848302957023,1.113702934832771,27.055560324578522,31.421405734561937,average,25148
all_narrow,30,wealth_index_1,NFHS-5_minus_NFHS-4,8.895493924219311,1.5137672002288276,5.928421926741439,11.862565921697183,average,25148
all_narrow,30,wealth_index_2,NFHS-4,20.17549833691883,0.9365452220965385,18.339815080976784,22.01118159286088,average,25148
all_narrow,30,wealth_index_2,NFHS-5,27.136782524355528,0.93691730461785,25.300369964971335,28.97319508373972,average,25148
all_narrow,30,wealth_index_2,NFHS-5_minus_NFHS-4,6.961284187436697,1.3183488923383224,4.3772434704944185,9.545324904378976,average,25148
all_narrow,30,wealth_index_3,NFHS-4,18.952430491123696,1.025961132072941,16.941486836766433,20.96337414548096,average,25148
all_narrow,30,wealth_index_3,NFHS-5,24.023731989494852,0.9624245412177058,22.137323758757073,25.91014022023263,average,25148
all_narrow,30,wealth_index_3,NFHS-5_minus_NFHS-4,5.071301498371156,1.4028423375163026,2.321648701103633,7.820954295638678,average,25148
all_narrow,30,wealth_index_4,NFHS-4,19.99843464448836,0.9147444859275106,18.20548210288716,21.79138718608956,average,25148
all_narrow,30,wealth_index_4,NFHS-5,22.135395563905615,0.9321631047441097,20.308301513545565,23.962489614265664,average,25148
all_narrow,30,wealth_index_4,NFHS-5_minus_NFHS-4,2.136960919417255,1.3056573230201887,-0.4222035814713321,4.696125420305842,average,25148
all_narrow,30,wealth_index_5,NFHS-4,16.091841482508602,1.169159790700471,13.800220105694473,18.383462859322734,average,25148
all_narrow,30,wealth_index_5,NFHS-5,19.32833217856234,1.06111047976585,17.24849375276765,21.408170604357032,average,25148
all_narrow,30,wealth_index_5,NFHS-5_minus_NFHS-4,3.23649069605374,1.5782717835607682,0.14298595324736096,6.329995438860118,average,25148
all_narrow,30,residence_2_minus_1,NFHS-4,2.3175202622908038,1.016801142416571,0.3245307218834901,4.3105098026981175,average,25148
all_narrow,30,residence_2_minus_1,NFHS-5,6.115751341591658,0.9782842070199412,4.198257240923512,8.033245442259803,average,25148
all_narrow,30,wealth_index_2_minus_1,NFHS-4,-0.16749076843208532,1.3560394057752132,-2.8254070898743544,2.4904255530101835,average,25148
all_narrow,30,wealth_index_2_minus_1,NFHS-5,-2.1017005052146986,1.4281522325899836,-4.900962172935268,0.6975611625058704,average,25148
all_narrow,30,wealth_index_3_minus_1,NFHS-4,-1.390558614227222,1.4113184594889414,-4.156825104900456,1.375707876446012,average,25148
all_narrow,30,wealth_index_3_minus_1,NFHS-5,-5.214751040075377,1.453548500764797,-8.063790874564612,-2.3657112055861425,average,25148
all_narrow,30,wealth_index_4_minus_1,NFHS-4,-0.3445544608625589,1.3751966525855677,-3.0400201033306646,2.350911181605547,average,25148
all_narrow,30,wealth_index_4_minus_1,NFHS-5,-7.103087465664615,1.4223321381130583,-9.890941408774324,-4.315233522554904,average,25148
all_narrow,30,wealth_index_5_minus_1,NFHS-4,-4.251147622842316,1.5446098214135995,-7.27867295662733,-1.2236222890573023,average,25148
all_narrow,30,wealth_index_5_minus_1,NFHS-5,-9.910150851007888,1.5378668183180562,-12.924459505464224,-6.895842196551551,average,25148
all_narrow,30,overall,NFHS-4,18.91745410970717,0.4798224254178682,17.976974171970333,19.857934047444004,zero_sensitivity_only,25148
all_narrow,30,overall,NFHS-5,23.54610556495944,0.46819203937273157,22.62842186217152,24.46378926774736,zero_sensitivity_only,25148
all_narrow,30,overall,NFHS-5_minus_NFHS-4,4.628651455252272,0.6675343317560896,3.3202452334704833,5.93705767703406,zero_sensitivity_only,25148
all_narrow,30,residence_1,NFHS-4,17.465494372556687,0.9059587901581783,15.689762307057498,19.24122643805588,zero_sensitivity_only,25148
all_narrow,30,residence_1,NFHS-5,19.717752220834218,0.8687871456291558,18.014878746514434,21.420625695154,zero_sensitivity_only,25148
all_narrow,30,residence_1,NFHS-5_minus_NFHS-4,2.2522578482775306,1.2526315612554568,-0.20297306701527562,4.707488763570337,zero_sensitivity_only,25148
all_narrow,30,residence_2,NFHS-4,19.78301463484749,0.5112289668656651,18.780976044199363,20.785053225495616,zero_sensitivity_only,25148
all_narrow,30,residence_2,NFHS-5,25.833503562425875,0.5044769403253033,24.844699337584526,26.822307787267224,zero_sensitivity_only,25148
all_narrow,30,residence_2,NFHS-5_minus_NFHS-4,6.050488927578384,0.7165157572465456,4.646076255169767,7.454901599987002,zero_sensitivity_only,25148
all_narrow,30,wealth_index_1,NFHS-4,20.342989105350917,1.0351006897468478,18.314131384920955,22.371846825780878,zero_sensitivity_only,25148
all_narrow,30,wealth_index_1,NFHS-5,29.23848302957023,1.1105782952930896,27.061684800309664,31.415281258830795,zero_sensitivity_only,25148
all_narrow,30,wealth_index_1,NFHS-5_minus_NFHS-4,8.895493924219311,1.51017971887303,5.935453599425754,11.855534249012868,zero_sensitivity_only,25148
all_narrow,30,wealth_index_2,NFHS-4,20.17549833691883,0.9347968024238351,18.343242085505572,22.00775458833209,zero_sensitivity_only,25148
all_narrow,30,wealth_index_2,NFHS-5,27.136782524355528,0.9342870632006561,25.305525391548407,28.96803965716265,zero_sensitivity_only,25148
all_narrow,30,wealth_index_2,NFHS-5_minus_NFHS-4,6.961284187436697,1.315268051258471,4.383282098689907,9.539286276183487,zero_sensitivity_only,25148
all_narrow,30,wealth_index_3,NFHS-4,18.952430491123696,1.0240469406456665,16.945238763602227,20.959622218645166,zero_sensitivity_only,25148
all_narrow,30,wealth_index_3,NFHS-5,24.023731989494852,0.9597212530747946,22.14262236117674,25.904841617812963,zero_sensitivity_only,25148
all_narrow,30,wealth_index_3,NFHS-5_minus_NFHS-4,5.071301498371156,1.3996025806869778,2.3279988134362783,7.814604183306034,zero_sensitivity_only,25148
all_narrow,30,wealth_index_4,NFHS-4,19.99843464448836,0.9130378486695052,18.208827211446334,21.788042077530385,zero_sensitivity_only,25148
all_narrow,30,wealth_index_4,NFHS-5,22.135395563905615,0.9295445952525138,20.313433944864244,23.957357182946986,zero_sensitivity_only,25148
all_narrow,30,wealth_index_4,NFHS-5_minus_NFHS-4,2.136960919417255,1.3025972571997138,-0.4162056739958646,4.690127512830374,zero_sensitivity_only,25148
all_narrow,30,wealth_index_5,NFHS-4,16.091841482508602,1.1669790430049074,13.804494498362047,18.379188466655158,zero_sensitivity_only,25148
all_narrow,30,wealth_index_5,NFHS-5,19.32833217856234,1.0581292710586545,17.25433709570203,21.402327261422652,zero_sensitivity_only,25148
all_narrow,30,wealth_index_5,NFHS-5_minus_NFHS-4,3.23649069605374,1.5746558822077519,0.15007333078371898,6.32290806132376,zero_sensitivity_only,25148
all_narrow,30,residence_2_minus_1,NFHS-4,2.3175202622908038,1.0149039177454864,0.3282493928876238,4.306791131693984,zero_sensitivity_only,25148
all_narrow,30,residence_2_minus_1,NFHS-5,6.115751341591658,0.9755363580287252,4.203643185204708,8.027859497978607,zero_sensitivity_only,25148
all_narrow,30,wealth_index_2_minus_1,NFHS-4,-0.16749076843208532,1.3535065930696741,-2.8204426292543032,2.4854610923901324,zero_sensitivity_only,25148
all_narrow,30,wealth_index_2_minus_1,NFHS-5,-2.1017005052146986,1.4241441314069523,-4.893106060858436,0.6897050504290383,zero_sensitivity_only,25148
all_narrow,30,wealth_index_3_minus_1,NFHS-4,-1.390558614227222,1.4086829830306355,-4.151659417337488,1.3705421888830438,zero_sensitivity_only,25148
all_narrow,30,wealth_index_3_minus_1,NFHS-5,-5.214751040075377,1.4494684970977525,-8.05579382942566,-2.373708250725094,zero_sensitivity_only,25148
all_narrow,30,wealth_index_4_minus_1,NFHS-4,-0.3445544608625589,1.372628605055855,-3.0349865804002887,2.345877658675171,zero_sensitivity_only,25148
all_narrow,30,wealth_index_4_minus_1,NFHS-5,-7.103087465664615,1.4183397886700324,-9.883116171026568,-4.323058760302662,zero_sensitivity_only,25148
all_narrow,30,wealth_index_5_minus_1,NFHS-4,-4.251147622842316,1.54172641135666,-7.273021304751204,-1.2292739409334281,zero_sensitivity_only,25148
all_narrow,30,wealth_index_5_minus_1,NFHS-5,-9.910150851007888,1.5335492923720262,-12.915996902805828,-6.904304799209948,zero_sensitivity_only,25148
first_delivery,1,overall,NFHS-4,21.00928654805213,0.7079213483289681,19.621719325279944,22.39685377082432,adjust,25113
first_delivery,1,overall,NFHS-5,25.006547595706735,0.679386166669214,23.67491099695145,26.33818419446202,adjust,25113
first_delivery,1,overall,NFHS-5_minus_NFHS-4,3.9972610476546047,0.9785574085116499,2.079231327465002,5.9152907678442075,adjust,25113
first_delivery,1,residence_1,NFHS-4,19.585467585832657,1.3237604797925095,16.990819667816048,22.180115503849265,adjust,25113
first_delivery,1,residence_1,NFHS-5,21.753858437426068,1.270505844509068,19.263592717452244,24.24412415739989,adjust,25113
first_delivery,1,residence_1,NFHS-5_minus_NFHS-4,2.168390851593413,1.8318633708850969,-1.4221684330461408,5.758950136232967,adjust,25113
first_delivery,1,residence_2,NFHS-4,21.955135602056863,0.7206633113342953,20.542593386989697,23.36767781712403,adjust,25113
first_delivery,1,residence_2,NFHS-5,27.168679663037633,0.6891481747794967,25.817908957768626,28.51945036830664,adjust,25113
first_delivery,1,residence_2,NFHS-5_minus_NFHS-4,5.213544060980768,0.9956570174656383,3.2619981077198172,7.165090014241718,adjust,25113
first_delivery,1,wealth_index_1,NFHS-4,23.440980643309505,1.6397475289636105,20.226979638561886,26.654981648057124,adjust,25113
first_delivery,1,wealth_index_1,NFHS-5,32.36343706155136,1.6996151514764863,29.032092017243063,35.69478210585966,adjust,25113
first_delivery,1,wealth_index_1,NFHS-5_minus_NFHS-4,8.922456418241854,2.3549542005979904,4.3066085311952556,13.538304305288452,adjust,25113
first_delivery,1,wealth_index_2,NFHS-4,23.650874172946295,1.3978702973800525,20.91096668052522,26.39078166536737,adjust,25113
first_delivery,1,wealth_index_2,NFHS-5,28.13683285213786,1.3471960946525827,25.496249759116132,30.77741594515959,adjust,25113
first_delivery,1,wealth_index_2,NFHS-5_minus_NFHS-4,4.485958679191565,1.9373768087701828,0.6885868887320576,8.283330469651073,adjust,25113
first_delivery,1,wealth_index_3,NFHS-4,20.981072846685425,1.3790051994441526,18.278142048938175,23.684003644432675,adjust,25113
first_delivery,1,wealth_index_3,NFHS-5,26.04905745041423,1.3276145159565564,23.446855396236543,28.65125950459192,adjust,25113
first_delivery,1,wealth_index_3,NFHS-5_minus_NFHS-4,5.0679846037288065,1.9111519127318448,1.3220151424253568,8.813954065032256,adjust,25113
first_delivery,1,wealth_index_4,NFHS-4,22.46483335842224,1.2933871501908807,19.929718941833663,24.999947775010817,adjust,25113
first_delivery,1,wealth_index_4,NFHS-5,23.42685939590065,1.2577976417088208,20.961502496246467,25.89221629555483,adjust,25113
first_delivery,1,wealth_index_4,NFHS-5_minus_NFHS-4,0.9620260374784112,1.8055503291961457,-2.576958147377515,4.501010222334338,adjust,25113
first_delivery,1,wealth_index_5,NFHS-4,17.286505672274533,1.610135219673043,14.130546524661431,20.442464819887633,adjust,25113
first_delivery,1,wealth_index_5,NFHS-5,21.246194202816255,1.4469737474627118,18.41004107799469,24.08234732763782,adjust,25113
first_delivery,1,wealth_index_5,NFHS-5_minus_NFHS-4,3.9596885305417215,2.164090244899886,-0.28205484678713333,8.201431907870576,adjust,25113
first_delivery,1,residence_2_minus_1,NFHS-4,2.3696680162242076,1.4608910183678305,-0.493763773076068,5.233099805524484,adjust,25113
first_delivery,1,residence_2_minus_1,NFHS-5,5.414821225611563,1.3990303961109294,2.6726398718668487,8.157002579356277,adjust,25113
first_delivery,1,wealth_index_2_minus_1,NFHS-4,0.20989352963678987,2.081378581775994,-3.8697301532336423,4.289517212507222,adjust,25113
first_delivery,1,wealth_index_2_minus_1,NFHS-5,-4.226604209413498,2.1165249313493573,-8.375116791853364,-0.0780916269736327,adjust,25113
first_delivery,1,wealth_index_3_minus_1,NFHS-4,-2.4599077966240808,2.0617607766253565,-6.501079434681892,1.5812638414337306,adjust,25113
first_delivery,1,wealth_index_3_minus_1,NFHS-5,-6.314379611137127,2.1273485070985263,-10.484107034714626,-2.144652187559628,adjust,25113
first_delivery,1,wealth_index_4_minus_1,NFHS-4,-0.976147284887266,2.068008818861913,-5.029565450944842,3.0772708811703104,adjust,25113
first_delivery,1,wealth_index_4_minus_1,NFHS-5,-8.936577665650708,2.082363712872949,-13.01813226305493,-4.855023068246486,adjust,25113
first_delivery,1,wealth_index_5_minus_1,NFHS-4,-6.154474971034974,2.2716606594633504,-10.607062648709633,-1.7018872933603157,adjust,25113
first_delivery,1,wealth_index_5_minus_1,NFHS-5,-11.117242858735105,2.2411372080466476,-15.510002787449135,-6.724482930021076,adjust,25113
first_delivery,1,overall,NFHS-4,21.00928654805213,0.7090648364003491,19.61947802181986,22.399095074284403,average,25113
first_delivery,1,overall,NFHS-5,25.006547595706735,0.6803748820097502,23.672973057090733,26.340122134322737,average,25113
first_delivery,1,overall,NFHS-5_minus_NFHS-4,3.9972610476546047,0.9800354520262993,2.0763342757803764,5.918187819528833,average,25113
first_delivery,1,residence_1,NFHS-4,19.585467585832657,1.326163842146511,16.986108937118733,22.18482623454658,average,25113
first_delivery,1,residence_1,NFHS-5,21.753858437426068,1.2734471671662526,19.25782755311536,24.249889321736777,average,25113
first_delivery,1,residence_1,NFHS-5_minus_NFHS-4,2.168390851593413,1.8356288951446995,-1.4295490807007307,5.7663307838875575,average,25113
first_delivery,1,residence_2,NFHS-4,21.955135602056863,0.7216602924874639,20.54063924565306,23.369631958460666,average,25113
first_delivery,1,residence_2,NFHS-5,27.168679663037633,0.6897359195620482,25.816756943639444,28.520602382435822,average,25113
first_delivery,1,residence_2,NFHS-5_minus_NFHS-4,5.213544060980768,0.9967353879139874,3.2598844386071857,7.16720368335435,average,25113
first_delivery,1,wealth_index_1,NFHS-4,23.440980643309505,1.6427821607699216,20.221031582838524,26.660929703780486,average,25113
first_delivery,1,wealth_index_1,NFHS-5,32.36343706155136,1.703768885506415,29.02395045574665,35.70292366735607,average,25113
first_delivery,1,wealth_index_1,NFHS-5_minus_NFHS-4,8.922456418241854,2.360037307713151,4.296645344127249,13.548267492356459,average,25113
first_delivery,1,wealth_index_2,NFHS-4,23.650874172946295,1.399458004888641,20.9078546810023,26.393893664890292,average,25113
first_delivery,1,wealth_index_2,NFHS-5,28.13683285213786,1.3504832048936861,25.48980683090248,30.78385887337324,average,25113
first_delivery,1,wealth_index_2,NFHS-5_minus_NFHS-4,4.485958679191565,1.9408609218125226,0.6817578235126014,8.29015953487053,average,25113
first_delivery,1,wealth_index_3,NFHS-4,20.981072846685425,1.3664635764606774,18.30272436307987,23.65942133029098,average,25113
first_delivery,1,wealth_index_3,NFHS-5,26.04905745041423,1.3301995366991242,23.441788604479182,28.65632629634928,average,25113
first_delivery,1,wealth_index_3,NFHS-5_minus_NFHS-4,5.0679846037288065,1.9035085936518144,1.336996494596292,8.798972712861321,average,25113
first_delivery,1,wealth_index_4,NFHS-4,22.46483335842224,1.2927788508538898,19.930911244091018,24.998755472753462,average,25113
first_delivery,1,wealth_index_4,NFHS-5,23.42685939590065,1.2606627568785382,20.955886703039564,25.897832088761735,average,25113
first_delivery,1,wealth_index_4,NFHS-5_minus_NFHS-4,0.9620260374784112,1.8072519857071916,-2.580293493605903,4.504345568562726,average,25113
first_delivery,1,wealth_index_5,NFHS-4,17.286505672274533,1.6130015135052915,14.124928421207072,20.448082923341993,average,25113
first_delivery,1,wealth_index_5,NFHS-5,21.246194202816255,1.448216318239216,18.407605566640893,24.084782838991618,average,25113
first_delivery,1,wealth_index_5,NFHS-5_minus_NFHS-4,3.9596885305417215,2.1670232862775567,-0.28780377933210755,8.20718084041555,average,25113
first_delivery,1,residence_2_minus_1,NFHS-4,2.3696680162242076,1.4634594804250018,-0.4987981088421489,5.238134141290564,average,25113
first_delivery,1,residence_2_minus_1,NFHS-5,5.414821225611563,1.4022060551672932,2.666415394489932,8.163227056733195,average,25113
first_delivery,1,wealth_index_2_minus_1,NFHS-4,0.20989352963678987,2.084655361754262,-3.876152833528301,4.29593989280188,average,25113
first_delivery,1,wealth_index_2_minus_1,NFHS-5,-4.226604209413498,2.121697674499088,-8.385255670788613,-0.06795274803838414,average,25113
first_delivery,1,wealth_index_3_minus_1,NFHS-4,-2.4599077966240808,2.055217352180939,-6.488253940288777,1.5684383470406154,average,25113
first_delivery,1,wealth_index_3_minus_1,NFHS-5,-6.314379611137127,2.132117641470186,-10.493454816852758,-2.135304405421497,average,25113
first_delivery,1,wealth_index_4_minus_1,NFHS-4,-0.976147284887266,2.070187714958495,-5.033836214656913,3.081541644882381,average,25113
first_delivery,1,wealth_index_4_minus_1,NFHS-5,-8.936577665650708,2.0873356302385524,-13.027877511714442,-4.845277819586974,average,25113
first_delivery,1,wealth_index_5_minus_1,NFHS-4,-6.154474971034974,2.2758831358463993,-10.615338949236348,-1.6936109928335998,average,25113
first_delivery,1,wealth_index_5_minus_1,NFHS-5,-11.117242858735105,2.245187138809218,-15.517940888473923,-6.716544828996288,average,25113
first_delivery,1,overall,NFHS-4,21.00928654805213,0.7077404947772316,19.62207380881276,22.3964992872915,zero_sensitivity_only,25113
first_delivery,1,overall,NFHS-5,25.006547595706735,0.6787150304472208,23.676226463176405,26.336868728237064,zero_sensitivity_only,25113
first_delivery,1,overall,NFHS-5_minus_NFHS-4,3.9972610476546047,0.977935738530516,2.08044983696643,5.914072258342779,zero_sensitivity_only,25113
first_delivery,1,residence_1,NFHS-4,19.585467585832657,1.323687072227253,16.990963550934833,22.17997162073048,zero_sensitivity_only,25113
first_delivery,1,residence_1,NFHS-5,21.753858437426068,1.2703400386841435,19.263917706560925,24.24379916829121,zero_sensitivity_only,25113
first_delivery,1,residence_1,NFHS-5_minus_NFHS-4,2.168390851593413,1.8316952797361052,-1.4218389645687042,5.7586206677555305,zero_sensitivity_only,25113
first_delivery,1,residence_2,NFHS-4,21.955135602056863,0.7203123291340047,20.54328133261819,23.366989871495537,zero_sensitivity_only,25113
first_delivery,1,residence_2,NFHS-5,27.168679663037633,0.6880532350100231,25.820055103719184,28.51730422235608,zero_sensitivity_only,25113
first_delivery,1,residence_2,NFHS-5_minus_NFHS-4,5.213544060980768,0.9946024494652552,3.264065122643114,7.163022999318422,zero_sensitivity_only,25113
first_delivery,1,wealth_index_1,NFHS-4,23.440980643309505,1.6397128412545208,20.2270476284993,26.65491365811971,zero_sensitivity_only,25113
first_delivery,1,wealth_index_1,NFHS-5,32.36343706155136,1.6996132173139282,29.032095808314732,35.69477831478798,zero_sensitivity_only,25113
first_delivery,1,wealth_index_1,NFHS-5_minus_NFHS-4,8.922456418241854,2.354928651846291,4.306658608241985,13.538254228241723,zero_sensitivity_only,25113
first_delivery,1,wealth_index_2,NFHS-4,23.650874172946295,1.3968438538819257,20.912978569780137,26.388769776112454,zero_sensitivity_only,25113
first_delivery,1,wealth_index_2,NFHS-5,28.13683285213786,1.3471885374194552,25.496264571734805,30.777401132540916,zero_sensitivity_only,25113
first_delivery,1,wealth_index_2,NFHS-5_minus_NFHS-4,4.485958679191565,1.936700135549347,0.6899132077984,8.282004150584731,zero_sensitivity_only,25113
first_delivery,1,wealth_index_3,NFHS-4,20.981072846685425,1.3639115868202105,18.30772641194635,23.6544192814245,zero_sensitivity_only,25113
first_delivery,1,wealth_index_3,NFHS-5,26.04905745041423,1.326953903984926,23.44815023431562,28.649964666512844,zero_sensitivity_only,25113
first_delivery,1,wealth_index_3,NFHS-5_minus_NFHS-4,5.0679846037288065,1.8994219579581397,1.3450065394315533,8.79096266802606,zero_sensitivity_only,25113
first_delivery,1,wealth_index_4,NFHS-4,22.46483335842224,1.2903644942454706,19.935643524169635,24.994023192674845,zero_sensitivity_only,25113
first_delivery,1,wealth_index_4,NFHS-5,23.42685939590065,1.2575868161468016,20.96191572667139,25.89180306512991,zero_sensitivity_only,25113
first_delivery,1,wealth_index_4,NFHS-5_minus_NFHS-4,0.9620260374784112,1.8033745492643416,-2.572693491530558,4.49674556648738,zero_sensitivity_only,25113
first_delivery,1,wealth_index_5,NFHS-4,17.286505672274533,1.6099893221725918,14.130832492290446,20.44217885225862,zero_sensitivity_only,25113
first_delivery,1,wealth_index_5,NFHS-5,21.246194202816255,1.4446825167598594,18.414532024101334,24.077856381531177,zero_sensitivity_only,25113
first_delivery,1,wealth_index_5,NFHS-5_minus_NFHS-4,3.9596885305417215,2.1624229396875214,-0.278786831112094,8.198163892195538,zero_sensitivity_only,25113
first_delivery,1,residence_2_minus_1,NFHS-4,2.3696680162242076,1.460726188263584,-0.4934406964369491,5.232776728885364,zero_sensitivity_only,25113
first_delivery,1,residence_2_minus_1,NFHS-5,5.414821225611563,1.3987848969109757,2.673121064648895,8.15652138657423,zero_sensitivity_only,25113
first_delivery,1,wealth_index_2_minus_1,NFHS-4,0.20989352963678987,2.0807607204253635,-3.8685191088706263,4.288306168144206,zero_sensitivity_only,25113
first_delivery,1,wealth_index_2_minus_1,NFHS-5,-4.226604209413498,2.1165221901740607,-8.375111418989551,-0.07809699983744434,zero_sensitivity_only,25113
first_delivery,1,wealth_index_3_minus_1,NFHS-4,-2.4599077966240808,2.0513779822239955,-6.4807285507509045,1.560912957502743,zero_sensitivity_only,25113
first_delivery,1,wealth_index_3_minus_1,NFHS-5,-6.314379611137127,2.1269165402583377,-10.483260354458148,-2.145498867816107,zero_sensitivity_only,25113
first_delivery,1,wealth_index_4_minus_1,NFHS-4,-0.976147284887266,2.066320401122209,-5.026256053482129,3.0739614837075973,zero_sensitivity_only,25113
first_delivery,1,wealth_index_4_minus_1,NFHS-5,-8.936577665650708,2.0822438462408415,-13.017897317449448,-4.855258013851968,zero_sensitivity_only,25113
first_delivery,1,wealth_index_5_minus_1,NFHS-4,-6.154474971034974,2.2716319556368427,-10.607006387531856,-1.7019435545380919,zero_sensitivity_only,25113
first_delivery,1,wealth_index_5_minus_1,NFHS-5,-11.117242858735105,2.2397099323321403,-15.507205243620312,-6.727280473849898,zero_sensitivity_only,25113
first_delivery,30,overall,NFHS-4,20.77089973788931,0.6841658225555245,19.429894734212162,22.111904741566455,adjust,25113
first_delivery,30,overall,NFHS-5,24.955936299742586,0.6572636255239019,23.667661174758535,26.244211424726636,adjust,25113
first_delivery,30,overall,NFHS-5_minus_NFHS-4,4.185036561853278,0.9466956710138528,2.329457709569936,6.04061541413662,adjust,25113
first_delivery,30,residence_1,NFHS-4,19.047378161708284,1.346702411109001,16.407762717289206,21.686993606127363,adjust,25113
first_delivery,30,residence_1,NFHS-5,21.143963132739945,1.2984491438746382,18.59892691264305,23.688999352836838,adjust,25113
first_delivery,30,residence_1,NFHS-5_minus_NFHS-4,2.096584971031662,1.8704826467685596,-1.569670351747693,5.762840293811017,adjust,25113
first_delivery,30,residence_2,NFHS-4,21.721983998064825,0.7120040716310501,20.32641439897359,23.11755359715606,adjust,25113
first_delivery,30,residence_2,NFHS-5,27.06377295363876,0.685192084054477,25.72075641743572,28.406789489841803,adjust,25113
first_delivery,30,residence_2,NFHS-5_minus_NFHS-4,5.341788955573934,0.9864204179245674,3.408347277319403,7.275230633828465,adjust,25113
first_delivery,30,wealth_index_1,NFHS-4,22.638321936512725,1.5987485821845664,19.504681263958886,25.771962609066563,adjust,25113
first_delivery,30,wealth_index_1,NFHS-5,31.608386889291072,1.6824734303091595,28.310640620453846,34.9061331581283,adjust,25113
first_delivery,30,wealth_index_1,NFHS-5_minus_NFHS-4,8.970064952778348,2.308731012066581,4.444817217132182,13.495312688424512,adjust,25113
first_delivery,30,wealth_index_2,NFHS-4,23.65349365231375,1.387169035243299,20.93456125920039,26.372426045427108,adjust,25113
first_delivery,30,wealth_index_2,NFHS-5,28.433305544950528,1.336881848163678,25.81293897794455,31.053672111956505,adjust,25113
first_delivery,30,wealth_index_2,NFHS-5_minus_NFHS-4,4.779811892636776,1.92198621756508,1.0126065605637762,8.547017224709775,adjust,25113
first_delivery,30,wealth_index_3,NFHS-4,20.951531247495833,1.3385465495494064,18.32790176846722,23.575160726524444,adjust,25113
first_delivery,30,wealth_index_3,NFHS-5,26.364906166057377,1.3049008102925692,23.807224302662803,28.92258802945195,adjust,25113
first_delivery,30,wealth_index_3,NFHS-5_minus_NFHS-4,5.413374918561545,1.8687080683711297,1.7505978731703848,9.076151963952706,adjust,25113
first_delivery,30,wealth_index_4,NFHS-4,22.000015544221444,1.2711861256652721,19.50841643341706,24.491614655025828,adjust,25113
first_delivery,30,wealth_index_4,NFHS-5,23.181456240943138,1.2485496697593543,20.73422590688058,25.628686575005695,adjust,25113
first_delivery,30,wealth_index_4,NFHS-5_minus_NFHS-4,1.1814406967216944,1.7844822603833712,-2.3162488417717237,4.679130235215112,adjust,25113
first_delivery,30,wealth_index_5,NFHS-4,17.250511665631407,1.6014253805594827,14.111624311796136,20.38939901946668,adjust,25113
first_delivery,30,wealth_index_5,NFHS-5,21.20530390840721,1.4466123720164008,18.369859100583856,24.040748716230564,adjust,25113
first_delivery,30,wealth_index_5,NFHS-5_minus_NFHS-4,3.9547922427758007,2.157178299578294,-0.27340331769956805,8.18298780325117,adjust,25113
first_delivery,30,residence_2_minus_1,NFHS-4,2.674605836356542,1.4841488097077404,-0.23441258345503346,5.583624256168117,adjust,25113
first_delivery,30,residence_2_minus_1,NFHS-5,5.919809820898814,1.4351372138237273,3.1068569938892376,8.73276264790839,adjust,25113
first_delivery,30,wealth_index_2_minus_1,NFHS-4,1.0151717158010247,2.0481431051140784,-2.9993084901024516,5.029651921704501,adjust,25113
first_delivery,30,wealth_index_2_minus_1,NFHS-5,-3.175081344340547,2.1012841985609274,-7.29372119965024,0.9435585109691464,adjust,25113
first_delivery,30,wealth_index_3_minus_1,NFHS-4,-1.6867906890168927,2.018799828443885,-5.64375635744752,2.2701749794137354,adjust,25113
first_delivery,30,wealth_index_3_minus_1,NFHS-5,-5.243480723233695,2.1098930357748906,-9.378994402694154,-1.1079670437732352,adjust,25113
first_delivery,30,wealth_index_4_minus_1,NFHS-4,-0.6383063922912824,2.0348519387889215,-4.626735135290392,3.350122350707828,adjust,25113
first_delivery,30,wealth_index_4_minus_1,NFHS-5,-8.426930648347936,2.0748985244179132,-12.493853040018461,-4.3600082566774105,adjust,25113
first_delivery,30,wealth_index_5_minus_1,NFHS-4,-5.387810270881318,2.24595289895221,-9.79000923526129,-0.9856113065013457,adjust,25113
first_delivery,30,wealth_index_5_minus_1,NFHS-5,-10.403082980883866,2.2404592554481666,-14.794514082876585,-6.011651878891148,adjust,25113
first_delivery,30,overall,NFHS-4,20.77089973788931,0.685270808043933,19.42772889806529,22.114070577713328,average,25113
first_delivery,30,overall,NFHS-5,24.955936299742586,0.658051116788522,23.666117645848743,26.24575495363643,average,25113
first_delivery,30,overall,NFHS-5_minus_NFHS-4,4.185036561853278,0.9479976791569348,2.326905697503359,6.043167426203197,average,25113
first_delivery,30,residence_1,NFHS-4,19.047378161708284,1.349085430144903,16.40309186068449,21.691664462732078,average,25113
first_delivery,30,residence_1,NFHS-5,21.143963132739945,1.3013218934670838,18.593296155521347,23.694630109958542,average,25113
first_delivery,30,residence_1,NFHS-5_minus_NFHS-4,2.096584971031662,1.8741922147527683,-1.576941321831705,5.770111263895029,average,25113
first_delivery,30,residence_2,NFHS-4,21.721983998064825,0.7128581981125659,20.32474026114366,23.11922773498599,average,25113
first_delivery,30,residence_2,NFHS-5,27.06377295363876,0.6858605073840691,25.719446268638446,28.408099638639076,average,25113
first_delivery,30,residence_2,NFHS-5_minus_NFHS-4,5.341788955573934,0.9874307655108173,3.4063669369926184,7.277210974155249,average,25113
first_delivery,30,wealth_index_1,NFHS-4,22.638321936512725,1.6016449244351816,19.49900426384811,25.77763960917734,average,25113
first_delivery,30,wealth_index_1,NFHS-5,31.608386889291072,1.6865759338880626,28.302599473636015,34.91417430494613,average,25113
first_delivery,30,wealth_index_1,NFHS-5_minus_NFHS-4,8.970064952778348,2.3136730714209297,4.435130491920016,13.504999413636678,average,25113
first_delivery,30,wealth_index_2,NFHS-4,23.65349365231375,1.3887201171558479,20.93152104798658,26.37546625664092,average,25113
first_delivery,30,wealth_index_2,NFHS-5,28.433305544950528,1.3401138312977179,25.80660410208308,31.060006987817975,average,25113
first_delivery,30,wealth_index_2,NFHS-5_minus_NFHS-4,4.779811892636776,1.9254089593297896,1.0058977866358036,8.553725998637749,average,25113
first_delivery,30,wealth_index_3,NFHS-4,20.951531247495833,1.3257756406271117,18.35293349645143,23.550128998540234,average,25113
first_delivery,30,wealth_index_3,NFHS-5,26.364906166057377,1.3072890004378195,23.802543310381502,28.927269021733252,average,25113
first_delivery,30,wealth_index_3,NFHS-5_minus_NFHS-4,5.413374918561545,1.8608465616726115,1.7660068858272524,9.060742951295838,average,25113
first_delivery,30,wealth_index_4,NFHS-4,22.000015544221444,1.270694508913825,19.509380030986318,24.49065105745657,average,25113
first_delivery,30,wealth_index_4,NFHS-5,23.181456240943138,1.2513845979809048,20.7286692818566,25.634243200029676,average,25113
first_delivery,30,wealth_index_4,NFHS-5_minus_NFHS-4,1.1814406967216944,1.7863016169080024,-2.319814886906644,4.682696280350033,average,25113
first_delivery,30,wealth_index_5,NFHS-4,17.250511665631407,1.6042563862524586,14.106075375157443,20.39494795610537,average,25113
first_delivery,30,wealth_index_5,NFHS-5,21.20530390840721,1.4478700688391966,18.367393941295163,24.043213875519257,average,25113
first_delivery,30,wealth_index_5,NFHS-5_minus_NFHS-4,3.9547922427758007,2.1601195053051323,-0.2791682528461399,8.188752738397742,average,25113
first_delivery,30,residence_2_minus_1,NFHS-4,2.674605836356542,1.4864599337779116,-0.23894252172444563,5.5881541944375295,average,25113
first_delivery,30,residence_2_minus_1,NFHS-5,5.919809820898814,1.4384847795448847,3.1002955694008842,8.739324072396743,average,25113
first_delivery,30,wealth_index_2_minus_1,NFHS-4,1.0151717158010247,2.0513881222157884,-3.0056689133024252,5.036012344904474,average,25113
first_delivery,30,wealth_index_2_minus_1,NFHS-5,-3.175081344340547,2.106416123605451,-7.303780072713347,0.9536173840322535,average,25113
first_delivery,30,wealth_index_3_minus_1,NFHS-4,-1.6867906890168927,2.011783714699904,-5.630004364397205,2.2564229863634204,average,25113
first_delivery,30,wealth_index_3_minus_1,NFHS-5,-5.243480723233695,2.1146176900051277,-9.388255001155105,-1.0987064453122848,average,25113
first_delivery,30,wealth_index_4_minus_1,NFHS-4,-0.6383063922912824,2.0371797045989175,-4.63129769234262,3.3546849077600545,average,25113
first_delivery,30,wealth_index_4_minus_1,NFHS-5,-8.426930648347936,2.0798532453485024,-12.503564582660164,-4.350296714035707,average,25113
first_delivery,30,wealth_index_5_minus_1,NFHS-4,-5.387810270881318,2.25014653038984,-9.798228998008916,-0.9773915437537211,average,25113
first_delivery,30,wealth_index_5_minus_1,NFHS-5,-10.403082980883866,2.244672925118217,-14.802773121731047,-6.003392840036686,average,25113
first_delivery,30,overall,NFHS-4,20.77089973788931,0.6839908589582914,19.43023767308987,22.111561802688747,zero_sensitivity_only,25113
first_delivery,30,overall,NFHS-5,24.955936299742586,0.6564457476161698,23.669264263265017,26.242608336220155,zero_sensitivity_only,25113
first_delivery,30,overall,NFHS-5_minus_NFHS-4,4.185036561853278,0.9459669199845758,2.3308861041849216,6.039187019521634,zero_sensitivity_only,25113
first_delivery,30,residence_1,NFHS-4,19.047378161708284,1.346565891515762,16.408030303671918,21.68672601974465,zero_sensitivity_only,25113
first_delivery,30,residence_1,NFHS-5,21.143963132739945,1.298146552118073,18.59952001017328,23.68840625530661,zero_sensitivity_only,25113
first_delivery,30,residence_1,NFHS-5_minus_NFHS-4,2.096584971031662,1.8701743072549195,-1.5690659882776234,5.762235930340948,zero_sensitivity_only,25113
first_delivery,30,residence_2,NFHS-4,21.721983998064825,0.7115266162624694,20.327350239404655,23.116617756724995,zero_sensitivity_only,25113
first_delivery,30,residence_2,NFHS-5,27.06377295363876,0.6841873124412918,25.722725828529367,28.404820078748156,zero_sensitivity_only,25113
first_delivery,30,residence_2,NFHS-5_minus_NFHS-4,5.341788955573934,0.9853157610771389,3.4105124693107456,7.273065441837122,zero_sensitivity_only,25113
first_delivery,30,wealth_index_1,NFHS-4,22.638321936512725,1.5986518397442375,19.504870884796805,25.771772988228644,zero_sensitivity_only,25113
first_delivery,30,wealth_index_1,NFHS-5,31.608386889291072,1.6824625911916242,28.310661865757794,34.90611191282435,zero_sensitivity_only,25113
first_delivery,30,wealth_index_1,NFHS-5_minus_NFHS-4,8.970064952778348,2.3086561218209645,4.4449640063911415,13.495165899165553,zero_sensitivity_only,25113
first_delivery,30,wealth_index_2,NFHS-4,23.65349365231375,1.3861259401817392,20.93660578649297,26.37038151813453,zero_sensitivity_only,25113
first_delivery,30,wealth_index_2,NFHS-5,28.433305544950528,1.33684455959452,25.813012065719725,31.05359902418133,zero_sensitivity_only,25113
first_delivery,30,wealth_index_2,NFHS-5_minus_NFHS-4,4.779811892636776,1.9212821950361767,1.0139864858725764,8.545637299400974,zero_sensitivity_only,25113
first_delivery,30,wealth_index_3,NFHS-4,20.951531247495833,1.3232995723687613,18.35778673497114,23.545275760020527,zero_sensitivity_only,25113
first_delivery,30,wealth_index_3,NFHS-5,26.364906166057377,1.30409929322832,23.808795322959718,28.921017009155037,zero_sensitivity_only,25113
first_delivery,30,wealth_index_3,NFHS-5_minus_NFHS-4,5.413374918561545,1.8568456213950912,1.773848962637707,9.052900874485383,zero_sensitivity_only,25113
first_delivery,30,wealth_index_4,NFHS-4,22.000015544221444,1.2683213593202645,19.514031542907144,24.485999545535744,zero_sensitivity_only,25113
first_delivery,30,wealth_index_4,NFHS-5,23.181456240943138,1.248331273496817,20.734653976321045,25.62825850556523,zero_sensitivity_only,25113
first_delivery,30,wealth_index_4,NFHS-5_minus_NFHS-4,1.1814406967216944,1.7824646615132358,-2.3122942300517773,4.675175623495166,zero_sensitivity_only,25113
first_delivery,30,wealth_index_5,NFHS-4,17.250511665631407,1.6012605222350411,14.111947443748488,20.389075887514327,zero_sensitivity_only,25113
first_delivery,30,wealth_index_5,NFHS-5,21.20530390840721,1.4443371049590223,18.374318757012247,24.036289059802172,zero_sensitivity_only,25113
first_delivery,30,wealth_index_5,NFHS-5_minus_NFHS-4,3.9547922427758007,2.1555306874712654,-0.27017390166210475,8.179758387213706,zero_sensitivity_only,25113
first_delivery,30,residence_2_minus_1,NFHS-4,2.674605836356542,1.4836836996758072,-0.2335009406054196,5.582712613318503,zero_sensitivity_only,25113
first_delivery,30,residence_2_minus_1,NFHS-5,5.919809820898814,1.4349749284342754,3.1071750827386126,8.732444559059015,zero_sensitivity_only,25113
first_delivery,30,wealth_index_2_minus_1,NFHS-4,1.0151717158010247,2.047555079452255,-2.9981559254334793,5.028499357035528,zero_sensitivity_only,25113
first_delivery,30,wealth_index_2_minus_1,NFHS-5,-3.175081344340547,2.1012783035068274,-7.2937096449996215,0.9435469563185279,zero_sensitivity_only,25113
first_delivery,30,wealth_index_3_minus_1,NFHS-4,-1.6867906890168927,2.0080249345843453,-5.622636935659157,2.2490555576253715,zero_sensitivity_only,25113
first_delivery,30,wealth_index_3_minus_1,NFHS-5,-5.243480723233695,2.109459592153944,-9.378144827861068,-1.1088166186063226,zero_sensitivity_only,25113
first_delivery,30,wealth_index_4_minus_1,NFHS-4,-0.6383063922912824,2.0333736023625546,-4.62383750948168,3.3472247248991147,zero_sensitivity_only,25113
first_delivery,30,wealth_index_4_minus_1,NFHS-5,-8.426930648347936,2.0747799890081344,-12.493620703686558,-4.360240593009314,zero_sensitivity_only,25113
first_delivery,30,wealth_index_5_minus_1,NFHS-4,-5.387810270881318,2.245943007055642,-9.789989846565808,-0.9856306951968286,zero_sensitivity_only,25113
first_delivery,30,wealth_index_5_minus_1,NFHS-5,-10.403082980883866,2.2391972430342215,-14.792040464776981,-6.014125496990751,zero_sensitivity_only,25113
