wave,analysis,scenario,training_n,reference_n,excluded_original_weight_pct,training_rule,gap_difference_from_full_reference_pp,metric,estimate,se,ci_lower,ci_upper,singleton_treatment,design_df
NFHS-4,all_narrow,full_reference,114263,114263,0.0,Original full training fit unchanged,0.0,adjusted_public_pct,20.152015601282553,0.3707469160762098,19.42533117075303,20.878700031812077,adjust,26001
NFHS-4,all_narrow,full_reference,114263,114263,0.0,Original full training fit unchanged,0.0,adjusted_private_pct,39.31755722860801,0.35931393008392926,38.613282082026096,40.02183237518992,adjust,26001
NFHS-4,all_narrow,full_reference,114263,114263,0.0,Original full training fit unchanged,0.0,adjusted_gap_pp,19.165541627325457,0.4944713284668519,18.196350515655496,20.134732738995417,adjust,26001
NFHS-4,all_narrow,full_reference,114263,114263,0.0,Original full training fit unchanged,0.0,adjusted_public_pct,20.152015601282553,0.3706232473578338,19.425573568270824,20.878457634294282,average,26001
NFHS-4,all_narrow,full_reference,114263,114263,0.0,Original full training fit unchanged,0.0,adjusted_private_pct,39.31755722860801,0.3588916829910588,38.61410970964731,40.02100474756871,average,26001
NFHS-4,all_narrow,full_reference,114263,114263,0.0,Original full training fit unchanged,0.0,adjusted_gap_pp,19.165541627325457,0.49474280628597506,18.19581840413727,20.135264850513643,average,26001
NFHS-4,all_narrow,full_reference,114263,114263,0.0,Original full training fit unchanged,0.0,adjusted_public_pct,20.152015601282553,0.3699589813203183,19.42687556638938,20.877155636175726,zero_sensitivity_only,26001
NFHS-4,all_narrow,full_reference,114263,114263,0.0,Original full training fit unchanged,0.0,adjusted_private_pct,39.31755722860801,0.35824844337277445,38.61537049482296,40.01974396239306,zero_sensitivity_only,26001
NFHS-4,all_narrow,full_reference,114263,114263,0.0,Original full training fit unchanged,0.0,adjusted_gap_pp,19.165541627325457,0.49385608143570253,18.19755643381443,20.133526820836483,zero_sensitivity_only,26001
NFHS-4,all_narrow,states_both_sectors,114263,114263,0.0,Original full training fit unchanged,0.0,adjusted_public_pct,20.152015601282553,0.3707469160762098,19.42533117075303,20.878700031812077,adjust,26001
NFHS-4,all_narrow,states_both_sectors,114263,114263,0.0,Original full training fit unchanged,0.0,adjusted_private_pct,39.31755722860801,0.35931393008392926,38.613282082026096,40.02183237518992,adjust,26001
NFHS-4,all_narrow,states_both_sectors,114263,114263,0.0,Original full training fit unchanged,0.0,adjusted_gap_pp,19.165541627325457,0.4944713284668519,18.196350515655496,20.134732738995417,adjust,26001
NFHS-4,all_narrow,states_both_sectors,114263,114263,0.0,Original full training fit unchanged,0.0,adjusted_public_pct,20.152015601282553,0.3706232473578338,19.425573568270824,20.878457634294282,average,26001
NFHS-4,all_narrow,states_both_sectors,114263,114263,0.0,Original full training fit unchanged,0.0,adjusted_private_pct,39.31755722860801,0.3588916829910588,38.61410970964731,40.02100474756871,average,26001
NFHS-4,all_narrow,states_both_sectors,114263,114263,0.0,Original full training fit unchanged,0.0,adjusted_gap_pp,19.165541627325457,0.49474280628597506,18.19581840413727,20.135264850513643,average,26001
NFHS-4,all_narrow,states_both_sectors,114263,114263,0.0,Original full training fit unchanged,0.0,adjusted_public_pct,20.152015601282553,0.3699589813203183,19.42687556638938,20.877155636175726,zero_sensitivity_only,26001
NFHS-4,all_narrow,states_both_sectors,114263,114263,0.0,Original full training fit unchanged,0.0,adjusted_private_pct,39.31755722860801,0.35824844337277445,38.61537049482296,40.01974396239306,zero_sensitivity_only,26001
NFHS-4,all_narrow,states_both_sectors,114263,114263,0.0,Original full training fit unchanged,0.0,adjusted_gap_pp,19.165541627325457,0.49385608143570253,18.19755643381443,20.133526820836483,zero_sensitivity_only,26001
NFHS-4,all_narrow,states_30_each,114263,114053,0.020214705200665734,Original full training fit unchanged,-0.0008363244090814348,adjusted_public_pct,20.150922722416887,0.370747037529535,19.424238053832138,20.877607391001636,adjust,26001
NFHS-4,all_narrow,states_30_each,114263,114053,0.020214705200665734,Original full training fit unchanged,-0.0008363244090814348,adjusted_private_pct,39.31562802533326,0.35931891360080315,38.611343110783054,40.01991293988347,adjust,26001
NFHS-4,all_narrow,states_30_each,114263,114053,0.020214705200665734,Original full training fit unchanged,-0.0008363244090814348,adjusted_gap_pp,19.164705302916374,0.4944477560207826,18.19556039454253,20.13385021129022,adjust,26001
NFHS-4,all_narrow,states_30_each,114263,114053,0.020214705200665734,Original full training fit unchanged,-0.0008363244090814348,adjusted_public_pct,20.150922722416887,0.3706233368668802,19.424480513962482,20.87736493087129,average,26001
NFHS-4,all_narrow,states_30_each,114263,114053,0.020214705200665734,Original full training fit unchanged,-0.0008363244090814348,adjusted_private_pct,39.31562802533326,0.3588967501240992,38.612170574511964,40.01908547615456,average,26001
NFHS-4,all_narrow,states_30_each,114263,114053,0.020214705200665734,Original full training fit unchanged,-0.0008363244090814348,adjusted_gap_pp,19.164705302916374,0.4947192700893413,18.19502821197341,20.13438239385934,average,26001
NFHS-4,all_narrow,states_30_each,114263,114053,0.020214705200665734,Original full training fit unchanged,-0.0008363244090814348,adjusted_public_pct,20.150922722416887,0.3699590706689381,19.425782512395486,20.876062932438288,zero_sensitivity_only,26001
NFHS-4,all_narrow,states_30_each,114263,114053,0.020214705200665734,Original full training fit unchanged,-0.0008363244090814348,adjusted_private_pct,39.31562802533326,0.35825350142401985,38.61343137748843,40.01782467317809,zero_sensitivity_only,26001
NFHS-4,all_narrow,states_30_each,114263,114053,0.020214705200665734,Original full training fit unchanged,-0.0008363244090814348,adjusted_gap_pp,19.164705302916374,0.49383258742286645,18.196766158967996,20.132644446864752,zero_sensitivity_only,26001
NFHS-4,all_narrow,cells_both_sectors,114263,114039,0.0757829088164447,Original full training fit unchanged,-5.3719659515172324e-05,adjusted_public_pct,20.152898753137823,0.37073600240987614,19.426235713997034,20.87956179227861,adjust,26001
NFHS-4,all_narrow,cells_both_sectors,114263,114039,0.0757829088164447,Original full training fit unchanged,-5.3719659515172324e-05,adjusted_private_pct,39.31838666080376,0.35922530732634833,38.61428521972102,40.0224881018865,adjust,26001
NFHS-4,all_narrow,cells_both_sectors,114263,114039,0.0757829088164447,Original full training fit unchanged,-5.3719659515172324e-05,adjusted_gap_pp,19.16548790766594,0.49445350487939915,18.196331731211718,20.134644084120165,adjust,26001
NFHS-4,all_narrow,cells_both_sectors,114263,114039,0.0757829088164447,Original full training fit unchanged,-5.3719659515172324e-05,adjusted_public_pct,20.152898753137823,0.37060948748414707,19.426483690238427,20.879313816037218,average,26001
NFHS-4,all_narrow,cells_both_sectors,114263,114039,0.0757829088164447,Original full training fit unchanged,-5.3719659515172324e-05,adjusted_private_pct,39.31838666080376,0.3587975271674843,38.61512369245715,40.02164962915037,average,26001
NFHS-4,all_narrow,cells_both_sectors,114263,114039,0.0757829088164447,Original full training fit unchanged,-5.3719659515172324e-05,adjusted_gap_pp,19.16548790766594,0.49472491151404246,18.195799759219007,20.135176056112876,average,26001
NFHS-4,all_narrow,cells_both_sectors,114263,114039,0.0757829088164447,Original full training fit unchanged,-5.3719659515172324e-05,adjusted_public_pct,20.152898753137823,0.3699452461083786,19.427785640018598,20.878011866257047,zero_sensitivity_only,26001
NFHS-4,all_narrow,cells_both_sectors,114263,114039,0.0757829088164447,Original full training fit unchanged,-5.3719659515172324e-05,adjusted_private_pct,39.31838666080376,0.35815445630417225,38.61638414686374,40.020389174743784,zero_sensitivity_only,26001
NFHS-4,all_narrow,cells_both_sectors,114263,114039,0.0757829088164447,Original full training fit unchanged,-5.3719659515172324e-05,adjusted_gap_pp,19.16548790766594,0.4938382187364727,18.197537726031896,20.133438089299986,zero_sensitivity_only,26001
NFHS-4,all_narrow,cells_30_each,114263,104596,5.1907001152756616,Original full training fit unchanged,-0.11144431667641508,adjusted_public_pct,19.84697694320364,0.3711804973500302,19.119442669432292,20.574511216974987,adjust,26001
NFHS-4,all_narrow,cells_30_each,114263,104596,5.1907001152756616,Original full training fit unchanged,-0.11144431667641508,adjusted_private_pct,38.90107425385268,0.3588558375766413,38.19769699388385,39.6044515138215,adjust,26001
NFHS-4,all_narrow,cells_30_each,114263,104596,5.1907001152756616,Original full training fit unchanged,-0.11144431667641508,adjusted_gap_pp,19.05409731064904,0.4896746462569799,18.094307961013953,20.01388666028413,adjust,26001
NFHS-4,all_narrow,cells_30_each,114263,104596,5.1907001152756616,Original full training fit unchanged,-0.11144431667641508,adjusted_public_pct,19.84697694320364,0.37089070690789233,19.120010674702964,20.573943211704314,average,26001
NFHS-4,all_narrow,cells_30_each,114263,104596,5.1907001152756616,Original full training fit unchanged,-0.11144431667641508,adjusted_private_pct,38.90107425385268,0.3582162763598757,38.19895056918938,39.603197938515976,average,26001
NFHS-4,all_narrow,cells_30_each,114263,104596,5.1907001152756616,Original full training fit unchanged,-0.11144431667641508,adjusted_gap_pp,19.05409731064904,0.4899526913747755,18.09376297722764,20.01443164407044,average,26001
NFHS-4,all_narrow,cells_30_each,114263,104596,5.1907001152756616,Original full training fit unchanged,-0.11144431667641508,adjusted_public_pct,19.84697694320364,0.3702259615040749,19.12131361240595,20.57264027400133,zero_sensitivity_only,26001
NFHS-4,all_narrow,cells_30_each,114263,104596,5.1907001152756616,Original full training fit unchanged,-0.11144431667641508,adjusted_private_pct,38.90107425385268,0.35757424726923587,38.20020898166399,39.60193952604136,zero_sensitivity_only,26001
NFHS-4,all_narrow,cells_30_each,114263,104596,5.1907001152756616,Original full training fit unchanged,-0.11144431667641508,adjusted_gap_pp,19.05409731064904,0.4890745518214967,18.09548417924856,20.01271044204952,zero_sensitivity_only,26001
NFHS-4,all_narrow,states_30_each_refit,114053,114053,0.020214705200665734,Refit on supported rows; original coefficient schema and fixed ridge retained,0.00047405787493015605,adjusted_public_pct,20.148927668087886,0.37090751423608825,19.42192832169398,20.875927014481793,adjust,25898
NFHS-4,all_narrow,states_30_each_refit,114053,114053,0.020214705200665734,Refit on supported rows; original coefficient schema and fixed ridge retained,0.00047405787493015605,adjusted_private_pct,39.31494335328827,0.3593373631052247,38.610622146287525,40.01926456028902,adjust,25898
NFHS-4,all_narrow,states_30_each_refit,114053,114053,0.020214705200665734,Refit on supported rows; original coefficient schema and fixed ridge retained,0.00047405787493015605,adjusted_gap_pp,19.166015685200385,0.49460804759077426,18.196556417004537,20.135474953396233,adjust,25898
NFHS-4,all_narrow,states_30_each_refit,114053,114053,0.020214705200665734,Refit on supported rows; original coefficient schema and fixed ridge retained,0.00047405787493015605,adjusted_public_pct,20.148927668087886,0.37071248331511086,19.422310593140725,20.875544743035046,average,25898
NFHS-4,all_narrow,states_30_each_refit,114053,114053,0.020214705200665734,Refit on supported rows; original coefficient schema and fixed ridge retained,0.00047405787493015605,adjusted_private_pct,39.31494335328827,0.3588462093910306,38.611584834870236,40.018301871706306,average,25898
NFHS-4,all_narrow,states_30_each_refit,114053,114053,0.020214705200665734,Refit on supported rows; original coefficient schema and fixed ridge retained,0.00047405787493015605,adjusted_gap_pp,19.166015685200385,0.4947843568726581,18.196210841011133,20.135820529389637,average,25898
NFHS-4,all_narrow,states_30_each_refit,114053,114053,0.020214705200665734,Refit on supported rows; original coefficient schema and fixed ridge retained,0.00047405787493015605,adjusted_public_pct,20.148927668087886,0.3701193429618927,19.423473181205296,20.874382154970476,zero_sensitivity_only,25898
NFHS-4,all_narrow,states_30_each_refit,114053,114053,0.020214705200665734,Refit on supported rows; original coefficient schema and fixed ridge retained,0.00047405787493015605,adjusted_private_pct,39.31494335328827,0.3582720550882518,38.61271020922052,40.01717649735602,zero_sensitivity_only,25898
NFHS-4,all_narrow,states_30_each_refit,114053,114053,0.020214705200665734,Refit on supported rows; original coefficient schema and fixed ridge retained,0.00047405787493015605,adjusted_gap_pp,19.166015685200385,0.49399270139459633,18.19776252975571,20.13426884064506,zero_sensitivity_only,25898
NFHS-4,all_narrow,cells_30_each_refit,104596,104596,5.1907001152756616,Refit on supported rows; original coefficient schema and fixed ridge retained,-0.12952228676457178,adjusted_public_pct,19.843536409121683,0.3769253606316408,19.104740937296803,20.582331880946562,adjust,25303
NFHS-4,all_narrow,cells_30_each_refit,104596,104596,5.1907001152756616,Refit on supported rows; original coefficient schema and fixed ridge retained,-0.12952228676457178,adjusted_private_pct,38.87955574968257,0.3657088635591682,38.16274525979945,39.59636623956568,adjust,25303
NFHS-4,all_narrow,cells_30_each_refit,104596,104596,5.1907001152756616,Refit on supported rows; original coefficient schema and fixed ridge retained,-0.12952228676457178,adjusted_gap_pp,19.036019340560884,0.498273743202098,18.05937403181845,20.012664649303318,adjust,25303
NFHS-4,all_narrow,cells_30_each_refit,104596,104596,5.1907001152756616,Refit on supported rows; original coefficient schema and fixed ridge retained,-0.12952228676457178,adjusted_public_pct,19.843536409121683,0.3763771473507302,19.105815466983138,20.581257351260227,average,25303
NFHS-4,all_narrow,cells_30_each_refit,104596,104596,5.1907001152756616,Refit on supported rows; original coefficient schema and fixed ridge retained,-0.12952228676457178,adjusted_private_pct,38.87955574968257,0.36489888010297794,38.16433287414486,39.59477862522027,average,25303
NFHS-4,all_narrow,cells_30_each_refit,104596,104596,5.1907001152756616,Refit on supported rows; original coefficient schema and fixed ridge retained,-0.12952228676457178,adjusted_gap_pp,19.036019340560884,0.4980591888951365,18.05979457064921,20.012244110472558,average,25303
NFHS-4,all_narrow,cells_30_each_refit,104596,104596,5.1907001152756616,Refit on supported rows; original coefficient schema and fixed ridge retained,-0.12952228676457178,adjusted_public_pct,19.843536409121683,0.37606698895660196,19.10642339534526,20.580649422898105,zero_sensitivity_only,25303
NFHS-4,all_narrow,cells_30_each_refit,104596,104596,5.1907001152756616,Refit on supported rows; original coefficient schema and fixed ridge retained,-0.12952228676457178,adjusted_private_pct,38.87955574968257,0.36459818052153803,38.164922262687924,39.59418923667721,zero_sensitivity_only,25303
NFHS-4,all_narrow,cells_30_each_refit,104596,104596,5.1907001152756616,Refit on supported rows; original coefficient schema and fixed ridge retained,-0.12952228676457178,adjusted_gap_pp,19.036019340560884,0.49764875686094995,18.060599041135994,20.011439639985774,zero_sensitivity_only,25303
NFHS-4,first_delivery,full_reference,52851,52851,0.0,Original full training fit unchanged,0.0,adjusted_public_pct,23.133015666974067,0.5299236269250406,22.09433602724659,24.171695306701544,adjust,25966
NFHS-4,first_delivery,full_reference,52851,52851,0.0,Original full training fit unchanged,0.0,adjusted_private_pct,44.34084187205102,0.4558555670744557,43.44733972925331,45.23434401484874,adjust,25966
NFHS-4,first_delivery,full_reference,52851,52851,0.0,Original full training fit unchanged,0.0,adjusted_gap_pp,21.20782620507696,0.7055006237167847,19.82500593355637,22.59064647659755,adjust,25966
NFHS-4,first_delivery,full_reference,52851,52851,0.0,Original full training fit unchanged,0.0,adjusted_public_pct,23.133015666974067,0.5295975756985032,22.09497510569734,24.171056228250794,average,25966
NFHS-4,first_delivery,full_reference,52851,52851,0.0,Original full training fit unchanged,0.0,adjusted_private_pct,44.34084187205102,0.45544548794358497,43.44814350704745,45.2335402370546,average,25966
NFHS-4,first_delivery,full_reference,52851,52851,0.0,Original full training fit unchanged,0.0,adjusted_gap_pp,21.20782620507696,0.7065581649897734,19.822933094127034,22.592719316026884,average,25966
NFHS-4,first_delivery,full_reference,52851,52851,0.0,Original full training fit unchanged,0.0,adjusted_public_pct,23.133015666974067,0.528647245318346,22.096837805842664,24.16919352810547,zero_sensitivity_only,25966
NFHS-4,first_delivery,full_reference,52851,52851,0.0,Original full training fit unchanged,0.0,adjusted_private_pct,44.34084187205102,0.45462821893866656,43.44974539953244,45.231938344569606,zero_sensitivity_only,25966
NFHS-4,first_delivery,full_reference,52851,52851,0.0,Original full training fit unchanged,0.0,adjusted_gap_pp,21.20782620507696,0.705290289681522,19.825418199907347,22.59023421024657,zero_sensitivity_only,25966
NFHS-4,first_delivery,states_both_sectors,52851,52851,0.0,Original full training fit unchanged,0.0,adjusted_public_pct,23.133015666974067,0.5299236269250406,22.09433602724659,24.171695306701544,adjust,25966
NFHS-4,first_delivery,states_both_sectors,52851,52851,0.0,Original full training fit unchanged,0.0,adjusted_private_pct,44.34084187205102,0.4558555670744557,43.44733972925331,45.23434401484874,adjust,25966
NFHS-4,first_delivery,states_both_sectors,52851,52851,0.0,Original full training fit unchanged,0.0,adjusted_gap_pp,21.20782620507696,0.7055006237167847,19.82500593355637,22.59064647659755,adjust,25966
NFHS-4,first_delivery,states_both_sectors,52851,52851,0.0,Original full training fit unchanged,0.0,adjusted_public_pct,23.133015666974067,0.5295975756985032,22.09497510569734,24.171056228250794,average,25966
NFHS-4,first_delivery,states_both_sectors,52851,52851,0.0,Original full training fit unchanged,0.0,adjusted_private_pct,44.34084187205102,0.45544548794358497,43.44814350704745,45.2335402370546,average,25966
NFHS-4,first_delivery,states_both_sectors,52851,52851,0.0,Original full training fit unchanged,0.0,adjusted_gap_pp,21.20782620507696,0.7065581649897734,19.822933094127034,22.592719316026884,average,25966
NFHS-4,first_delivery,states_both_sectors,52851,52851,0.0,Original full training fit unchanged,0.0,adjusted_public_pct,23.133015666974067,0.528647245318346,22.096837805842664,24.16919352810547,zero_sensitivity_only,25966
NFHS-4,first_delivery,states_both_sectors,52851,52851,0.0,Original full training fit unchanged,0.0,adjusted_private_pct,44.34084187205102,0.45462821893866656,43.44974539953244,45.231938344569606,zero_sensitivity_only,25966
NFHS-4,first_delivery,states_both_sectors,52851,52851,0.0,Original full training fit unchanged,0.0,adjusted_gap_pp,21.20782620507696,0.705290289681522,19.825418199907347,22.59023421024657,zero_sensitivity_only,25966
NFHS-4,first_delivery,states_30_each,52851,52546,0.12604642491493537,Original full training fit unchanged,-0.003221058453900527,adjusted_public_pct,23.12906599107798,0.5301896114636956,22.08986500693265,24.168266975223307,adjust,25966
NFHS-4,first_delivery,states_30_each,52851,52546,0.12604642491493537,Original full training fit unchanged,-0.003221058453900527,adjusted_private_pct,44.33367113770104,0.4559636097597666,43.43995722526002,45.22738505014206,adjust,25966
NFHS-4,first_delivery,states_30_each,52851,52546,0.12604642491493537,Original full training fit unchanged,-0.003221058453900527,adjusted_gap_pp,21.204605146623056,0.7053516073471193,19.822076955434976,22.587133337811135,adjust,25966
NFHS-4,first_delivery,states_30_each,52851,52546,0.12604642491493537,Original full training fit unchanged,-0.003221058453900527,adjusted_public_pct,23.12906599107798,0.5298619755442041,22.090507191469307,24.167624790686652,average,25966
NFHS-4,first_delivery,states_30_each,52851,52546,0.12604642491493537,Original full training fit unchanged,-0.003221058453900527,adjusted_private_pct,44.33367113770104,0.45555020147828584,43.44076752837362,45.22657474702846,average,25966
NFHS-4,first_delivery,states_30_each,52851,52546,0.12604642491493537,Original full training fit unchanged,-0.003221058453900527,adjusted_gap_pp,21.204605146623056,0.7064090680024027,19.820004274020807,22.589206019225305,average,25966
NFHS-4,first_delivery,states_30_each,52851,52546,0.12604642491493537,Original full training fit unchanged,-0.003221058453900527,adjusted_public_pct,23.12906599107798,0.528911170714734,22.092370821561545,24.165761160594414,zero_sensitivity_only,25966
NFHS-4,first_delivery,states_30_each,52851,52546,0.12604642491493537,Original full training fit unchanged,-0.003221058453900527,adjusted_private_pct,44.33367113770104,0.4547327445713493,43.44236978915696,45.224972486245115,zero_sensitivity_only,25966
NFHS-4,first_delivery,states_30_each,52851,52546,0.12604642491493537,Original full training fit unchanged,-0.003221058453900527,adjusted_gap_pp,21.204605146623056,0.705141460239554,19.82248885539732,22.58672143784879,zero_sensitivity_only,25966
NFHS-4,first_delivery,cells_both_sectors,52851,52705,0.09694321887750637,Original full training fit unchanged,-9.228089568047437e-05,adjusted_public_pct,23.1351470715647,0.530004642890661,22.09630863606042,24.173985507068977,adjust,25966
NFHS-4,first_delivery,cells_both_sectors,52851,52705,0.09694321887750637,Original full training fit unchanged,-9.228089568047437e-05,adjusted_private_pct,44.34288099574598,0.45584034121535194,43.44940869647485,45.23635329501711,adjust,25966
NFHS-4,first_delivery,cells_both_sectors,52851,52705,0.09694321887750637,Original full training fit unchanged,-9.228089568047437e-05,adjusted_gap_pp,21.207733924181277,0.7054745341056403,19.824964789742573,22.59050305861998,adjust,25966
NFHS-4,first_delivery,cells_both_sectors,52851,52705,0.09694321887750637,Original full training fit unchanged,-9.228089568047437e-05,adjusted_public_pct,23.1351470715647,0.5296713804953767,22.09696184880105,24.173332294328347,average,25966
NFHS-4,first_delivery,cells_both_sectors,52851,52705,0.09694321887750637,Original full training fit unchanged,-9.228089568047437e-05,adjusted_private_pct,44.34288099574598,0.45541880977713534,43.45023492142526,45.235527070066695,average,25966
NFHS-4,first_delivery,cells_both_sectors,52851,52705,0.09694321887750637,Original full training fit unchanged,-9.228089568047437e-05,adjusted_gap_pp,21.207733924181277,0.7065324358064456,19.82289124385477,22.592576604507784,average,25966
NFHS-4,first_delivery,cells_both_sectors,52851,52705,0.09694321887750637,Original full training fit unchanged,-9.228089568047437e-05,adjusted_public_pct,23.1351470715647,0.5287209176770363,22.098824808532544,24.171469334596853,zero_sensitivity_only,25966
NFHS-4,first_delivery,cells_both_sectors,52851,52705,0.09694321887750637,Original full training fit unchanged,-9.228089568047437e-05,adjusted_private_pct,44.34288099574598,0.45460158864455097,43.45183672007783,45.23392527141413,zero_sensitivity_only,25966
NFHS-4,first_delivery,cells_both_sectors,52851,52705,0.09694321887750637,Original full training fit unchanged,-9.228089568047437e-05,adjusted_gap_pp,21.207733924181277,0.7052646066676364,19.82537625914042,22.590091589222133,zero_sensitivity_only,25966
NFHS-4,first_delivery,cells_30_each,52851,43119,14.72441377548526,Original full training fit unchanged,-0.25542767506686326,adjusted_public_pct,21.31223555548182,0.4999358452778192,20.332333627588596,22.292137483375043,adjust,25966
NFHS-4,first_delivery,cells_30_each,52851,43119,14.72441377548526,Original full training fit unchanged,-0.25542767506686326,adjusted_private_pct,42.26463408549191,0.4564967383059279,41.36987521159207,43.15939295939176,adjust,25966
NFHS-4,first_delivery,cells_30_each,52851,43119,14.72441377548526,Original full training fit unchanged,-0.25542767506686326,adjusted_gap_pp,20.952398530010093,0.6928773823878356,19.594320510183067,22.31047654983712,adjust,25966
NFHS-4,first_delivery,cells_30_each,52851,43119,14.72441377548526,Original full training fit unchanged,-0.25542767506686326,adjusted_public_pct,21.31223555548182,0.49906576197541924,20.33403903901989,22.29043207194375,average,25966
NFHS-4,first_delivery,cells_30_each,52851,43119,14.72441377548526,Original full training fit unchanged,-0.25542767506686326,adjusted_private_pct,42.26463408549191,0.45563096950656184,41.37157216635861,43.157696004625215,average,25966
NFHS-4,first_delivery,cells_30_each,52851,43119,14.72441377548526,Original full training fit unchanged,-0.25542767506686326,adjusted_gap_pp,20.952398530010093,0.6939454120449511,19.59222711294032,22.312569947079865,average,25966
NFHS-4,first_delivery,cells_30_each,52851,43119,14.72441377548526,Original full training fit unchanged,-0.25542767506686326,adjusted_public_pct,21.31223555548182,0.4981702190630937,20.335794352695807,22.288676758267833,zero_sensitivity_only,25966
NFHS-4,first_delivery,cells_30_each,52851,43119,14.72441377548526,Original full training fit unchanged,-0.25542767506686326,adjusted_private_pct,42.26463408549191,0.4548133676663504,41.37317471121919,43.156093459764634,zero_sensitivity_only,25966
NFHS-4,first_delivery,cells_30_each,52851,43119,14.72441377548526,Original full training fit unchanged,-0.25542767506686326,adjusted_gap_pp,20.952398530010093,0.6927001695485758,19.59466785715664,22.310129202863546,zero_sensitivity_only,25966
NFHS-4,first_delivery,states_30_each_refit,52546,52546,0.12604642491493537,Refit on supported rows; original coefficient schema and fixed ridge retained,-0.008622372893088426,adjusted_public_pct,23.1312980329106,0.5308057697297645,22.09088897748332,24.17170708833788,adjust,25771
NFHS-4,first_delivery,states_30_each_refit,52546,52546,0.12604642491493537,Refit on supported rows; original coefficient schema and fixed ridge retained,-0.008622372893088426,adjusted_private_pct,44.33050186509447,0.45617637852539605,43.4363705987153,45.22463313147364,adjust,25771
NFHS-4,first_delivery,states_30_each_refit,52546,52546,0.12604642491493537,Refit on supported rows; original coefficient schema and fixed ridge retained,-0.008622372893088426,adjusted_gap_pp,21.19920383218387,0.7063447957345778,19.81472844844733,22.58367921592041,adjust,25771
NFHS-4,first_delivery,states_30_each_refit,52546,52546,0.12604642491493537,Refit on supported rows; original coefficient schema and fixed ridge retained,-0.008622372893088426,adjusted_public_pct,23.1312980329106,0.5302742618437839,22.091930762725948,24.17066530309525,average,25771
NFHS-4,first_delivery,states_30_each_refit,52546,52546,0.12604642491493537,Refit on supported rows; original coefficient schema and fixed ridge retained,-0.008622372893088426,adjusted_private_pct,44.33050186509447,0.45558874410749967,43.43752239510585,45.223481335083086,average,25771
NFHS-4,first_delivery,states_30_each_refit,52546,52546,0.12604642491493537,Refit on supported rows; original coefficient schema and fixed ridge retained,-0.008622372893088426,adjusted_gap_pp,21.19920383218387,0.7071290031347909,19.813191357995336,22.585216306372402,average,25771
NFHS-4,first_delivery,states_30_each_refit,52546,52546,0.12604642491493537,Refit on supported rows; original coefficient schema and fixed ridge retained,-0.008622372893088426,adjusted_public_pct,23.1312980329106,0.5295283718266516,22.09339274895977,24.16920331686143,zero_sensitivity_only,25771
NFHS-4,first_delivery,states_30_each_refit,52546,52546,0.12604642491493537,Refit on supported rows; original coefficient schema and fixed ridge retained,-0.008622372893088426,adjusted_private_pct,44.33050186509447,0.45494790761853615,43.43877847053719,45.22222525965175,zero_sensitivity_only,25771
NFHS-4,first_delivery,states_30_each_refit,52546,52546,0.12604642491493537,Refit on supported rows; original coefficient schema and fixed ridge retained,-0.008622372893088426,adjusted_gap_pp,21.19920383218387,0.7061343471572801,19.81514093945253,22.58326672491521,zero_sensitivity_only,25771
NFHS-4,first_delivery,cells_30_each_refit,43119,43119,14.72441377548526,Refit on supported rows; original coefficient schema and fixed ridge retained,-0.2966817273606426,adjusted_public_pct,21.321428031926043,0.49479319130556954,20.351601813813993,22.291254250038094,adjust,23770
NFHS-4,first_delivery,cells_30_each_refit,43119,43119,14.72441377548526,Refit on supported rows; original coefficient schema and fixed ridge retained,-0.2966817273606426,adjusted_private_pct,42.23257250964236,0.4776645855362775,41.29631945148211,43.16882556780261,adjust,23770
NFHS-4,first_delivery,cells_30_each_refit,43119,43119,14.72441377548526,Refit on supported rows; original coefficient schema and fixed ridge retained,-0.2966817273606426,adjusted_gap_pp,20.911144477716313,0.6837372342896539,19.570975882502132,22.251313072930493,adjust,23770
NFHS-4,first_delivery,cells_30_each_refit,43119,43119,14.72441377548526,Refit on supported rows; original coefficient schema and fixed ridge retained,-0.2966817273606426,adjusted_public_pct,21.321428031926043,0.49341198741672004,20.354309061543958,22.28854700230813,average,23770
NFHS-4,first_delivery,cells_30_each_refit,43119,43119,14.72441377548526,Refit on supported rows; original coefficient schema and fixed ridge retained,-0.2966817273606426,adjusted_private_pct,42.23257250964236,0.47654761114155075,41.29850879254824,43.16663622673648,average,23770
NFHS-4,first_delivery,cells_30_each_refit,43119,43119,14.72441377548526,Refit on supported rows; original coefficient schema and fixed ridge retained,-0.2966817273606426,adjusted_gap_pp,20.911144477716313,0.6839494827449313,19.570559861990333,22.251729093442293,average,23770
NFHS-4,first_delivery,cells_30_each_refit,43119,43119,14.72441377548526,Refit on supported rows; original coefficient schema and fixed ridge retained,-0.2966817273606426,adjusted_public_pct,21.321428031926043,0.4930884031733142,20.35494330730267,22.287912756549417,zero_sensitivity_only,23770
NFHS-4,first_delivery,cells_30_each_refit,43119,43119,14.72441377548526,Refit on supported rows; original coefficient schema and fixed ridge retained,-0.2966817273606426,adjusted_private_pct,42.23257250964236,0.4762350867154512,41.299121360359514,43.166023658925205,zero_sensitivity_only,23770
NFHS-4,first_delivery,cells_30_each_refit,43119,43119,14.72441377548526,Refit on supported rows; original coefficient schema and fixed ridge retained,-0.2966817273606426,adjusted_gap_pp,20.911144477716313,0.6835009422117746,19.571439030047987,22.25084992538464,zero_sensitivity_only,23770
NFHS-5,all_narrow,full_reference,115197,115197,0.0,Original full training fit unchanged,0.0,adjusted_public_pct,22.927533340660588,0.30254752770941656,22.334524887265413,23.520541794055763,adjust,27400
NFHS-5,all_narrow,full_reference,115197,115197,0.0,Original full training fit unchanged,0.0,adjusted_private_pct,46.68431387366558,0.3577899832101551,45.98302741401379,47.38560033331737,adjust,27400
NFHS-5,all_narrow,full_reference,115197,115197,0.0,Original full training fit unchanged,0.0,adjusted_gap_pp,23.75678053300499,0.4637780133330822,22.847752174758128,24.66580889125185,adjust,27400
NFHS-5,all_narrow,full_reference,115197,115197,0.0,Original full training fit unchanged,0.0,adjusted_public_pct,22.927533340660588,0.30310483689578777,22.33343253307837,23.521634148242807,average,27400
NFHS-5,all_narrow,full_reference,115197,115197,0.0,Original full training fit unchanged,0.0,adjusted_private_pct,46.68431387366558,0.3587745159412768,45.981097680075386,47.387530067255774,average,27400
NFHS-5,all_narrow,full_reference,115197,115197,0.0,Original full training fit unchanged,0.0,adjusted_gap_pp,23.75678053300499,0.4648409845095013,22.845668697500507,24.66789236850947,average,27400
NFHS-5,all_narrow,full_reference,115197,115197,0.0,Original full training fit unchanged,0.0,adjusted_public_pct,22.927533340660588,0.3022278590378256,22.33515145402659,23.519915227294586,zero_sensitivity_only,27400
NFHS-5,all_narrow,full_reference,115197,115197,0.0,Original full training fit unchanged,0.0,adjusted_private_pct,46.68431387366558,0.35773646814994525,45.98313230623793,47.385495441093234,zero_sensitivity_only,27400
NFHS-5,all_narrow,full_reference,115197,115197,0.0,Original full training fit unchanged,0.0,adjusted_gap_pp,23.75678053300499,0.46349605298329044,22.84830483130176,24.665256234708217,zero_sensitivity_only,27400
NFHS-5,all_narrow,states_both_sectors,115197,115197,0.0,Original full training fit unchanged,0.0,adjusted_public_pct,22.927533340660588,0.30254752770941656,22.334524887265413,23.520541794055763,adjust,27400
NFHS-5,all_narrow,states_both_sectors,115197,115197,0.0,Original full training fit unchanged,0.0,adjusted_private_pct,46.68431387366558,0.3577899832101551,45.98302741401379,47.38560033331737,adjust,27400
NFHS-5,all_narrow,states_both_sectors,115197,115197,0.0,Original full training fit unchanged,0.0,adjusted_gap_pp,23.75678053300499,0.4637780133330822,22.847752174758128,24.66580889125185,adjust,27400
NFHS-5,all_narrow,states_both_sectors,115197,115197,0.0,Original full training fit unchanged,0.0,adjusted_public_pct,22.927533340660588,0.30310483689578777,22.33343253307837,23.521634148242807,average,27400
NFHS-5,all_narrow,states_both_sectors,115197,115197,0.0,Original full training fit unchanged,0.0,adjusted_private_pct,46.68431387366558,0.3587745159412768,45.981097680075386,47.387530067255774,average,27400
NFHS-5,all_narrow,states_both_sectors,115197,115197,0.0,Original full training fit unchanged,0.0,adjusted_gap_pp,23.75678053300499,0.4648409845095013,22.845668697500507,24.66789236850947,average,27400
NFHS-5,all_narrow,states_both_sectors,115197,115197,0.0,Original full training fit unchanged,0.0,adjusted_public_pct,22.927533340660588,0.3022278590378256,22.33515145402659,23.519915227294586,zero_sensitivity_only,27400
NFHS-5,all_narrow,states_both_sectors,115197,115197,0.0,Original full training fit unchanged,0.0,adjusted_private_pct,46.68431387366558,0.35773646814994525,45.98313230623793,47.385495441093234,zero_sensitivity_only,27400
NFHS-5,all_narrow,states_both_sectors,115197,115197,0.0,Original full training fit unchanged,0.0,adjusted_gap_pp,23.75678053300499,0.46349605298329044,22.84830483130176,24.665256234708217,zero_sensitivity_only,27400
NFHS-5,all_narrow,states_30_each,115197,114742,0.1195922212493693,Original full training fit unchanged,-0.005039581126925485,adjusted_public_pct,22.918645243720427,0.302798154655332,22.325145548837668,23.512144938603186,adjust,27400
NFHS-5,all_narrow,states_30_each,115197,114742,0.1195922212493693,Original full training fit unchanged,-0.005039581126925485,adjusted_private_pct,46.67038619559849,0.35776530099443155,45.969148114337635,47.37162427685934,adjust,27400
NFHS-5,all_narrow,states_30_each,115197,114742,0.1195922212493693,Original full training fit unchanged,-0.005039581126925485,adjusted_gap_pp,23.751740951878062,0.46365201095994846,22.842959564654173,24.660522339101952,adjust,27400
NFHS-5,all_narrow,states_30_each,115197,114742,0.1195922212493693,Original full training fit unchanged,-0.005039581126925485,adjusted_public_pct,22.918645243720427,0.3033559362452514,22.324052268715782,23.51323821872507,average,27400
NFHS-5,all_narrow,states_30_each,115197,114742,0.1195922212493693,Original full training fit unchanged,-0.005039581126925485,adjusted_private_pct,46.67038619559849,0.3587500442240229,45.96721796781159,47.373554423385386,average,27400
NFHS-5,all_narrow,states_30_each,115197,114742,0.1195922212493693,Original full training fit unchanged,-0.005039581126925485,adjusted_gap_pp,23.751740951878062,0.46471475608636714,22.840876530465984,24.66260537329014,average,27400
NFHS-5,all_narrow,states_30_each,115197,114742,0.1195922212493693,Original full training fit unchanged,-0.005039581126925485,adjusted_public_pct,22.918645243720427,0.3024782318777031,22.32577261365953,23.511517873781322,zero_sensitivity_only,27400
NFHS-5,all_narrow,states_30_each,115197,114742,0.1195922212493693,Original full training fit unchanged,-0.005039581126925485,adjusted_private_pct,46.67038619559849,0.357712067237085,45.96925245519393,47.37151993600305,zero_sensitivity_only,27400
NFHS-5,all_narrow,states_30_each,115197,114742,0.1195922212493693,Original full training fit unchanged,-0.005039581126925485,adjusted_gap_pp,23.751740951878062,0.4633701897787825,22.843511948420264,24.65996995533586,zero_sensitivity_only,27400
NFHS-5,all_narrow,cells_both_sectors,115197,114580,0.0684314241304365,Original full training fit unchanged,-0.000169777629202561,adjusted_public_pct,22.926786820364494,0.30272475191593146,22.333430998562758,23.52014264216623,adjust,27400
NFHS-5,all_narrow,cells_both_sectors,115197,114580,0.0684314241304365,Original full training fit unchanged,-0.000169777629202561,adjusted_private_pct,46.68339757574028,0.3577692125767739,45.98215182758023,47.38464332390033,adjust,27400
NFHS-5,all_narrow,cells_both_sectors,115197,114580,0.0684314241304365,Original full training fit unchanged,-0.000169777629202561,adjusted_gap_pp,23.75661075537579,0.46373080782872184,22.84767492230454,24.665546588447036,adjust,27400
NFHS-5,all_narrow,cells_both_sectors,115197,114580,0.0684314241304365,Original full training fit unchanged,-0.000169777629202561,adjusted_public_pct,22.926786820364494,0.3032834279796316,22.33233596522703,23.521237675501958,average,27400
NFHS-5,all_narrow,cells_both_sectors,115197,114580,0.0684314241304365,Original full training fit unchanged,-0.000169777629202561,adjusted_private_pct,46.68339757574028,0.3587518432246454,45.980225821821186,47.38656932965937,average,27400
NFHS-5,all_narrow,cells_both_sectors,115197,114580,0.0684314241304365,Original full training fit unchanged,-0.000169777629202561,adjusted_gap_pp,23.75661075537579,0.46479293668792154,22.845593096031262,24.667628414720316,average,27400
NFHS-5,all_narrow,cells_both_sectors,115197,114580,0.0684314241304365,Original full training fit unchanged,-0.000169777629202561,adjusted_public_pct,22.926786820364494,0.3024059334013566,22.334055898973194,23.519517741755795,zero_sensitivity_only,27400
NFHS-5,all_narrow,cells_both_sectors,115197,114580,0.0684314241304365,Original full training fit unchanged,-0.000169777629202561,adjusted_private_pct,46.68339757574028,0.3577138610326314,45.982260319405746,47.38453483207481,zero_sensitivity_only,27400
NFHS-5,all_narrow,cells_both_sectors,115197,114580,0.0684314241304365,Original full training fit unchanged,-0.000169777629202561,adjusted_gap_pp,23.75661075537579,0.4634481441792074,22.848228957351193,24.664992553400385,zero_sensitivity_only,27400
NFHS-5,all_narrow,cells_30_each,115197,103547,4.70709807162397,Original full training fit unchanged,-0.06548870143499863,adjusted_public_pct,22.771955026423665,0.3055886071198942,22.172985903604044,23.370924149243287,adjust,27400
NFHS-5,all_narrow,cells_30_each,115197,103547,4.70709807162397,Original full training fit unchanged,-0.06548870143499863,adjusted_private_pct,46.46324685799365,0.35578117347730465,45.76589776699882,47.16059594898849,adjust,27400
NFHS-5,all_narrow,cells_30_each,115197,103547,4.70709807162397,Original full training fit unchanged,-0.06548870143499863,adjusted_gap_pp,23.69129183156999,0.46146846463770874,22.786790305554263,24.59579335758572,adjust,27400
NFHS-5,all_narrow,cells_30_each,115197,103547,4.70709807162397,Original full training fit unchanged,-0.06548870143499863,adjusted_public_pct,22.771955026423665,0.3061299856025201,22.17192477440192,23.37198527844541,average,27400
NFHS-5,all_narrow,cells_30_each,115197,103547,4.70709807162397,Original full training fit unchanged,-0.06548870143499863,adjusted_private_pct,46.46324685799365,0.35675870128360476,45.76398176306729,47.16251195292001,average,27400
NFHS-5,all_narrow,cells_30_each,115197,103547,4.70709807162397,Original full training fit unchanged,-0.06548870143499863,adjusted_gap_pp,23.69129183156999,0.4625301008473334,22.784709444899065,24.597874218240918,average,27400
NFHS-5,all_narrow,cells_30_each,115197,103547,4.70709807162397,Original full training fit unchanged,-0.06548870143499863,adjusted_public_pct,22.771955026423665,0.3052442550355612,22.173660851102376,23.370249201744954,zero_sensitivity_only,27400
NFHS-5,all_narrow,cells_30_each,115197,103547,4.70709807162397,Original full training fit unchanged,-0.06548870143499863,adjusted_private_pct,46.46324685799365,0.35572648587963673,45.766004957455664,47.16048875853164,zero_sensitivity_only,27400
NFHS-5,all_narrow,cells_30_each,115197,103547,4.70709807162397,Original full training fit unchanged,-0.06548870143499863,adjusted_gap_pp,23.69129183156999,0.46119185543614727,22.787332473576768,24.595251189563214,zero_sensitivity_only,27400
NFHS-5,all_narrow,states_30_each_refit,114742,114742,0.1195922212493693,Refit on supported rows; original coefficient schema and fixed ridge retained,0.0035718219917935112,adjusted_public_pct,22.915246074297755,0.3029089514384208,22.321529101572814,23.508963047022696,adjust,27285
NFHS-5,all_narrow,states_30_each_refit,114742,114742,0.1195922212493693,Refit on supported rows; original coefficient schema and fixed ridge retained,0.0035718219917935112,adjusted_private_pct,46.67559842929454,0.35786631845547784,45.97416221810089,47.37703464048818,adjust,27285
NFHS-5,all_narrow,states_30_each_refit,114742,114742,0.1195922212493693,Refit on supported rows; original coefficient schema and fixed ridge retained,0.0035718219917935112,adjusted_gap_pp,23.760352354996783,0.46394009457754803,22.851006140002866,24.6696985699907,adjust,27285
NFHS-5,all_narrow,states_30_each_refit,114742,114742,0.1195922212493693,Refit on supported rows; original coefficient schema and fixed ridge retained,0.0035718219917935112,adjusted_public_pct,22.915246074297755,0.3034148130908951,22.320537586969174,23.509954561626337,average,27285
NFHS-5,all_narrow,states_30_each_refit,114742,114742,0.1195922212493693,Refit on supported rows; original coefficient schema and fixed ridge retained,0.0035718219917935112,adjusted_private_pct,46.67559842929454,0.35878976641301236,45.97235221307063,47.37884464551845,average,27285
NFHS-5,all_narrow,states_30_each_refit,114742,114742,0.1195922212493693,Refit on supported rows; original coefficient schema and fixed ridge retained,0.0035718219917935112,adjusted_gap_pp,23.760352354996783,0.4649235797076616,22.8490784590565,24.671626250937067,average,27285
NFHS-5,all_narrow,states_30_each_refit,114742,114742,0.1195922212493693,Refit on supported rows; original coefficient schema and fixed ridge retained,0.0035718219917935112,adjusted_public_pct,22.915246074297755,0.3025888933669716,22.322156431694207,23.508335716901303,zero_sensitivity_only,27285
NFHS-5,all_narrow,states_30_each_refit,114742,114742,0.1195922212493693,Refit on supported rows; original coefficient schema and fixed ridge retained,0.0035718219917935112,adjusted_private_pct,46.67559842929454,0.35781311157601325,45.974266506294605,47.37693035229447,zero_sensitivity_only,27285
NFHS-5,all_narrow,states_30_each_refit,114742,114742,0.1195922212493693,Refit on supported rows; original coefficient schema and fixed ridge retained,0.0035718219917935112,adjusted_gap_pp,23.760352354996783,0.4636580200249093,22.851559020492793,24.669145689500773,zero_sensitivity_only,27285
NFHS-5,all_narrow,cells_30_each_refit,103547,103547,4.70709807162397,Refit on supported rows; original coefficient schema and fixed ridge retained,-0.06277488418835186,adjusted_public_pct,22.711092920916247,0.3116417555007078,22.100258169028812,23.32192767280368,adjust,26278
NFHS-5,all_narrow,cells_30_each_refit,103547,103547,4.70709807162397,Refit on supported rows; original coefficient schema and fixed ridge retained,-0.06277488418835186,adjusted_private_pct,46.405098569732885,0.36201871301077504,45.69552224744175,47.11467489202402,adjust,26278
NFHS-5,all_narrow,cells_30_each_refit,103547,103547,4.70709807162397,Refit on supported rows; original coefficient schema and fixed ridge retained,-0.06277488418835186,adjusted_gap_pp,23.69400564881664,0.4715651784335274,22.769712309804998,24.61829898782828,adjust,26278
NFHS-5,all_narrow,cells_30_each_refit,103547,103547,4.70709807162397,Refit on supported rows; original coefficient schema and fixed ridge retained,-0.06277488418835186,adjusted_public_pct,22.711092920916247,0.31219453652508944,22.099174688224597,23.323011153607897,average,26278
NFHS-5,all_narrow,cells_30_each_refit,103547,103547,4.70709807162397,Refit on supported rows; original coefficient schema and fixed ridge retained,-0.06277488418835186,adjusted_private_pct,46.405098569732885,0.3630176022970766,45.6935643702363,47.11663276922947,average,26278
NFHS-5,all_narrow,cells_30_each_refit,103547,103547,4.70709807162397,Refit on supported rows; original coefficient schema and fixed ridge retained,-0.06277488418835186,adjusted_gap_pp,23.69400564881664,0.4726456313270521,22.767594563503376,24.6204167341299,average,26278
NFHS-5,all_narrow,cells_30_each_refit,103547,103547,4.70709807162397,Refit on supported rows; original coefficient schema and fixed ridge retained,-0.06277488418835186,adjusted_public_pct,22.711092920916247,0.3113039921516701,22.100920203521508,23.321265638310987,zero_sensitivity_only,26278
NFHS-5,all_narrow,cells_30_each_refit,103547,103547,4.70709807162397,Refit on supported rows; original coefficient schema and fixed ridge retained,-0.06277488418835186,adjusted_private_pct,46.405098569732885,0.36198208358885,45.6955940430964,47.11460309636937,zero_sensitivity_only,26278
NFHS-5,all_narrow,cells_30_each_refit,103547,103547,4.70709807162397,Refit on supported rows; original coefficient schema and fixed ridge retained,-0.06277488418835186,adjusted_gap_pp,23.69400564881664,0.47129739534481957,22.77023717919,24.617774118443275,zero_sensitivity_only,26278
NFHS-5,first_delivery,full_reference,51854,51854,0.0,Original full training fit unchanged,0.0,adjusted_public_pct,26.329861538211137,0.4431988998879351,25.461169271744243,27.19855380467803,adjust,27392
NFHS-5,first_delivery,full_reference,51854,51854,0.0,Original full training fit unchanged,0.0,adjusted_private_pct,51.56686317365675,0.46047566090250186,50.66430758152107,52.469418765792426,adjust,27392
NFHS-5,first_delivery,full_reference,51854,51854,0.0,Original full training fit unchanged,0.0,adjusted_gap_pp,25.237001635445615,0.6585418804833001,23.946226232201024,26.527777038690207,adjust,27392
NFHS-5,first_delivery,full_reference,51854,51854,0.0,Original full training fit unchanged,0.0,adjusted_public_pct,26.329861538211137,0.44346745541244237,25.460642889329225,27.19908018709305,average,27392
NFHS-5,first_delivery,full_reference,51854,51854,0.0,Original full training fit unchanged,0.0,adjusted_private_pct,51.56686317365675,0.46162879963865244,50.662047371257664,52.471678976055834,average,27392
NFHS-5,first_delivery,full_reference,51854,51854,0.0,Original full training fit unchanged,0.0,adjusted_gap_pp,25.237001635445615,0.6594936651998871,23.944360686003034,26.529642584888197,average,27392
NFHS-5,first_delivery,full_reference,51854,51854,0.0,Original full training fit unchanged,0.0,adjusted_public_pct,26.329861538211137,0.4423425135069919,25.462847832377904,27.19687524404437,zero_sensitivity_only,27392
NFHS-5,first_delivery,full_reference,51854,51854,0.0,Original full training fit unchanged,0.0,adjusted_private_pct,51.56686317365675,0.46045778793274655,50.66434261344604,52.46938373386746,zero_sensitivity_only,27392
NFHS-5,first_delivery,full_reference,51854,51854,0.0,Original full training fit unchanged,0.0,adjusted_gap_pp,25.237001635445615,0.6578207305768211,23.94763972250274,26.526363548388492,zero_sensitivity_only,27392
NFHS-5,first_delivery,states_both_sectors,51854,51735,0.010922389995214367,Original full training fit unchanged,-0.0002577858564889457,adjusted_public_pct,26.32816725596513,0.4432461025212874,25.45938246994875,27.19695204198151,adjust,27392
NFHS-5,first_delivery,states_both_sectors,51854,51735,0.010922389995214367,Original full training fit unchanged,-0.0002577858564889457,adjusted_private_pct,51.56491110555426,0.46047365082551633,50.66235945327117,52.467462757837346,adjust,27392
NFHS-5,first_delivery,states_both_sectors,51854,51735,0.010922389995214367,Original full training fit unchanged,-0.0002577858564889457,adjusted_gap_pp,25.23674384958913,0.6585384711129258,23.94597512888296,26.527512570295297,adjust,27392
NFHS-5,first_delivery,states_both_sectors,51854,51735,0.010922389995214367,Original full training fit unchanged,-0.0002577858564889457,adjusted_public_pct,26.32816725596513,0.44351465264722123,25.45885609811521,27.197478413815052,average,27392
NFHS-5,first_delivery,states_both_sectors,51854,51735,0.010922389995214367,Original full training fit unchanged,-0.0002577858564889457,adjusted_private_pct,51.56491110555426,0.46162681699530794,50.66009918923644,52.46972302187208,average,27392
NFHS-5,first_delivery,states_both_sectors,51854,51735,0.010922389995214367,Original full training fit unchanged,-0.0002577858564889457,adjusted_gap_pp,25.23674384958913,0.6594902748678996,23.944109545368768,26.52937815380949,average,27392
NFHS-5,first_delivery,states_both_sectors,51854,51735,0.010922389995214367,Original full training fit unchanged,-0.0002577858564889457,adjusted_public_pct,26.32816725596513,0.442389591016757,25.46106127583097,27.19527323609929,zero_sensitivity_only,27392
NFHS-5,first_delivery,states_both_sectors,51854,51735,0.010922389995214367,Original full training fit unchanged,-0.0002577858564889457,adjusted_private_pct,51.56491110555426,0.4604558103187644,50.66239442156701,52.46742778954151,zero_sensitivity_only,27392
NFHS-5,first_delivery,states_both_sectors,51854,51735,0.010922389995214367,Original full training fit unchanged,-0.0002577858564889457,adjusted_gap_pp,25.23674384958913,0.6578173488450736,23.94738856501157,26.52609913416669,zero_sensitivity_only,27392
NFHS-5,first_delivery,states_30_each,51854,51542,0.12712872712702988,Original full training fit unchanged,-0.0037352980166771577,adjusted_public_pct,26.3212496485978,0.4436310037377482,25.451710436723914,27.190788860471685,adjust,27392
NFHS-5,first_delivery,states_30_each,51854,51542,0.12712872712702988,Original full training fit unchanged,-0.0037352980166771577,adjusted_private_pct,51.554515986026736,0.46042598469452684,50.65205776177195,52.45697421028152,adjust,27392
NFHS-5,first_delivery,states_30_each,51854,51542,0.12712872712702988,Original full training fit unchanged,-0.0037352980166771577,adjusted_gap_pp,25.23326633742894,0.65841389874952,23.942741784857517,26.523790890000363,adjust,27392
NFHS-5,first_delivery,states_30_each,51854,51542,0.12712872712702988,Original full training fit unchanged,-0.0037352980166771577,adjusted_public_pct,26.3212496485978,0.44389970878873375,25.451183761229434,27.191315535966165,average,27392
NFHS-5,first_delivery,states_30_each,51854,51542,0.12712872712702988,Original full training fit unchanged,-0.0037352980166771577,adjusted_private_pct,51.554515986026736,0.46157930986626283,50.649797186085365,52.45923478596811,average,27392
NFHS-5,first_delivery,states_30_each,51854,51542,0.12712872712702988,Original full training fit unchanged,-0.0037352980166771577,adjusted_gap_pp,25.23326633742894,0.6593657548504888,23.940876098742525,26.525656576115356,average,27392
NFHS-5,first_delivery,states_30_each,51854,51542,0.12712872712702988,Original full training fit unchanged,-0.0037352980166771577,adjusted_public_pct,26.3212496485978,0.4427736703880821,25.45339085346418,27.189108443731417,zero_sensitivity_only,27392
NFHS-5,first_delivery,states_30_each,51854,51542,0.12712872712702988,Original full training fit unchanged,-0.0037352980166771577,adjusted_private_pct,51.554515986026736,0.46040842370084056,50.65209218220804,52.456939789845435,zero_sensitivity_only,27392
NFHS-5,first_delivery,states_30_each,51854,51542,0.12712872712702988,Original full training fit unchanged,-0.0037352980166771577,adjusted_gap_pp,25.23326633742894,0.6576931446970324,23.94415449926538,26.5223781755925,zero_sensitivity_only,27392
NFHS-5,first_delivery,cells_both_sectors,51854,51558,0.0860176723590147,Original full training fit unchanged,-1.965178869633988e-06,adjusted_public_pct,26.331086362286925,0.4435140009735006,25.461776481750466,27.200396242823384,adjust,27392
NFHS-5,first_delivery,cells_both_sectors,51854,51558,0.0860176723590147,Original full training fit unchanged,-1.965178869633988e-06,adjusted_private_pct,51.56808603255367,0.46037796920807866,50.66572192108156,52.47045014402578,adjust,27392
NFHS-5,first_delivery,cells_both_sectors,51854,51558,0.0860176723590147,Original full training fit unchanged,-1.965178869633988e-06,adjusted_gap_pp,25.236999670266748,0.6584644128875142,23.946376107429202,26.527623233104293,adjust,27392
NFHS-5,first_delivery,cells_both_sectors,51854,51558,0.0860176723590147,Original full training fit unchanged,-1.965178869633988e-06,adjusted_public_pct,26.331086362286925,0.4437821065695677,25.461250981217955,27.200921743355895,average,27392
NFHS-5,first_delivery,cells_both_sectors,51854,51558,0.0860176723590147,Original full training fit unchanged,-1.965178869633988e-06,adjusted_private_pct,51.56808603255367,0.46153146952115426,50.663461002109095,52.47271106299825,average,27392
NFHS-5,first_delivery,cells_both_sectors,51854,51558,0.0860176723590147,Original full training fit unchanged,-1.965178869633988e-06,adjusted_gap_pp,25.236999670266748,0.6594164366533763,23.944510092682535,26.52948924785096,average,27392
NFHS-5,first_delivery,cells_both_sectors,51854,51558,0.0860176723590147,Original full training fit unchanged,-1.965178869633988e-06,adjusted_public_pct,26.331086362286925,0.442656366489938,25.463457488728405,27.198715235845444,zero_sensitivity_only,27392
NFHS-5,first_delivery,cells_both_sectors,51854,51558,0.0860176723590147,Original full training fit unchanged,-1.965178869633988e-06,adjusted_private_pct,51.56808603255367,0.46036070471212087,50.665755760367105,52.47041630474024,zero_sensitivity_only,27392
NFHS-5,first_delivery,cells_both_sectors,51854,51558,0.0860176723590147,Original full training fit unchanged,-1.965178869633988e-06,adjusted_gap_pp,25.236999670266748,0.6577436979356179,23.94778874519793,26.526210595335566,zero_sensitivity_only,27392
NFHS-5,first_delivery,cells_30_each,51854,42187,10.17368819347145,Original full training fit unchanged,-0.06289756195588248,adjusted_public_pct,26.174784006133876,0.44869731660889933,25.29531456471343,27.054253447554323,adjust,27392
NFHS-5,first_delivery,cells_30_each,51854,42187,10.17368819347145,Original full training fit unchanged,-0.06289756195588248,adjusted_private_pct,51.34888807962361,0.45909105924929344,50.449046376779144,52.24872978246808,adjust,27392
NFHS-5,first_delivery,cells_30_each,51854,42187,10.17368819347145,Original full training fit unchanged,-0.06289756195588248,adjusted_gap_pp,25.174104073489733,0.6552374938932949,23.88980543513982,26.458402711839646,adjust,27392
NFHS-5,first_delivery,cells_30_each,51854,42187,10.17368819347145,Original full training fit unchanged,-0.06289756195588248,adjusted_public_pct,26.174784006133876,0.44890178833652866,25.294913789782473,27.05465422248528,average,27392
NFHS-5,first_delivery,cells_30_each,51854,42187,10.17368819347145,Original full training fit unchanged,-0.06289756195588248,adjusted_private_pct,51.34888807962361,0.4602535252710257,50.4467678845641,52.25100827468312,average,27392
NFHS-5,first_delivery,cells_30_each,51854,42187,10.17368819347145,Original full training fit unchanged,-0.06289756195588248,adjusted_gap_pp,25.174104073489733,0.6562052144298399,23.887908653928474,26.460299493050993,average,27392
NFHS-5,first_delivery,cells_30_each,51854,42187,10.17368819347145,Original full training fit unchanged,-0.06289756195588248,adjusted_public_pct,26.174784006133876,0.4477630611831196,25.297145752614586,27.052422259653166,zero_sensitivity_only,27392
NFHS-5,first_delivery,cells_30_each,51854,42187,10.17368819347145,Original full training fit unchanged,-0.06289756195588248,adjusted_private_pct,51.34888807962361,0.4590860022174408,50.449056288817424,52.2487198704298,zero_sensitivity_only,27392
NFHS-5,first_delivery,cells_30_each,51854,42187,10.17368819347145,Original full training fit unchanged,-0.06289756195588248,adjusted_gap_pp,25.174104073489733,0.6545406216050954,23.891171340081435,26.45703680689803,zero_sensitivity_only,27392
NFHS-5,first_delivery,states_30_each_refit,51542,51542,0.12712872712702988,Refit on supported rows; original coefficient schema and fixed ridge retained,0.005675697964374615,adjusted_public_pct,26.317430013938203,0.44379349004903706,25.447571995192654,27.187288032683753,adjust,27162
NFHS-5,first_delivery,states_30_each_refit,51542,51542,0.12712872712702988,Refit on supported rows; original coefficient schema and fixed ridge retained,0.005675697964374615,adjusted_private_pct,51.56010734734819,0.4605511380327017,50.65740347844766,52.462811216248724,adjust,27162
NFHS-5,first_delivery,states_30_each_refit,51542,51542,0.12712872712702988,Refit on supported rows; original coefficient schema and fixed ridge retained,0.005675697964374615,adjusted_gap_pp,25.24267733340999,0.6587874185767386,23.951420179921016,26.533934486898964,adjust,27162
NFHS-5,first_delivery,states_30_each_refit,51542,51542,0.12712872712702988,Refit on supported rows; original coefficient schema and fixed ridge retained,0.005675697964374615,adjusted_public_pct,26.317430013938203,0.4439889658411891,25.447188852607,27.187671175269408,average,27162
NFHS-5,first_delivery,states_30_each_refit,51542,51542,0.12712872712702988,Refit on supported rows; original coefficient schema and fixed ridge retained,0.005675697964374615,adjusted_private_pct,51.56010734734819,0.46162865452035473,50.655291490827,52.46492320386939,average,27162
NFHS-5,first_delivery,states_30_each_refit,51542,51542,0.12712872712702988,Refit on supported rows; original coefficient schema and fixed ridge retained,0.005675697964374615,adjusted_gap_pp,25.24267733340999,0.6596306895406778,23.949767325549768,26.53558734127021,average,27162
NFHS-5,first_delivery,states_30_each_refit,51542,51542,0.12712872712702988,Refit on supported rows; original coefficient schema and fixed ridge retained,0.005675697964374615,adjusted_public_pct,26.317430013938203,0.4429356097525759,25.449253484605485,27.18560654327092,zero_sensitivity_only,27162
NFHS-5,first_delivery,states_30_each_refit,51542,51542,0.12712872712702988,Refit on supported rows; original coefficient schema and fixed ridge retained,0.005675697964374615,adjusted_private_pct,51.56010734734819,0.46053344857757633,50.65743815068764,52.46277654400875,zero_sensitivity_only,27162
NFHS-5,first_delivery,states_30_each_refit,51542,51542,0.12712872712702988,Refit on supported rows; original coefficient schema and fixed ridge retained,0.005675697964374615,adjusted_gap_pp,25.24267733340999,0.6580657272183658,23.952834732025128,26.532519934794852,zero_sensitivity_only,27162
NFHS-5,first_delivery,cells_30_each_refit,42187,42187,10.17368819347145,Refit on supported rows; original coefficient schema and fixed ridge retained,-0.09879249134869261,adjusted_public_pct,26.001962955696257,0.4669240186658142,25.086764388441573,26.91716152295094,adjust,25001
NFHS-5,first_delivery,cells_30_each_refit,42187,42187,10.17368819347145,Refit on supported rows; original coefficient schema and fixed ridge retained,-0.09879249134869261,adjusted_private_pct,51.140172099793176,0.48218076217285133,50.195069417007,52.085274782579354,adjust,25001
NFHS-5,first_delivery,cells_30_each_refit,42187,42187,10.17368819347145,Refit on supported rows; original coefficient schema and fixed ridge retained,-0.09879249134869261,adjusted_gap_pp,25.138209144096923,0.6868640380982255,23.791915189542024,26.48450309865182,adjust,25001
NFHS-5,first_delivery,cells_30_each_refit,42187,42187,10.17368819347145,Refit on supported rows; original coefficient schema and fixed ridge retained,-0.09879249134869261,adjusted_public_pct,26.001962955696257,0.46629150360111865,25.0880041552084,26.915921756184115,average,25001
NFHS-5,first_delivery,cells_30_each_refit,42187,42187,10.17368819347145,Refit on supported rows; original coefficient schema and fixed ridge retained,-0.09879249134869261,adjusted_private_pct,51.140172099793176,0.4824609751682885,50.19452018303809,52.085824016548266,average,25001
NFHS-5,first_delivery,cells_30_each_refit,42187,42187,10.17368819347145,Refit on supported rows; original coefficient schema and fixed ridge retained,-0.09879249134869261,adjusted_gap_pp,25.138209144096923,0.6865261975847211,23.79257737683923,26.483840911354616,average,25001
NFHS-5,first_delivery,cells_30_each_refit,42187,42187,10.17368819347145,Refit on supported rows; original coefficient schema and fixed ridge retained,-0.09879249134869261,adjusted_public_pct,26.001962955696257,0.46600915934053455,25.088557566582477,26.915368344810037,zero_sensitivity_only,25001
NFHS-5,first_delivery,cells_30_each_refit,42187,42187,10.17368819347145,Refit on supported rows; original coefficient schema and fixed ridge retained,-0.09879249134869261,adjusted_private_pct,51.140172099793176,0.4821688401277773,50.195092784917264,52.08525141466909,zero_sensitivity_only,25001
NFHS-5,first_delivery,cells_30_each_refit,42187,42187,10.17368819347145,Refit on supported rows; original coefficient schema and fixed ridge retained,-0.09879249134869261,adjusted_gap_pp,25.138209144096923,0.6861104989710176,23.793392170596803,26.483026117597042,zero_sensitivity_only,25001
