path,sha256,status,mentions_raw_facility_code,mentions_both_narrow_numbers,uses_shared_broad_loader,mentions_aipw_tmle,mentions_state,mentions_resampling
comment10_followup/policy_analysis/policy_period_analysis.py,9cdfc08dbe5d8bbdbf0dca05bb572537b8bdb7478cb5ae5473de7a9efc1906d9,read,True,True,False,True,True,True
comment10_followup/policy_analysis/policy_period_common_bootstrap.py,9b201ab31cfad18fceac270c9ca7578e8937f6279559e42d2c6c7c9a78a5bbb6,read,False,False,False,False,True,True
comment10_followup/policy_analysis/policy_period_common_states.py,861d71993a9d723f78767a26db0134411c795c14e88307cd90c2a784741e6d25,read,False,True,False,False,True,True
comment10_followup/policy_analysis/policy_period_design_audit.py,782786cc74ea8f6f7539caee0b5c8ea950b43ee2fe20b9f3e593c4ac2e1fa7d3,read,False,False,False,False,True,True
comment10_followup/policy_analysis/policy_period_household_uncertainty_v4.py,636c15ccb6ff2b6cb3107043169c1e52287f793f9f7cc2f3a452cc4d6345d1ab,read,False,False,False,False,True,True
comment10_followup/policy_analysis/policy_period_state_roster_uncertainty.py,e5539137d5b24f0c4ec39be1bdd3abbf926791217110a900b9470838a6b61f70,read,False,False,False,False,True,True
comment10_followup/policy_analysis/state_crosswalk.py,2d5f5e84b641035975f9164cea39bf479ca97f6d5b45cc72ab5c2719a63c777c,read,False,True,False,False,True,False
Direction4_federated_extension.py,c51a2228397de81c5e183707edf91fcf110bbff69a640563e6d9ef6846234d43,read,True,True,False,False,True,True
extensions_work/01_quantitative_bias/notebook.ipynb,3cf3a6a0b34758c5b0c2b18d359bf11165f6d46675a11f7b1a2c80501ff82b96,read,False,False,False,True,False,False
extensions_work/01_quantitative_bias_before_bound_fix/notebook.before_final_review.ipynb.ipynb,e4382b203e0cc33ccb650da6f3b94ccb55db618d48ee048ea4996de73704dd61,read,False,False,False,True,False,False
extensions_work/01_quantitative_bias_before_bound_fix/notebook.before_teammate.ipynb,a905cf6a2cd67e242a23584c3c585f75664f31a0b3159c8c923e96bd62e988d6,read,False,False,False,False,False,False
extensions_work/01_quantitative_bias_before_bound_fix/notebook.ipynb,bf7b3440096d98917853a56448890c1c91387991437b92b014f3b2b5090c9922,read,False,False,False,True,False,False
extensions_work/02_causal_heterogeneity/notebook.ipynb,b5af84df9e3e855446f99e4375b67ed8730f87375c1bc0cb09d06b27e41b596b,read,True,False,True,True,True,True
extensions_work/02_causal_heterogeneity/notebook_before_review_fix.ipynb,be3c5316d659243a2ed1c40d314b490d7e02f4ab7851794b4ca2a02fb4ba436c,read,True,False,True,True,True,True
extensions_work/03_nfhs4_nfhs5_temporal/.ipynb_checkpoints/notebook-checkpoint.ipynb,ed9937c7e9fb70ce4849490f6ba0cfe131189c2d28e08828c405f9a3b2d2be58,read,True,False,True,True,True,True
extensions_work/03_nfhs4_nfhs5_temporal/Extension3_crossround_codebook_audit.py,78c0d59d783a612943084550ef64392ba3abd68537a33bbed96a062d91d87f7d,read,True,False,False,False,True,False
extensions_work/03_nfhs4_nfhs5_temporal/notebook.ipynb,fd7f0dc46a7e7fa6b7f4bef970ab07e8d7ac46c2fa240122189f6aeedd4e926f,read,True,False,True,True,True,True
extensions_work/03_nfhs4_nfhs5_temporal/notebook_before_fix.ipynb,895f5e35e9a3e084e24bf49956319539207b9de889b4dec27a93191120ce0fae,read,True,False,True,True,True,True
extensions_work/03_nfhs4_nfhs5_temporal/state_crosswalk.py,054afec7ee1551915b3eca61ee57abfa564c80270d72fdf72de6ec87bc7e6475,read,False,True,False,False,True,False
extensions_work/04_health_system_context/analysis.py,79799d0a21eefddb82803c4a2d61556ae03158d07e66f498730f3f0034ca4fee,read,False,True,False,False,True,True
extensions_work/04_health_system_context/notebook.ipynb,1e3d51d014d63107c8312ecad974cc356182c871a3d13ba2188b1b04256a710c,read,False,False,False,False,True,True
extensions_work/04_health_system_context_before_review'/analysis.py,caf3fbe35b0fd449f835180f805966ac494ccc55795893f33ff97a2f48025f43,read,False,True,False,False,True,True
extensions_work/04_health_system_context_before_review'/notebook.ipynb,b3757f04e961745b3399cab9072d42a9c25291395fdf1988035d10ccaba3ecf6,read,False,False,False,False,True,True
extensions_work/05_first_birth/notebook.before_first_delivery_fix.ipynb,65c5de18cb63a7b58a39efd7699cac0650224e97dc67c3c2c3e7d1cc95d501ad,read,False,False,True,True,True,True
extensions_work/05_first_birth/notebook.ipynb,2a61e950db77a72871697cef03c145c322ef445a531fcdb797d478d41301b0d3,read,False,False,True,True,True,True
extensions_work/06_professor_methods/analysis.py,9cda68045c90a8190e289bc2b6a7108232972508dc9e8724827ef7f02ebdfc33,read,True,False,False,True,True,True
extensions_work/06_professor_methods/test_analysis.py,9ad56b87aea82538f8b1d7899ea87688d20c5174ce0d386c07dc9a489b384fa3,read,False,False,False,True,True,True
extensions_work/07_facility_profiles/facility_profiles.py,95c3a6dc7d1d8e06d3c575ccbd3714707766a953a662d73f4c672ccf89a38ba0,read,True,True,False,False,True,False
extensions_work/08_marginal_covariate_summaries/Direction2_rescaled_bootstrap.py,b44c96bc9920287b8cec68ebdf94121e4229bccf11eac7c99d2769918c022305,read,False,False,False,False,False,True
extensions_work/08_marginal_covariate_summaries/marginal_summaries.py,27240936a3383d2eb9a82efbfd09895b5c3fc5fd15899f47a8e31c5c03686689,read,False,False,False,True,True,False
extensions_work/08_marginal_covariate_summaries/marginal_uncertainty.py,16ba181db491f7b784b8f543acf1361c6bdad898d37442beda3c09a506874751,read,False,False,False,False,False,True
extensions_work/09_uncertainty_review/aipw_linearization_check.py,e01b504fcc5180e7db3ad017d6d0d6694fd9418f7613532f2de6290c46cbf130,read,False,False,False,True,False,True
extensions_work/09_uncertainty_review/aipw_singleton_check.py,4a31e6980219ec2dc73665787eb43036fd86bb7d0a97e9afc8ed347e24634283,read,False,False,False,True,False,True
extensions_work/09_uncertainty_review/temporal_linearization_check.py,7b0bb505a561278ee1d4cdcb7bd0c94e43a814774adc1911e8fe1f0d621f8587,read,False,False,False,True,False,True
extensions_work/10_facility_pair/Direction3_adjusted_pair.py,46d0c9e325e3cc19be19ed36537aeba20ad00b3bec2b824ee877c29982965570,read,True,True,False,True,True,False
extensions_work/10_facility_pair/Direction3_ci_review.py,41940c2392b122e1f8a1167ef422573110b8280d718b8f4490d23db8b2e63df7,read,True,True,False,True,True,False
extensions_work/10_facility_pair/Direction3_facility_pair_audit.py,ecee07272c8c352f799dc330881c9c161346a18b609e27d52b7520901ce3e1f6,read,True,True,False,False,True,False
extensions_work/10_facility_pair/Direction3_overlap_check.py,4c14535b22aead81ceb0173dcd849180d17d81361422c51ef4074d22caad6304,read,True,True,False,True,True,False
extensions_work/11_state_federated/Direction4_federated_pilot.py,a05f911a4924238bf37a5d40db540cbf0802a144567fe4c89752331f3a7e4ed7,read,False,False,False,True,True,False
extensions_work/11_state_federated/Direction4_state_feasibility.py,4519e1570fad4387bcb2ba543eff2a5c11bd27950d62ae3016c89c7e2d51d85c,read,False,False,False,False,True,False
extensions_work/shared/config.py,f2f623cfa71db4c7cd7d2477d4d7ecd972f92690f4e22d3e009bf4990f2d8acd,read,False,False,False,False,True,True
extensions_work/shared/utils.py,2854c971dbf0bc455ed77b61d360ad72bcf9cc063531a314589a3d7bf525b0d1,read,False,False,True,True,False,True
IPD_finalize_ci_review.py,ec010c6e6324d8332164748e4de7614efda53f4e08d38e69d1ebb60ce79cfd63,read,False,False,False,True,False,False
IPD_narrow_facility_analysis.py,761f0b22e044a5667c8d78708233ca3395bead0d9f31cffd2c68964c61ffc3dd,read,True,True,False,True,True,True
IPD_narrow_scope_audit.py,5825a09ef7d7294496365312a848abe0be03fcdb5fe5d2fa30c761511bdd60f6,read,True,True,True,True,True,True
IPD_psu_fold_sensitivity.py,2c141d54bf5c9160254ad3a5eaa1dccf01715a0448732c82c4b9cdd6838952e6,read,False,False,False,False,False,False
IPD_uncertainty_review.py,b18ef27e96afc8dddbe881c380d6a8d7cd84b501eab02f0cac25c6b4c43daf88,read,True,False,True,True,True,False
notebooks/01_data_exploration.ipynb,63dddc2b24b67150c70811427c40f7a99db8fca8de85797cf417505a0523cb84,read,True,False,False,False,True,False
notebooks/02_exploratory_data_analysis.ipynb,cfead7bd6a5d639f7512c26350b9fb1600feeb713e739dadc54e1ec62a73cd43,read,False,False,False,False,False,False
notebooks/03_machine_learning_preprocessing.ipynb,1adcf6ba7f0ce732aceb95b384ad5c77c152e62833615921bb6a70e6975d255f,read,True,False,False,False,True,False
notebooks/04_baseline_machine_learning_models.ipynb,4789ddb9fbb5c06f3b70d43c3e17a2fb36d171910948d9ea3d253146be1fdb0a,read,True,False,False,False,True,False
notebooks/05_hyperparameter_tuning.ipynb,6240f0e1d7160da308abb7a37269fe11f80e5e59f3e11f60428e4b004e45de2d,read,True,False,False,False,True,True
notebooks/06_shap_explainability.ipynb,0ddbde6ca50249825451ef750db1e5f1151736677e8358073d15f1975f3154b5,read,True,False,False,False,True,False
notebooks/07_calibration_threshold_optimization.ipynb,033993f0ece3431941201d9eabf1bda5eafe77b74b0304a0dd7ded08f438a98b,read,True,False,False,False,True,False
notebooks/08_results_discussion_and_conclusion.ipynb,ed6e781758e1d7d10c7871de73c0eb529bdaa0976a308425d147cefcb8a8012d,read,False,False,False,False,False,False
notebooks/v2/01_v2_data_audit_and_cohort.ipynb,00b873c76bad4066f648af1186e75a9711ed5c7549ce5b7b6b633972b24ac79c,read,True,False,False,False,True,False
notebooks/v2/02_survey_weighted_descriptives.ipynb,348c6e6956424f87761375033b52fdcac483e8aaa5e9da579be6d3e98f6731cd,read,False,False,False,False,True,True
notebooks/v2/03_v2_predictive_model_and_calibration.ipynb,6436c0033fedd19d277c704fb426a39f5d9544c27b2b3792c8394dd1300acbc3,read,True,False,False,False,True,False
notebooks/v2/04_shap_domain_attribution.ipynb,b689f3c926b2709bb8e2f3903ef8669552b11ee11290ed26fee61d43d8823e7c,read,True,False,False,False,True,False
notebooks/v2/05_model_based_standardization.ipynb,ff4b8e8c4715440c35e0d5118400aee76396eaae08b415c92115d5426646af69,read,True,False,False,False,True,True
notebooks/v2/06_propensity_overlap_diagnostics.ipynb,558fd219a43cfaed492cdf6913bb63a7d14da95b68fb0388a09ea90e75625066,read,True,False,False,False,True,False
notebooks/v2/07_aipw_primary_analysis.ipynb,0b14fc2e911525aac885cd4492d494efcd5b9f70eee4905e02c8a5dbeab36d38,read,True,False,False,True,True,True
notebooks/v2/08_risk_stratified_aipw.ipynb,379b06211bcf95edcfdefd2d27e44d07d0b22a634502f3d8a74effdf91ee9cbe,read,True,False,False,True,True,True
notebooks/v2/09_sensitivity_analyses.ipynb,fd928e896c131beb6dc4dda91247195852dd7f1d3afa322d0aac11a3ac89d601,read,False,False,False,True,True,True
notebooks/v2/10_final_tables_figures.ipynb,53613fb7ccfdf689d55182b4afdae8ef6053e6fe0fe6fac78ef91b4b69df492b,read,False,False,False,True,False,True
src/__init__.py,e3b0c44298fc1c149afbf4c8996fb92427ae41e4649b934ca495991b7852b855,read,False,False,False,False,False,False
src/data_loader.py,e3b0c44298fc1c149afbf4c8996fb92427ae41e4649b934ca495991b7852b855,read,False,False,False,False,False,False
src/evaluate.py,e3b0c44298fc1c149afbf4c8996fb92427ae41e4649b934ca495991b7852b855,read,False,False,False,False,False,False
src/feature_engineering.py,e3b0c44298fc1c149afbf4c8996fb92427ae41e4649b934ca495991b7852b855,read,False,False,False,False,False,False
src/preprocessing.py,e3b0c44298fc1c149afbf4c8996fb92427ae41e4649b934ca495991b7852b855,read,False,False,False,False,False,False
src/train.py,e3b0c44298fc1c149afbf4c8996fb92427ae41e4649b934ca495991b7852b855,read,False,False,False,False,False,False
