wave,analysis,case,full_n,linked_n,excluded_weight_pct,metric,estimate,se,ci_lower,ci_upper,singleton_treatment,design_df
NFHS-4,all_narrow,actual_health_spending,114263,104553,10.436593260403482,original_full_reference_gap_pp,19.165541627325457,0.4944713284668519,18.196350515655496,20.134732738995417,adjust,26001
NFHS-4,all_narrow,actual_health_spending,114263,104553,10.436593260403482,original_linked_reference_gap_pp,18.625997269397065,0.47636984532203025,17.692286064370833,19.559708474423296,adjust,26001
NFHS-4,all_narrow,actual_health_spending,114263,104553,10.436593260403482,linked_calendar_baseline_gap_pp,18.564005257568564,0.493435409099861,17.596844605068007,19.53116591006912,adjust,26001
NFHS-4,all_narrow,actual_health_spending,114263,104553,10.436593260403482,linked_context_gap_pp,18.564584874883423,0.492198492668632,17.599848646898526,19.52932110286832,adjust,26001
NFHS-4,all_narrow,actual_health_spending,114263,104553,10.436593260403482,context_minus_calendar_baseline_pp,0.0005796173148581163,0.0065544949302614305,-0.012267554729660266,0.013426789359376499,adjust,26001
NFHS-4,all_narrow,actual_health_spending,114263,104553,10.436593260403482,reference_composition_change_pp,-0.5395443579283898,0.0319606452633779,-0.6021889877162201,-0.4768997281405596,adjust,26001
NFHS-4,all_narrow,actual_health_spending,114263,104553,10.436593260403482,original_full_reference_gap_pp,19.165541627325457,0.49474280628597506,18.19581840413727,20.135264850513643,average,26001
NFHS-4,all_narrow,actual_health_spending,114263,104553,10.436593260403482,original_linked_reference_gap_pp,18.625997269397065,0.4766576441743841,17.69172196272612,19.56027257606801,average,26001
NFHS-4,all_narrow,actual_health_spending,114263,104553,10.436593260403482,linked_calendar_baseline_gap_pp,18.564005257568564,0.4936512056112393,17.59642163198804,19.531588883149087,average,26001
NFHS-4,all_narrow,actual_health_spending,114263,104553,10.436593260403482,linked_context_gap_pp,18.564584874883423,0.49241001283409247,17.599434055692726,19.52973569407412,average,26001
NFHS-4,all_narrow,actual_health_spending,114263,104553,10.436593260403482,context_minus_calendar_baseline_pp,0.0005796173148581163,0.006562137555364779,-0.012282534696937556,0.013441769326653788,average,26001
NFHS-4,all_narrow,actual_health_spending,114263,104553,10.436593260403482,reference_composition_change_pp,-0.5395443579283898,0.03196689929946142,-0.6022012459723317,-0.47688746988444797,average,26001
NFHS-4,all_narrow,actual_health_spending,114263,104553,10.436593260403482,original_full_reference_gap_pp,19.165541627325457,0.49385608143570253,18.19755643381443,20.133526820836483,zero_sensitivity_only,26001
NFHS-4,all_narrow,actual_health_spending,114263,104553,10.436593260403482,original_linked_reference_gap_pp,18.625997269397065,0.4758033332621452,17.693396459294632,19.558598079499497,zero_sensitivity_only,26001
NFHS-4,all_narrow,actual_health_spending,114263,104553,10.436593260403482,linked_calendar_baseline_gap_pp,18.564005257568564,0.49276643723093977,17.598155826876006,19.52985468826112,zero_sensitivity_only,26001
NFHS-4,all_narrow,actual_health_spending,114263,104553,10.436593260403482,linked_context_gap_pp,18.564584874883423,0.4915274690368804,17.601163890274986,19.52800585949186,zero_sensitivity_only,26001
NFHS-4,all_narrow,actual_health_spending,114263,104553,10.436593260403482,context_minus_calendar_baseline_pp,0.0005796173148581163,0.006550376271790127,-0.012259481931597802,0.013418716561314034,zero_sensitivity_only,26001
NFHS-4,all_narrow,actual_health_spending,114263,104553,10.436593260403482,reference_composition_change_pp,-0.5395443579283898,0.03190960519910293,-0.6020889463714818,-0.47699976948529793,zero_sensitivity_only,26001
NFHS-4,all_narrow,actual_and_planned_budget,114263,40534,65.47630309044379,original_full_reference_gap_pp,19.165541627325457,0.4944713284668519,18.196350515655496,20.134732738995417,adjust,26001
NFHS-4,all_narrow,actual_and_planned_budget,114263,40534,65.47630309044379,original_linked_reference_gap_pp,18.465723399008173,0.4684764102638633,17.547483762622008,19.383963035394338,adjust,26001
NFHS-4,all_narrow,actual_and_planned_budget,114263,40534,65.47630309044379,linked_calendar_baseline_gap_pp,18.66561525556138,0.8900648361642151,16.921039021596446,20.410191489526316,adjust,26001
NFHS-4,all_narrow,actual_and_planned_budget,114263,40534,65.47630309044379,linked_context_gap_pp,18.664606535899026,0.8851395837649739,16.929684068640597,20.399529003157454,adjust,26001
NFHS-4,all_narrow,actual_and_planned_budget,114263,40534,65.47630309044379,context_minus_calendar_baseline_pp,-0.0010087196623542738,0.012752344808596687,-0.026004019753390874,0.023986580428682326,adjust,26001
NFHS-4,all_narrow,actual_and_planned_budget,114263,40534,65.47630309044379,reference_composition_change_pp,-0.6998182283172838,0.05846295537877704,-0.8144088495586664,-0.5852276070759012,adjust,26001
NFHS-4,all_narrow,actual_and_planned_budget,114263,40534,65.47630309044379,original_full_reference_gap_pp,19.165541627325457,0.49474280628597506,18.19581840413727,20.135264850513643,average,26001
NFHS-4,all_narrow,actual_and_planned_budget,114263,40534,65.47630309044379,original_linked_reference_gap_pp,18.465723399008173,0.46879509772647565,17.54685911759532,19.384587680421024,average,26001
NFHS-4,all_narrow,actual_and_planned_budget,114263,40534,65.47630309044379,linked_calendar_baseline_gap_pp,18.66561525556138,0.8888008847290992,16.923516436212772,20.40771407490999,average,26001
NFHS-4,all_narrow,actual_and_planned_budget,114263,40534,65.47630309044379,linked_context_gap_pp,18.664606535899026,0.883836649096055,16.93223789254808,20.39697517924997,average,26001
NFHS-4,all_narrow,actual_and_planned_budget,114263,40534,65.47630309044379,context_minus_calendar_baseline_pp,-0.0010087196623542738,0.012773530612420933,-0.026045545098902226,0.02402810577419368,average,26001
NFHS-4,all_narrow,actual_and_planned_budget,114263,40534,65.47630309044379,reference_composition_change_pp,-0.6998182283172838,0.058426192308570074,-0.8143367919107685,-0.5852996647237991,average,26001
NFHS-4,all_narrow,actual_and_planned_budget,114263,40534,65.47630309044379,original_full_reference_gap_pp,19.165541627325457,0.49385608143570253,18.19755643381443,20.133526820836483,zero_sensitivity_only,26001
NFHS-4,all_narrow,actual_and_planned_budget,114263,40534,65.47630309044379,original_linked_reference_gap_pp,18.465723399008173,0.4679548788136216,17.548505993066787,19.38294080494956,zero_sensitivity_only,26001
NFHS-4,all_narrow,actual_and_planned_budget,114263,40534,65.47630309044379,linked_calendar_baseline_gap_pp,18.66561525556138,0.8872078917205702,16.92663879048477,20.404591720637992,zero_sensitivity_only,26001
NFHS-4,all_narrow,actual_and_planned_budget,114263,40534,65.47630309044379,linked_context_gap_pp,18.664606535899026,0.8822525534601457,16.935342807478374,20.393870264319677,zero_sensitivity_only,26001
NFHS-4,all_narrow,actual_and_planned_budget,114263,40534,65.47630309044379,context_minus_calendar_baseline_pp,-0.0010087196623542738,0.012750636682734963,-0.026000671732368242,0.023983232407659694,zero_sensitivity_only,26001
NFHS-4,all_narrow,actual_and_planned_budget,114263,40534,65.47630309044379,reference_composition_change_pp,-0.6998182283172838,0.05832147536075686,-0.8141315409099137,-0.5855049157246539,zero_sensitivity_only,26001
NFHS-4,all_narrow,documented_state_policy_milestones,114263,114098,0.31558998709589964,original_full_reference_gap_pp,19.165541627325457,0.4944713284668519,18.196350515655496,20.134732738995417,adjust,26001
NFHS-4,all_narrow,documented_state_policy_milestones,114263,114098,0.31558998709589964,original_linked_reference_gap_pp,19.16247670610859,0.4943655595445606,18.193492907367556,20.13146050484962,adjust,26001
NFHS-4,all_narrow,documented_state_policy_milestones,114263,114098,0.31558998709589964,linked_calendar_baseline_gap_pp,19.214239950832965,0.4941162354850504,18.245744841017842,20.18273506064809,adjust,26001
NFHS-4,all_narrow,documented_state_policy_milestones,114263,114098,0.31558998709589964,linked_context_gap_pp,19.218938569528557,0.4938022174153094,18.251058952472217,20.186818186584897,adjust,26001
NFHS-4,all_narrow,documented_state_policy_milestones,114263,114098,0.31558998709589964,context_minus_calendar_baseline_pp,0.004698618695592183,0.00693594236475883,-0.008896211386512445,0.01829344877769681,adjust,26001
NFHS-4,all_narrow,documented_state_policy_milestones,114263,114098,0.31558998709589964,reference_composition_change_pp,-0.003064921216866523,0.001909042856039179,-0.006806750644281434,0.0006769082105483886,adjust,26001
NFHS-4,all_narrow,documented_state_policy_milestones,114263,114098,0.31558998709589964,original_full_reference_gap_pp,19.165541627325457,0.49474280628597506,18.19581840413727,20.135264850513643,average,26001
NFHS-4,all_narrow,documented_state_policy_milestones,114263,114098,0.31558998709589964,original_linked_reference_gap_pp,19.16247670610859,0.4946371214652569,18.1929606310056,20.131992781211576,average,26001
NFHS-4,all_narrow,documented_state_policy_milestones,114263,114098,0.31558998709589964,linked_calendar_baseline_gap_pp,19.214239950832965,0.494377487870984,18.245232771913383,20.183247129752548,average,26001
NFHS-4,all_narrow,documented_state_policy_milestones,114263,114098,0.31558998709589964,linked_context_gap_pp,19.218938569528557,0.4940591724287239,18.250555306455222,20.187321832601892,average,26001
NFHS-4,all_narrow,documented_state_policy_milestones,114263,114098,0.31558998709589964,context_minus_calendar_baseline_pp,0.004698618695592183,0.006946613274941179,-0.008917126959785878,0.018314364350970246,average,26001
NFHS-4,all_narrow,documented_state_policy_milestones,114263,114098,0.31558998709589964,reference_composition_change_pp,-0.003064921216866523,0.0019122013428426751,-0.0068129414528481655,0.0006830990191151196,average,26001
NFHS-4,all_narrow,documented_state_policy_milestones,114263,114098,0.31558998709589964,original_full_reference_gap_pp,19.165541627325457,0.49385608143570253,18.19755643381443,20.133526820836483,zero_sensitivity_only,26001
NFHS-4,all_narrow,documented_state_policy_milestones,114263,114098,0.31558998709589964,original_linked_reference_gap_pp,19.16247670610859,0.49375058603331573,18.194698289412372,20.130255122804805,zero_sensitivity_only,26001
NFHS-4,all_narrow,documented_state_policy_milestones,114263,114098,0.31558998709589964,linked_calendar_baseline_gap_pp,19.214239950832965,0.4934914177789267,18.246969518228283,20.181510383437647,zero_sensitivity_only,26001
NFHS-4,all_narrow,documented_state_policy_milestones,114263,114098,0.31558998709589964,linked_context_gap_pp,19.218938569528557,0.4931736728517085,18.252290934529135,20.18558620452798,zero_sensitivity_only,26001
NFHS-4,all_narrow,documented_state_policy_milestones,114263,114098,0.31558998709589964,context_minus_calendar_baseline_pp,0.004698618695592183,0.006934162897618133,-0.008892723532643101,0.018289960923827467,zero_sensitivity_only,26001
NFHS-4,all_narrow,documented_state_policy_milestones,114263,114098,0.31558998709589964,reference_composition_change_pp,-0.003064921216866523,0.0019087741147397505,-0.006806223896492939,0.0006763814627598927,zero_sensitivity_only,26001
NFHS-4,first_delivery,actual_health_spending,52851,48385,10.42304148720925,original_full_reference_gap_pp,21.20782620507696,0.7055006237167847,19.82500593355637,22.59064647659755,adjust,25966
NFHS-4,first_delivery,actual_health_spending,52851,48385,10.42304148720925,original_linked_reference_gap_pp,20.888719735644845,0.6891159644912725,19.5380143030873,22.239425168202388,adjust,25966
NFHS-4,first_delivery,actual_health_spending,52851,48385,10.42304148720925,linked_calendar_baseline_gap_pp,20.766028010140012,0.7209612407595117,19.35290407347981,22.179151946800214,adjust,25966
NFHS-4,first_delivery,actual_health_spending,52851,48385,10.42304148720925,linked_context_gap_pp,20.76730742235235,0.7205048576892463,19.355078021770396,22.179536822934303,adjust,25966
NFHS-4,first_delivery,actual_health_spending,52851,48385,10.42304148720925,context_minus_calendar_baseline_pp,0.0012794122123377383,0.0038133858517896586,-0.006195035125785997,0.008753859550461474,adjust,25966
NFHS-4,first_delivery,actual_health_spending,52851,48385,10.42304148720925,reference_composition_change_pp,-0.3191064694321122,0.039340115389089256,-0.3962152730464803,-0.24199766581774404,adjust,25966
NFHS-4,first_delivery,actual_health_spending,52851,48385,10.42304148720925,original_full_reference_gap_pp,21.20782620507696,0.7065581649897734,19.822933094127034,22.592719316026884,average,25966
NFHS-4,first_delivery,actual_health_spending,52851,48385,10.42304148720925,original_linked_reference_gap_pp,20.888719735644845,0.6901678169479262,19.53595261405286,22.24148685723683,average,25966
NFHS-4,first_delivery,actual_health_spending,52851,48385,10.42304148720925,linked_calendar_baseline_gap_pp,20.766028010140012,0.721873885313241,19.351115239640173,22.18094078063985,average,25966
NFHS-4,first_delivery,actual_health_spending,52851,48385,10.42304148720925,linked_context_gap_pp,20.76730742235235,0.7214145138669246,19.353295045313224,22.181319799391474,average,25966
NFHS-4,first_delivery,actual_health_spending,52851,48385,10.42304148720925,context_minus_calendar_baseline_pp,0.0012794122123377383,0.003817835607153406,-0.006203756892590228,0.008762581317265705,average,25966
NFHS-4,first_delivery,actual_health_spending,52851,48385,10.42304148720925,reference_composition_change_pp,-0.3191064694321122,0.039388971846016745,-0.3963110344062337,-0.24190190445799062,average,25966
NFHS-4,first_delivery,actual_health_spending,52851,48385,10.42304148720925,original_full_reference_gap_pp,21.20782620507696,0.705290289681522,19.825418199907347,22.59023421024657,zero_sensitivity_only,25966
NFHS-4,first_delivery,actual_health_spending,52851,48385,10.42304148720925,original_linked_reference_gap_pp,20.888719735644845,0.6889293531143496,19.538380071714897,22.239059399574792,zero_sensitivity_only,25966
NFHS-4,first_delivery,actual_health_spending,52851,48385,10.42304148720925,linked_calendar_baseline_gap_pp,20.766028010140012,0.7205785268838704,19.353654213859052,22.178401806420972,zero_sensitivity_only,25966
NFHS-4,first_delivery,actual_health_spending,52851,48385,10.42304148720925,linked_context_gap_pp,20.76730742235235,0.7201199797514505,19.35583240383124,22.17878244087346,zero_sensitivity_only,25966
NFHS-4,first_delivery,actual_health_spending,52851,48385,10.42304148720925,context_minus_calendar_baseline_pp,0.0012794122123377383,0.0038109847352264742,-0.006190328804421797,0.008749153229097273,zero_sensitivity_only,25966
NFHS-4,first_delivery,actual_health_spending,52851,48385,10.42304148720925,reference_composition_change_pp,-0.3191064694321122,0.03931829075096252,-0.39617249554777134,-0.24204044331645305,zero_sensitivity_only,25966
NFHS-4,first_delivery,actual_and_planned_budget,52851,18641,65.12692951006636,original_full_reference_gap_pp,21.20782620507696,0.7055006237167847,19.82500593355637,22.59064647659755,adjust,25966
NFHS-4,first_delivery,actual_and_planned_budget,52851,18641,65.12692951006636,original_linked_reference_gap_pp,20.819068495378254,0.6790624855849797,19.488068437931062,22.150068552825445,adjust,25966
NFHS-4,first_delivery,actual_and_planned_budget,52851,18641,65.12692951006636,linked_calendar_baseline_gap_pp,20.6025036182541,1.2936837951337765,18.06681177517102,23.138195461337183,adjust,25966
NFHS-4,first_delivery,actual_and_planned_budget,52851,18641,65.12692951006636,linked_context_gap_pp,20.624531098159075,1.2842990976548583,18.10723378157204,23.141828414746108,adjust,25966
NFHS-4,first_delivery,actual_and_planned_budget,52851,18641,65.12692951006636,context_minus_calendar_baseline_pp,0.022027479904973557,0.028420859616215897,-0.033678978020315525,0.07773393783026264,adjust,25966
NFHS-4,first_delivery,actual_and_planned_budget,52851,18641,65.12692951006636,reference_composition_change_pp,-0.38875770969870327,0.06537530696611057,-0.5168969298362464,-0.2606184895611602,adjust,25966
NFHS-4,first_delivery,actual_and_planned_budget,52851,18641,65.12692951006636,original_full_reference_gap_pp,21.20782620507696,0.7065581649897734,19.822933094127034,22.592719316026884,average,25966
NFHS-4,first_delivery,actual_and_planned_budget,52851,18641,65.12692951006636,original_linked_reference_gap_pp,20.819068495378254,0.6801290041269342,19.485978002557673,22.152158988198835,average,25966
NFHS-4,first_delivery,actual_and_planned_budget,52851,18641,65.12692951006636,linked_calendar_baseline_gap_pp,20.6025036182541,1.290115085585673,18.07380664341123,23.13120059309697,average,25966
NFHS-4,first_delivery,actual_and_planned_budget,52851,18641,65.12692951006636,linked_context_gap_pp,20.624531098159075,1.2806228690755685,18.11443939306449,23.13462280325366,average,25966
NFHS-4,first_delivery,actual_and_planned_budget,52851,18641,65.12692951006636,context_minus_calendar_baseline_pp,0.022027479904973557,0.028460618732129288,-0.03375690808814895,0.07781186789809606,average,25966
NFHS-4,first_delivery,actual_and_planned_budget,52851,18641,65.12692951006636,reference_composition_change_pp,-0.38875770969870327,0.06532883379136441,-0.5168058398414815,-0.260709579555925,average,25966
NFHS-4,first_delivery,actual_and_planned_budget,52851,18641,65.12692951006636,original_full_reference_gap_pp,21.20782620507696,0.705290289681522,19.825418199907347,22.59023421024657,zero_sensitivity_only,25966
NFHS-4,first_delivery,actual_and_planned_budget,52851,18641,65.12692951006636,original_linked_reference_gap_pp,20.819068495378254,0.678908554327489,19.48837015171575,22.14976683904076,zero_sensitivity_only,25966
NFHS-4,first_delivery,actual_and_planned_budget,52851,18641,65.12692951006636,linked_calendar_baseline_gap_pp,20.6025036182541,1.2878000531610736,18.0783442350991,23.126663001409103,zero_sensitivity_only,25966
NFHS-4,first_delivery,actual_and_planned_budget,52851,18641,65.12692951006636,linked_context_gap_pp,20.624531098159075,1.2783248698515322,18.11894359873648,23.13011859758167,zero_sensitivity_only,25966
NFHS-4,first_delivery,actual_and_planned_budget,52851,18641,65.12692951006636,context_minus_calendar_baseline_pp,0.022027479904973557,0.028409547896724608,-0.033656806424015716,0.07771176623396284,zero_sensitivity_only,25966
NFHS-4,first_delivery,actual_and_planned_budget,52851,18641,65.12692951006636,reference_composition_change_pp,-0.38875770969870327,0.06521160520441271,-0.5165760653225244,-0.26093935407488217,zero_sensitivity_only,25966
NFHS-4,first_delivery,documented_state_policy_milestones,52851,52764,0.34625032475318707,original_full_reference_gap_pp,21.20782620507696,0.7055006237167847,19.82500593355637,22.59064647659755,adjust,25966
NFHS-4,first_delivery,documented_state_policy_milestones,52851,52764,0.34625032475318707,original_linked_reference_gap_pp,21.203965568469652,0.7053319966803526,19.82147581527387,22.586455321665433,adjust,25966
NFHS-4,first_delivery,documented_state_policy_milestones,52851,52764,0.34625032475318707,linked_calendar_baseline_gap_pp,21.286813518837402,0.709276002811348,19.8965932953265,22.677033742348303,adjust,25966
NFHS-4,first_delivery,documented_state_policy_milestones,52851,52764,0.34625032475318707,linked_context_gap_pp,21.282249859236124,0.7091715935478731,19.892234283660624,22.672265434811624,adjust,25966
NFHS-4,first_delivery,documented_state_policy_milestones,52851,52764,0.34625032475318707,context_minus_calendar_baseline_pp,-0.004563659601278247,0.011184479394570419,-0.026485858268851678,0.017358539066295184,adjust,25966
NFHS-4,first_delivery,documented_state_policy_milestones,52851,52764,0.34625032475318707,reference_composition_change_pp,-0.003860636607305734,0.001770766865614981,-0.00733143767479332,-0.0003898355398181479,adjust,25966
NFHS-4,first_delivery,documented_state_policy_milestones,52851,52764,0.34625032475318707,original_full_reference_gap_pp,21.20782620507696,0.7065581649897734,19.822933094127034,22.592719316026884,average,25966
NFHS-4,first_delivery,documented_state_policy_milestones,52851,52764,0.34625032475318707,original_linked_reference_gap_pp,21.203965568469652,0.7063894423887609,19.81940316315641,22.588527973782895,average,25966
NFHS-4,first_delivery,documented_state_policy_milestones,52851,52764,0.34625032475318707,linked_calendar_baseline_gap_pp,21.286813518837402,0.7102233747557966,19.894736393878915,22.67889064379589,average,25966
NFHS-4,first_delivery,documented_state_policy_milestones,52851,52764,0.34625032475318707,linked_context_gap_pp,21.282249859236124,0.7101209368144411,19.890373518312572,22.674126200159677,average,25966
NFHS-4,first_delivery,documented_state_policy_milestones,52851,52764,0.34625032475318707,context_minus_calendar_baseline_pp,-0.004563659601278247,0.011202314465397193,-0.026520815994832612,0.017393496792276118,average,25966
NFHS-4,first_delivery,documented_state_policy_milestones,52851,52764,0.34625032475318707,reference_composition_change_pp,-0.003860636607305734,0.0017738934440388239,-0.0073375659415582896,-0.00038370727305317865,average,25966
NFHS-4,first_delivery,documented_state_policy_milestones,52851,52764,0.34625032475318707,original_full_reference_gap_pp,21.20782620507696,0.705290289681522,19.825418199907347,22.59023421024657,zero_sensitivity_only,25966
NFHS-4,first_delivery,documented_state_policy_milestones,52851,52764,0.34625032475318707,original_linked_reference_gap_pp,21.203965568469652,0.7051218698428726,19.821887675505728,22.586043461433576,zero_sensitivity_only,25966
NFHS-4,first_delivery,documented_state_policy_milestones,52851,52764,0.34625032475318707,linked_calendar_baseline_gap_pp,21.286813518837402,0.7089489224533326,19.897234390931914,22.67639264674289,zero_sensitivity_only,25966
NFHS-4,first_delivery,documented_state_policy_milestones,52851,52764,0.34625032475318707,linked_context_gap_pp,21.282249859236124,0.7088466683305825,19.89287115507093,22.671628563401317,zero_sensitivity_only,25966
NFHS-4,first_delivery,documented_state_policy_milestones,52851,52764,0.34625032475318707,context_minus_calendar_baseline_pp,-0.004563659601278247,0.01118221259889884,-0.026481415223869608,0.017354096021313114,zero_sensitivity_only,25966
NFHS-4,first_delivery,documented_state_policy_milestones,52851,52764,0.34625032475318707,reference_composition_change_pp,-0.003860636607305734,0.0017707103010102545,-0.007331326805037239,-0.0003899464095742291,zero_sensitivity_only,25966
NFHS-5,all_narrow,actual_health_spending,115197,107574,3.417031388279357,original_full_reference_gap_pp,23.75678053300499,0.4637780133330822,22.847752174758128,24.66580889125185,adjust,27400
NFHS-5,all_narrow,actual_health_spending,115197,107574,3.417031388279357,original_linked_reference_gap_pp,23.627358187822704,0.46145139840395005,22.722890112488138,24.53182626315727,adjust,27400
NFHS-5,all_narrow,actual_health_spending,115197,107574,3.417031388279357,linked_calendar_baseline_gap_pp,23.592819449260197,0.468893911375314,22.673763672152173,24.511875226368222,adjust,27400
NFHS-5,all_narrow,actual_health_spending,115197,107574,3.417031388279357,linked_context_gap_pp,23.592516159729467,0.4688970328760274,22.6734542643222,24.511578055136734,adjust,27400
NFHS-5,all_narrow,actual_health_spending,115197,107574,3.417031388279357,context_minus_calendar_baseline_pp,-0.00030328953073144316,0.0009185688958851672,-0.002103731016437301,0.0014971519549744146,adjust,27400
NFHS-5,all_narrow,actual_health_spending,115197,107574,3.417031388279357,reference_composition_change_pp,-0.12942234518228402,0.006597175618112326,-0.14235314299673724,-0.11649154736783081,adjust,27400
NFHS-5,all_narrow,actual_health_spending,115197,107574,3.417031388279357,original_full_reference_gap_pp,23.75678053300499,0.4648409845095013,22.845668697500507,24.66789236850947,average,27400
NFHS-5,all_narrow,actual_health_spending,115197,107574,3.417031388279357,original_linked_reference_gap_pp,23.627358187822704,0.46250968896842043,22.720815809466625,24.533900566178783,average,27400
NFHS-5,all_narrow,actual_health_spending,115197,107574,3.417031388279357,linked_calendar_baseline_gap_pp,23.592819449260197,0.4699254812538678,22.671741743026256,24.51389715549414,average,27400
NFHS-5,all_narrow,actual_health_spending,115197,107574,3.417031388279357,linked_context_gap_pp,23.592516159729467,0.46992826573745583,22.67143299576689,24.513599323692045,average,27400
NFHS-5,all_narrow,actual_health_spending,115197,107574,3.417031388279357,context_minus_calendar_baseline_pp,-0.00030328953073144316,0.0009197280969358301,-0.0021060031091145476,0.0014994240476516613,average,27400
NFHS-5,all_narrow,actual_health_spending,115197,107574,3.417031388279357,reference_composition_change_pp,-0.12942234518228402,0.006612029381012347,-0.14238225712313954,-0.11646243324142849,average,27400
NFHS-5,all_narrow,actual_health_spending,115197,107574,3.417031388279357,original_full_reference_gap_pp,23.75678053300499,0.46349605298329044,22.84830483130176,24.665256234708217,zero_sensitivity_only,27400
NFHS-5,all_narrow,actual_health_spending,115197,107574,3.417031388279357,original_linked_reference_gap_pp,23.627358187822704,0.4611715026152357,22.723438722387662,24.531277653257746,zero_sensitivity_only,27400
NFHS-5,all_narrow,actual_health_spending,115197,107574,3.417031388279357,linked_calendar_baseline_gap_pp,23.592819449260197,0.46856583867550294,22.674406711233633,24.511232187286762,zero_sensitivity_only,27400
NFHS-5,all_narrow,actual_health_spending,115197,107574,3.417031388279357,linked_context_gap_pp,23.592516159729467,0.46856861510270204,22.674097979765197,24.510934339693737,zero_sensitivity_only,27400
NFHS-5,all_narrow,actual_health_spending,115197,107574,3.417031388279357,context_minus_calendar_baseline_pp,-0.00030328953073144316,0.0009170670335736651,-0.0021007872903612717,0.0014942082288983854,zero_sensitivity_only,27400
NFHS-5,all_narrow,actual_health_spending,115197,107574,3.417031388279357,reference_composition_change_pp,-0.12942234518228402,0.0065928986953303625,-0.1423447600118111,-0.11649993035275692,zero_sensitivity_only,27400
NFHS-5,all_narrow,actual_and_planned_budget,115197,71801,36.06800861540028,original_full_reference_gap_pp,23.75678053300499,0.4637780133330822,22.847752174758128,24.66580889125185,adjust,27400
NFHS-5,all_narrow,actual_and_planned_budget,115197,71801,36.06800861540028,original_linked_reference_gap_pp,23.708695171176064,0.46326096782896353,22.800680248262996,24.616710094089132,adjust,27400
NFHS-5,all_narrow,actual_and_planned_budget,115197,71801,36.06800861540028,linked_calendar_baseline_gap_pp,24.105162195172593,0.5548914281394941,23.017546936523765,25.19277745382142,adjust,27400
NFHS-5,all_narrow,actual_and_planned_budget,115197,71801,36.06800861540028,linked_context_gap_pp,24.10736521237577,0.5548856270097878,23.019761324234512,25.194969100517024,adjust,27400
NFHS-5,all_narrow,actual_and_planned_budget,115197,71801,36.06800861540028,context_minus_calendar_baseline_pp,0.0022030172031783923,0.0031786084768474485,-0.004027216145859249,0.008433250552216033,adjust,27400
NFHS-5,all_narrow,actual_and_planned_budget,115197,71801,36.06800861540028,reference_composition_change_pp,-0.048085361828925643,0.01593405479114445,-0.07931691496554857,-0.016853808692302713,adjust,27400
NFHS-5,all_narrow,actual_and_planned_budget,115197,71801,36.06800861540028,original_full_reference_gap_pp,23.75678053300499,0.4648409845095013,22.845668697500507,24.66789236850947,average,27400
NFHS-5,all_narrow,actual_and_planned_budget,115197,71801,36.06800861540028,original_linked_reference_gap_pp,23.708695171176064,0.4643136600259091,22.798616918324925,24.618773424027204,average,27400
NFHS-5,all_narrow,actual_and_planned_budget,115197,71801,36.06800861540028,linked_calendar_baseline_gap_pp,24.105162195172593,0.556020203711564,23.0153344793231,25.194989911022084,average,27400
NFHS-5,all_narrow,actual_and_planned_budget,115197,71801,36.06800861540028,linked_context_gap_pp,24.10736521237577,0.5560129631184336,23.01755168845495,25.197178736296586,average,27400
NFHS-5,all_narrow,actual_and_planned_budget,115197,71801,36.06800861540028,context_minus_calendar_baseline_pp,0.0022030172031783923,0.0031863157984649087,-0.004042322885969778,0.008448357292326562,average,27400
NFHS-5,all_narrow,actual_and_planned_budget,115197,71801,36.06800861540028,reference_composition_change_pp,-0.048085361828925643,0.015955455376801993,-0.07935886119561236,-0.016811862462238925,average,27400
NFHS-5,all_narrow,actual_and_planned_budget,115197,71801,36.06800861540028,original_full_reference_gap_pp,23.75678053300499,0.46349605298329044,22.84830483130176,24.665256234708217,zero_sensitivity_only,27400
NFHS-5,all_narrow,actual_and_planned_budget,115197,71801,36.06800861540028,original_linked_reference_gap_pp,23.708695171176064,0.46297025421568755,22.80125006164569,24.61614028070644,zero_sensitivity_only,27400
NFHS-5,all_narrow,actual_and_planned_budget,115197,71801,36.06800861540028,linked_calendar_baseline_gap_pp,24.105162195172593,0.5544114619566369,23.018487694512874,25.19183669583231,zero_sensitivity_only,27400
NFHS-5,all_narrow,actual_and_planned_budget,115197,71801,36.06800861540028,linked_context_gap_pp,24.10736521237577,0.5544042423128254,23.020704862583,25.194025562168537,zero_sensitivity_only,27400
NFHS-5,all_narrow,actual_and_planned_budget,115197,71801,36.06800861540028,context_minus_calendar_baseline_pp,0.0022030172031783923,0.0031770967822580204,-0.004024253148021291,0.008430287554378076,zero_sensitivity_only,27400
NFHS-5,all_narrow,actual_and_planned_budget,115197,71801,36.06800861540028,reference_composition_change_pp,-0.048085361828925643,0.015909291213859356,-0.07926837710183657,-0.016902346556014726,zero_sensitivity_only,27400
NFHS-5,all_narrow,actual_and_facility_12m,115197,41555,62.06715270193542,original_full_reference_gap_pp,23.75678053300499,0.4637780133330822,22.847752174758128,24.66580889125185,adjust,27400
NFHS-5,all_narrow,actual_and_facility_12m,115197,41555,62.06715270193542,original_linked_reference_gap_pp,23.6233538588993,0.4620543403408282,22.71770398687916,24.529003730919438,adjust,27400
NFHS-5,all_narrow,actual_and_facility_12m,115197,41555,62.06715270193542,linked_calendar_baseline_gap_pp,24.923746939794817,0.6950901102602065,23.56133517468669,26.286158704902945,adjust,27400
NFHS-5,all_narrow,actual_and_facility_12m,115197,41555,62.06715270193542,linked_context_gap_pp,24.918464892341984,0.6948424053924283,23.556538641300527,26.28039114338344,adjust,27400
NFHS-5,all_narrow,actual_and_facility_12m,115197,41555,62.06715270193542,context_minus_calendar_baseline_pp,-0.0052820474528342265,0.007713065398818323,-0.02040004566527419,0.009835950759605734,adjust,27400
NFHS-5,all_narrow,actual_and_facility_12m,115197,41555,62.06715270193542,reference_composition_change_pp,-0.1334266741056911,0.028164461985428844,-0.188630443804737,-0.07822290440664517,adjust,27400
NFHS-5,all_narrow,actual_and_facility_12m,115197,41555,62.06715270193542,original_full_reference_gap_pp,23.75678053300499,0.4648409845095013,22.845668697500507,24.66789236850947,average,27400
NFHS-5,all_narrow,actual_and_facility_12m,115197,41555,62.06715270193542,original_linked_reference_gap_pp,23.6233538588993,0.4631037441340999,22.71564710237858,24.53106061542002,average,27400
NFHS-5,all_narrow,actual_and_facility_12m,115197,41555,62.06715270193542,linked_calendar_baseline_gap_pp,24.923746939794817,0.6964210664256356,23.558726433299267,26.288767446290368,average,27400
NFHS-5,all_narrow,actual_and_facility_12m,115197,41555,62.06715270193542,linked_context_gap_pp,24.918464892341984,0.6961754437282166,23.55392581875391,26.283003965930057,average,27400
NFHS-5,all_narrow,actual_and_facility_12m,115197,41555,62.06715270193542,context_minus_calendar_baseline_pp,-0.0052820474528342265,0.007734677758379046,-0.020442406982897097,0.009878312077228644,average,27400
NFHS-5,all_narrow,actual_and_facility_12m,115197,41555,62.06715270193542,reference_composition_change_pp,-0.1334266741056911,0.028218758663474522,-0.18873686803935608,-0.0781164801720261,average,27400
NFHS-5,all_narrow,actual_and_facility_12m,115197,41555,62.06715270193542,original_full_reference_gap_pp,23.75678053300499,0.46349605298329044,22.84830483130176,24.665256234708217,zero_sensitivity_only,27400
NFHS-5,all_narrow,actual_and_facility_12m,115197,41555,62.06715270193542,original_linked_reference_gap_pp,23.6233538588993,0.4617638389920233,22.718273384212758,24.528434333585842,zero_sensitivity_only,27400
NFHS-5,all_narrow,actual_and_facility_12m,115197,41555,62.06715270193542,linked_calendar_baseline_gap_pp,24.923746939794817,0.6944061007083988,23.562675867996916,26.28481801159272,zero_sensitivity_only,27400
NFHS-5,all_narrow,actual_and_facility_12m,115197,41555,62.06715270193542,linked_context_gap_pp,24.918464892341984,0.694161188674885,23.557873860514366,26.2790559241696,zero_sensitivity_only,27400
NFHS-5,all_narrow,actual_and_facility_12m,115197,41555,62.06715270193542,context_minus_calendar_baseline_pp,-0.0052820474528342265,0.007712298896985611,-0.02039854328292196,0.009834448377253505,zero_sensitivity_only,27400
NFHS-5,all_narrow,actual_and_facility_12m,115197,41555,62.06715270193542,reference_composition_change_pp,-0.1334266741056911,0.028137112897671217,-0.18857683820975593,-0.07827651000162625,zero_sensitivity_only,27400
NFHS-5,all_narrow,actual_and_facility_24m,115197,56887,48.631284486416014,original_full_reference_gap_pp,23.75678053300499,0.4637780133330822,22.847752174758128,24.66580889125185,adjust,27400
NFHS-5,all_narrow,actual_and_facility_24m,115197,56887,48.631284486416014,original_linked_reference_gap_pp,23.62792813253824,0.4616373642159015,22.723095554808417,24.532760710268064,adjust,27400
NFHS-5,all_narrow,actual_and_facility_24m,115197,56887,48.631284486416014,linked_calendar_baseline_gap_pp,24.569244393621485,0.6017972315477709,23.389691388381266,25.748797398861704,adjust,27400
NFHS-5,all_narrow,actual_and_facility_24m,115197,56887,48.631284486416014,linked_context_gap_pp,24.564118443312058,0.6018485081118142,23.384464933413383,25.743771953210732,adjust,27400
NFHS-5,all_narrow,actual_and_facility_24m,115197,56887,48.631284486416014,context_minus_calendar_baseline_pp,-0.005125950309425864,0.006618667569843008,-0.018098873436066372,0.007846972817214646,adjust,27400
NFHS-5,all_narrow,actual_and_facility_24m,115197,56887,48.631284486416014,reference_composition_change_pp,-0.12885240046675017,0.02534301619998782,-0.17852599375275433,-0.07917880718074602,adjust,27400
NFHS-5,all_narrow,actual_and_facility_24m,115197,56887,48.631284486416014,original_full_reference_gap_pp,23.75678053300499,0.4648409845095013,22.845668697500507,24.66789236850947,average,27400
NFHS-5,all_narrow,actual_and_facility_24m,115197,56887,48.631284486416014,original_linked_reference_gap_pp,23.62792813253824,0.46269012118259173,22.72103209791837,24.53482416715811,average,27400
NFHS-5,all_narrow,actual_and_facility_24m,115197,56887,48.631284486416014,linked_calendar_baseline_gap_pp,24.569244393621485,0.6032606586169874,23.38682299732369,25.75166578991928,average,27400
NFHS-5,all_narrow,actual_and_facility_24m,115197,56887,48.631284486416014,linked_context_gap_pp,24.564118443312058,0.6033162547103584,23.3815880758599,25.746648810764217,average,27400
NFHS-5,all_narrow,actual_and_facility_24m,115197,56887,48.631284486416014,context_minus_calendar_baseline_pp,-0.005125950309425864,0.006635992638078022,-0.01813283144589311,0.007880930827041383,average,27400
NFHS-5,all_narrow,actual_and_facility_24m,115197,56887,48.631284486416014,reference_composition_change_pp,-0.12885240046675017,0.025403277947127545,-0.1786441098244366,-0.07906069110906375,average,27400
NFHS-5,all_narrow,actual_and_facility_24m,115197,56887,48.631284486416014,original_full_reference_gap_pp,23.75678053300499,0.46349605298329044,22.84830483130176,24.665256234708217,zero_sensitivity_only,27400
NFHS-5,all_narrow,actual_and_facility_24m,115197,56887,48.631284486416014,original_linked_reference_gap_pp,23.62792813253824,0.46135141278212344,22.723656034078484,24.532200230997997,zero_sensitivity_only,27400
NFHS-5,all_narrow,actual_and_facility_24m,115197,56887,48.631284486416014,linked_calendar_baseline_gap_pp,24.569244393621485,0.6015152353317476,23.390244115224526,25.748244672018444,zero_sensitivity_only,27400
NFHS-5,all_narrow,actual_and_facility_24m,115197,56887,48.631284486416014,linked_context_gap_pp,24.564118443312058,0.6015706705680918,23.38500950904864,25.743227377575476,zero_sensitivity_only,27400
NFHS-5,all_narrow,actual_and_facility_24m,115197,56887,48.631284486416014,context_minus_calendar_baseline_pp,-0.005125950309425864,0.006616792619138058,-0.018095198437873022,0.007843297819021296,zero_sensitivity_only,27400
NFHS-5,all_narrow,actual_and_facility_24m,115197,56887,48.631284486416014,reference_composition_change_pp,-0.12885240046675017,0.025329778254719316,-0.1785000467106177,-0.07920475422288263,zero_sensitivity_only,27400
NFHS-5,first_delivery,actual_health_spending,51854,48413,3.4911936844990112,original_full_reference_gap_pp,25.237001635445615,0.6585418804833001,23.946226232201024,26.527777038690207,adjust,27392
NFHS-5,first_delivery,actual_health_spending,51854,48413,3.4911936844990112,original_linked_reference_gap_pp,25.15725816968068,0.6563820267515509,23.87071618902343,26.443800150337932,adjust,27392
NFHS-5,first_delivery,actual_health_spending,51854,48413,3.4911936844990112,linked_calendar_baseline_gap_pp,25.135026283392765,0.6685907019464978,23.82455468168199,26.44549788510354,adjust,27392
NFHS-5,first_delivery,actual_health_spending,51854,48413,3.4911936844990112,linked_context_gap_pp,25.13493593765668,0.668598938378061,23.82444819212334,26.445423683190022,adjust,27392
NFHS-5,first_delivery,actual_health_spending,51854,48413,3.4911936844990112,context_minus_calendar_baseline_pp,-9.034573608124319e-05,0.0007575468390669576,-0.0015751758670908289,0.0013944843949283425,adjust,27392
NFHS-5,first_delivery,actual_health_spending,51854,48413,3.4911936844990112,reference_composition_change_pp,-0.07974346576493652,0.00710727448839778,-0.09367408333932521,-0.06581284819054782,adjust,27392
NFHS-5,first_delivery,actual_health_spending,51854,48413,3.4911936844990112,original_full_reference_gap_pp,25.237001635445615,0.6594936651998871,23.944360686003034,26.529642584888197,average,27392
NFHS-5,first_delivery,actual_health_spending,51854,48413,3.4911936844990112,original_linked_reference_gap_pp,25.15725816968068,0.6573363175210678,23.868845730834906,26.445670608526456,average,27392
NFHS-5,first_delivery,actual_health_spending,51854,48413,3.4911936844990112,linked_calendar_baseline_gap_pp,25.135026283392765,0.6693013091901127,23.823161855532874,26.446890711252657,average,27392
NFHS-5,first_delivery,actual_health_spending,51854,48413,3.4911936844990112,linked_context_gap_pp,25.13493593765668,0.669308355357571,23.823057698952088,26.446814176361276,average,27392
NFHS-5,first_delivery,actual_health_spending,51854,48413,3.4911936844990112,context_minus_calendar_baseline_pp,-9.034573608124319e-05,0.0007583208288411378,-0.001576692926206555,0.0013960014540440686,average,27392
NFHS-5,first_delivery,actual_health_spending,51854,48413,3.4911936844990112,reference_composition_change_pp,-0.07974346576493652,0.007120668757938532,-0.09370033678527909,-0.06578659474459395,average,27392
NFHS-5,first_delivery,actual_health_spending,51854,48413,3.4911936844990112,original_full_reference_gap_pp,25.237001635445615,0.6578207305768211,23.94763972250274,26.526363548388492,zero_sensitivity_only,27392
NFHS-5,first_delivery,actual_health_spending,51854,48413,3.4911936844990112,original_linked_reference_gap_pp,25.15725816968068,0.6556688554321841,23.872114040890743,26.44240229847062,zero_sensitivity_only,27392
NFHS-5,first_delivery,actual_health_spending,51854,48413,3.4911936844990112,linked_calendar_baseline_gap_pp,25.135026283392765,0.6676034955605182,23.826489656144076,26.443562910641454,zero_sensitivity_only,27392
NFHS-5,first_delivery,actual_health_spending,51854,48413,3.4911936844990112,linked_context_gap_pp,25.13493593765668,0.6676105238539951,23.826385534597197,26.443486340716166,zero_sensitivity_only,27392
NFHS-5,first_delivery,actual_health_spending,51854,48413,3.4911936844990112,context_minus_calendar_baseline_pp,-9.034573608124319e-05,0.0007563971997952456,-0.0015729225159547692,0.0013922310437922828,zero_sensitivity_only,27392
NFHS-5,first_delivery,actual_health_spending,51854,48413,3.4911936844990112,reference_composition_change_pp,-0.07974346576493652,0.007102605789432338,-0.09366493245315025,-0.06582199907672279,zero_sensitivity_only,27392
NFHS-5,first_delivery,actual_and_planned_budget,51854,32097,36.55132139625486,original_full_reference_gap_pp,25.237001635445615,0.6585418804833001,23.946226232201024,26.527777038690207,adjust,27392
NFHS-5,first_delivery,actual_and_planned_budget,51854,32097,36.55132139625486,original_linked_reference_gap_pp,25.19707406286149,0.6576666191025272,23.908014216205164,26.486133909517815,adjust,27392
NFHS-5,first_delivery,actual_and_planned_budget,51854,32097,36.55132139625486,linked_calendar_baseline_gap_pp,26.228148701808802,0.8230703314193453,24.614889210769636,27.841408192847968,adjust,27392
NFHS-5,first_delivery,actual_and_planned_budget,51854,32097,36.55132139625486,linked_context_gap_pp,26.23012029026382,0.8233440020562196,24.616324390930608,27.84391618959703,adjust,27392
NFHS-5,first_delivery,actual_and_planned_budget,51854,32097,36.55132139625486,context_minus_calendar_baseline_pp,0.001971588455018658,0.007754266081432527,-0.013227165374853732,0.017170342284891046,adjust,27392
NFHS-5,first_delivery,actual_and_planned_budget,51854,32097,36.55132139625486,reference_composition_change_pp,-0.03992757258412527,0.017442857340208222,-0.07411645545444728,-0.005738689713803265,adjust,27392
NFHS-5,first_delivery,actual_and_planned_budget,51854,32097,36.55132139625486,original_full_reference_gap_pp,25.237001635445615,0.6594936651998871,23.944360686003034,26.529642584888197,average,27392
NFHS-5,first_delivery,actual_and_planned_budget,51854,32097,36.55132139625486,original_linked_reference_gap_pp,25.19707406286149,0.6585674958700817,23.906248452162853,26.487899673560126,average,27392
NFHS-5,first_delivery,actual_and_planned_budget,51854,32097,36.55132139625486,linked_calendar_baseline_gap_pp,26.228148701808802,0.8247713206057402,24.611555185906447,27.844742217711158,average,27392
NFHS-5,first_delivery,actual_and_planned_budget,51854,32097,36.55132139625486,linked_context_gap_pp,26.23012029026382,0.8250435794639568,24.61299313322501,27.847247447302628,average,27392
NFHS-5,first_delivery,actual_and_planned_budget,51854,32097,36.55132139625486,context_minus_calendar_baseline_pp,0.001971588455018658,0.007772460124076662,-0.013262826618924342,0.017206003528961657,average,27392
NFHS-5,first_delivery,actual_and_planned_budget,51854,32097,36.55132139625486,reference_composition_change_pp,-0.03992757258412527,0.017447891389711936,-0.07412632244616137,-0.005728822722089175,average,27392
NFHS-5,first_delivery,actual_and_planned_budget,51854,32097,36.55132139625486,original_full_reference_gap_pp,25.237001635445615,0.6578207305768211,23.94763972250274,26.526363548388492,zero_sensitivity_only,27392
NFHS-5,first_delivery,actual_and_planned_budget,51854,32097,36.55132139625486,original_linked_reference_gap_pp,25.19707406286149,0.6568969106566013,23.909522883700905,26.484625242022073,zero_sensitivity_only,27392
NFHS-5,first_delivery,actual_and_planned_budget,51854,32097,36.55132139625486,linked_calendar_baseline_gap_pp,26.228148701808802,0.8226791268953806,24.61565599142875,27.840641412188855,zero_sensitivity_only,27392
NFHS-5,first_delivery,actual_and_planned_budget,51854,32097,36.55132139625486,linked_context_gap_pp,26.23012029026382,0.8229506951157725,24.617095292432396,27.843145288095243,zero_sensitivity_only,27392
NFHS-5,first_delivery,actual_and_planned_budget,51854,32097,36.55132139625486,context_minus_calendar_baseline_pp,0.001971588455018658,0.007752743759334892,-0.013224181546523786,0.017167358456561102,zero_sensitivity_only,27392
NFHS-5,first_delivery,actual_and_planned_budget,51854,32097,36.55132139625486,reference_composition_change_pp,-0.03992757258412527,0.017403631401867327,-0.0740395706307479,-0.0058155745375026435,zero_sensitivity_only,27392
NFHS-5,first_delivery,actual_and_facility_12m,51854,18441,62.50065005773318,original_full_reference_gap_pp,25.237001635445615,0.6585418804833001,23.946226232201024,26.527777038690207,adjust,27392
NFHS-5,first_delivery,actual_and_facility_12m,51854,18441,62.50065005773318,original_linked_reference_gap_pp,25.081653525278586,0.654880333348831,23.798054939665587,26.365252110891586,adjust,27392
NFHS-5,first_delivery,actual_and_facility_12m,51854,18441,62.50065005773318,linked_calendar_baseline_gap_pp,27.60185249383974,1.0663891849532525,25.511675739684755,29.692029247994725,adjust,27392
NFHS-5,first_delivery,actual_and_facility_12m,51854,18441,62.50065005773318,linked_context_gap_pp,27.606767460711023,1.0658021523492989,25.517741320159427,29.69579360126262,adjust,27392
NFHS-5,first_delivery,actual_and_facility_12m,51854,18441,62.50065005773318,context_minus_calendar_baseline_pp,0.004914966871283344,0.016607022709037966,-0.027635637834705663,0.03746557157727235,adjust,27392
NFHS-5,first_delivery,actual_and_facility_12m,51854,18441,62.50065005773318,reference_composition_change_pp,-0.15534811016703065,0.030940115404701363,-0.21599230170824021,-0.09470391862582109,adjust,27392
NFHS-5,first_delivery,actual_and_facility_12m,51854,18441,62.50065005773318,original_full_reference_gap_pp,25.237001635445615,0.6594936651998871,23.944360686003034,26.529642584888197,average,27392
NFHS-5,first_delivery,actual_and_facility_12m,51854,18441,62.50065005773318,original_linked_reference_gap_pp,25.081653525278586,0.6557728133323673,23.796305633744765,26.367001416812407,average,27392
NFHS-5,first_delivery,actual_and_facility_12m,51854,18441,62.50065005773318,linked_calendar_baseline_gap_pp,27.60185249383974,1.0684454852774516,25.507645287015272,29.696059700664208,average,27392
NFHS-5,first_delivery,actual_and_facility_12m,51854,18441,62.50065005773318,linked_context_gap_pp,27.606767460711023,1.0678620505613667,25.513703815447695,29.69983110597435,average,27392
NFHS-5,first_delivery,actual_and_facility_12m,51854,18441,62.50065005773318,context_minus_calendar_baseline_pp,0.004914966871283344,0.016648514373318456,-0.027716963595876137,0.037546897338442825,average,27392
NFHS-5,first_delivery,actual_and_facility_12m,51854,18441,62.50065005773318,reference_composition_change_pp,-0.15534811016703065,0.030993208745328134,-0.21609636734201101,-0.09459985299205029,average,27392
NFHS-5,first_delivery,actual_and_facility_12m,51854,18441,62.50065005773318,original_full_reference_gap_pp,25.237001635445615,0.6578207305768211,23.94763972250274,26.526363548388492,zero_sensitivity_only,27392
NFHS-5,first_delivery,actual_and_facility_12m,51854,18441,62.50065005773318,original_linked_reference_gap_pp,25.081653525278586,0.6541093173775478,23.79956616997718,26.363740880579993,zero_sensitivity_only,27392
NFHS-5,first_delivery,actual_and_facility_12m,51854,18441,62.50065005773318,linked_calendar_baseline_gap_pp,27.60185249383974,1.0657351644063067,25.512957653045518,29.69074733463396,zero_sensitivity_only,27392
NFHS-5,first_delivery,actual_and_facility_12m,51854,18441,62.50065005773318,linked_context_gap_pp,27.606767460711023,1.0651532096864496,25.51901328061046,29.694521640811587,zero_sensitivity_only,27392
NFHS-5,first_delivery,actual_and_facility_12m,51854,18441,62.50065005773318,context_minus_calendar_baseline_pp,0.004914966871283344,0.016606282161566586,-0.02763418632419537,0.03746412006676206,zero_sensitivity_only,27392
NFHS-5,first_delivery,actual_and_facility_12m,51854,18441,62.50065005773318,reference_composition_change_pp,-0.15534811016703065,0.030914588411690425,-0.21594226751045595,-0.09475395282360535,zero_sensitivity_only,27392
NFHS-5,first_delivery,actual_and_facility_24m,51854,25492,48.789422060187185,original_full_reference_gap_pp,25.237001635445615,0.6585418804833001,23.946226232201024,26.527777038690207,adjust,27392
NFHS-5,first_delivery,actual_and_facility_24m,51854,25492,48.789422060187185,original_linked_reference_gap_pp,25.103888448580058,0.6544185565567067,23.821194968842217,26.3865819283179,adjust,27392
NFHS-5,first_delivery,actual_and_facility_24m,51854,25492,48.789422060187185,linked_calendar_baseline_gap_pp,26.544756430011702,0.9034042136825781,24.774038465418162,28.315474394605243,adjust,27392
NFHS-5,first_delivery,actual_and_facility_24m,51854,25492,48.789422060187185,linked_context_gap_pp,26.54164638238022,0.9033210163970252,24.771091488675548,28.31220127608489,adjust,27392
NFHS-5,first_delivery,actual_and_facility_24m,51854,25492,48.789422060187185,context_minus_calendar_baseline_pp,-0.003110047631482704,0.013730765478741665,-0.03002304264809824,0.023802947385132833,adjust,27392
NFHS-5,first_delivery,actual_and_facility_24m,51854,25492,48.789422060187185,reference_composition_change_pp,-0.13311318686555773,0.026991862210632146,-0.18601860239308948,-0.08020777133802598,adjust,27392
NFHS-5,first_delivery,actual_and_facility_24m,51854,25492,48.789422060187185,original_full_reference_gap_pp,25.237001635445615,0.6594936651998871,23.944360686003034,26.529642584888197,average,27392
NFHS-5,first_delivery,actual_and_facility_24m,51854,25492,48.789422060187185,original_linked_reference_gap_pp,25.103888448580058,0.6553044755036905,23.819458522884982,26.388318374275133,average,27392
NFHS-5,first_delivery,actual_and_facility_24m,51854,25492,48.789422060187185,linked_calendar_baseline_gap_pp,26.544756430011702,0.9052526244907112,24.770415486717887,28.319097373305517,average,27392
NFHS-5,first_delivery,actual_and_facility_24m,51854,25492,48.789422060187185,linked_context_gap_pp,26.54164638238022,0.9051750823577795,24.767457425590024,28.315835339170413,average,27392
NFHS-5,first_delivery,actual_and_facility_24m,51854,25492,48.789422060187185,context_minus_calendar_baseline_pp,-0.003110047631482704,0.013764364637139991,-0.030088898698435465,0.023868803435470057,average,27392
NFHS-5,first_delivery,actual_and_facility_24m,51854,25492,48.789422060187185,reference_composition_change_pp,-0.13311318686555773,0.02702712090204722,-0.1860877112121,-0.08013866251901547,average,27392
NFHS-5,first_delivery,actual_and_facility_24m,51854,25492,48.789422060187185,original_full_reference_gap_pp,25.237001635445615,0.6578207305768211,23.94763972250274,26.526363548388492,zero_sensitivity_only,27392
NFHS-5,first_delivery,actual_and_facility_24m,51854,25492,48.789422060187185,original_linked_reference_gap_pp,25.103888448580058,0.6536421675793408,23.82271673051757,26.385060166642546,zero_sensitivity_only,27392
NFHS-5,first_delivery,actual_and_facility_24m,51854,25492,48.789422060187185,linked_calendar_baseline_gap_pp,26.544756430011702,0.9029562742176984,24.77491644943185,28.314596410591555,zero_sensitivity_only,27392
NFHS-5,first_delivery,actual_and_facility_24m,51854,25492,48.789422060187185,linked_context_gap_pp,26.54164638238022,0.9028789287855477,24.771958002760506,28.31133476199993,zero_sensitivity_only,27392
NFHS-5,first_delivery,actual_and_facility_24m,51854,25492,48.789422060187185,context_minus_calendar_baseline_pp,-0.003110047631482704,0.013729448635090149,-0.030020461567918422,0.023800366304953014,zero_sensitivity_only,27392
NFHS-5,first_delivery,actual_and_facility_24m,51854,25492,48.789422060187185,reference_composition_change_pp,-0.13311318686555773,0.026958561325655956,-0.18595333097375014,-0.08027304275736533,zero_sensitivity_only,27392
