wave,analysis,full_n,restricted_n,excluded_n,excluded_weight_pct,metric,estimate,se,ci_lower,ci_upper,singleton_treatment,design_df
NFHS-4,all_narrow,114263,111462,2801,7.185256133518132,full_fit_full_reference_gap_pp,19.165541627325457,0.4944713284668519,18.196350515655496,20.134732738995417,adjust,26001
NFHS-4,all_narrow,114263,111462,2801,7.185256133518132,full_fit_non_west_bengal_reference_gap_pp,18.790241535432788,0.48060845356498094,17.84822242416727,19.732260646698307,adjust,26001
NFHS-4,all_narrow,114263,111462,2801,7.185256133518132,non_west_bengal_refit_same_reference_gap_pp,17.55580832867517,0.4931520621644132,16.589203051816327,18.522413605534013,adjust,26001
NFHS-4,all_narrow,114263,111462,2801,7.185256133518132,reference_only_change_pp,-0.3753000918926691,0.02437475479593794,-0.4230759574228411,-0.3275242263624971,adjust,26001
NFHS-4,all_narrow,114263,111462,2801,7.185256133518132,refit_change_on_same_reference_pp,-1.234433206757618,0.17532035260524437,-1.5780707801770797,-0.8907956333381565,adjust,26001
NFHS-4,all_narrow,114263,111462,2801,7.185256133518132,total_exclusion_change_pp,-1.609733298650287,0.17960010357202655,-1.9617594203199111,-1.257707176980663,adjust,26001
NFHS-4,all_narrow,114263,111462,2801,7.185256133518132,full_fit_full_reference_gap_pp,19.165541627325457,0.49474280628597506,18.19581840413727,20.135264850513643,average,26001
NFHS-4,all_narrow,114263,111462,2801,7.185256133518132,full_fit_non_west_bengal_reference_gap_pp,18.790241535432788,0.48088840234950375,17.847673709089037,19.73280936177654,average,26001
NFHS-4,all_narrow,114263,111462,2801,7.185256133518132,non_west_bengal_refit_same_reference_gap_pp,17.55580832867517,0.4934401908467561,16.588638303686622,18.522978353663717,average,26001
NFHS-4,all_narrow,114263,111462,2801,7.185256133518132,reference_only_change_pp,-0.3753000918926691,0.02437505307910399,-0.42307654207431966,-0.32752364171101855,average,26001
NFHS-4,all_narrow,114263,111462,2801,7.185256133518132,refit_change_on_same_reference_pp,-1.234433206757618,0.17562859756119678,-1.5786749573140078,-0.8901914562012283,average,26001
NFHS-4,all_narrow,114263,111462,2801,7.185256133518132,total_exclusion_change_pp,-1.609733298650287,0.17992063394147395,-1.962387677545769,-1.2570789197548051,average,26001
NFHS-4,all_narrow,114263,111462,2801,7.185256133518132,full_fit_full_reference_gap_pp,19.165541627325457,0.49385608143570253,18.19755643381443,20.133526820836483,zero_sensitivity_only,26001
NFHS-4,all_narrow,114263,111462,2801,7.185256133518132,full_fit_non_west_bengal_reference_gap_pp,18.790241535432788,0.4800265086723177,17.849363068295613,19.731120002569963,zero_sensitivity_only,26001
NFHS-4,all_narrow,114263,111462,2801,7.185256133518132,non_west_bengal_refit_same_reference_gap_pp,17.55580832867517,0.4925558006670753,16.590371757280487,18.521244900069853,zero_sensitivity_only,26001
NFHS-4,all_narrow,114263,111462,2801,7.185256133518132,reference_only_change_pp,-0.3753000918926691,0.024331365803579544,-0.4229909126016005,-0.3276092711837377,zero_sensitivity_only,26001
NFHS-4,all_narrow,114263,111462,2801,7.185256133518132,refit_change_on_same_reference_pp,-1.234433206757618,0.1753138193776692,-1.5780579746902257,-0.8908084388250105,zero_sensitivity_only,26001
NFHS-4,all_narrow,114263,111462,2801,7.185256133518132,total_exclusion_change_pp,-1.609733298650287,0.17959816316440422,-1.9617556170138097,-1.2577109802867643,zero_sensitivity_only,26001
NFHS-4,first_delivery,52851,51239,1612,8.8159951203199,full_fit_full_reference_gap_pp,21.20782620507696,0.7055006237167847,19.82500593355637,22.59064647659755,adjust,25966
NFHS-4,first_delivery,52851,51239,1612,8.8159951203199,full_fit_non_west_bengal_reference_gap_pp,20.838098257572717,0.687160325275177,19.491225986122178,22.184970529023257,adjust,25966
NFHS-4,first_delivery,52851,51239,1612,8.8159951203199,non_west_bengal_refit_same_reference_gap_pp,18.77983895097546,0.7154819731346936,17.377454682134072,20.182223219816848,adjust,25966
NFHS-4,first_delivery,52851,51239,1612,8.8159951203199,reference_only_change_pp,-0.3697279475042392,0.027966639856313164,-0.4245441095593281,-0.3149117854491503,adjust,25966
NFHS-4,first_delivery,52851,51239,1612,8.8159951203199,refit_change_on_same_reference_pp,-2.058259306597257,0.26327111917445895,-2.574285272077483,-1.5422333411170313,adjust,25966
NFHS-4,first_delivery,52851,51239,1612,8.8159951203199,total_exclusion_change_pp,-2.427987254101496,0.2669535833097309,-2.9512310531090327,-1.9047434550939597,adjust,25966
NFHS-4,first_delivery,52851,51239,1612,8.8159951203199,full_fit_full_reference_gap_pp,21.20782620507696,0.7065581649897734,19.822933094127034,22.592719316026884,average,25966
NFHS-4,first_delivery,52851,51239,1612,8.8159951203199,full_fit_non_west_bengal_reference_gap_pp,20.838098257572717,0.688211161203593,19.489166289539344,22.18703022560609,average,25966
NFHS-4,first_delivery,52851,51239,1612,8.8159951203199,non_west_bengal_refit_same_reference_gap_pp,18.77983895097546,0.7165943082919288,17.37527444365881,20.18440345829211,average,25966
NFHS-4,first_delivery,52851,51239,1612,8.8159951203199,reference_only_change_pp,-0.3697279475042392,0.027964981493449406,-0.4245408590763257,-0.3149150359321527,average,25966
NFHS-4,first_delivery,52851,51239,1612,8.8159951203199,refit_change_on_same_reference_pp,-2.058259306597257,0.2636777102424734,-2.5750822130753623,-1.5414364001191516,average,25966
NFHS-4,first_delivery,52851,51239,1612,8.8159951203199,total_exclusion_change_pp,-2.427987254101496,0.26738011880755824,-2.9520670862932574,-1.9039074219097347,average,25966
NFHS-4,first_delivery,52851,51239,1612,8.8159951203199,full_fit_full_reference_gap_pp,21.20782620507696,0.705290289681522,19.825418199907347,22.59023421024657,zero_sensitivity_only,25966
NFHS-4,first_delivery,52851,51239,1612,8.8159951203199,full_fit_non_west_bengal_reference_gap_pp,20.838098257572717,0.6869762084687878,19.491586865253456,22.18460964989198,zero_sensitivity_only,25966
NFHS-4,first_delivery,52851,51239,1612,8.8159951203199,non_west_bengal_refit_same_reference_gap_pp,18.77983895097546,0.7153084237398339,17.377794848553854,20.181883053397065,zero_sensitivity_only,25966
NFHS-4,first_delivery,52851,51239,1612,8.8159951203199,reference_only_change_pp,-0.3697279475042392,0.0279148000486822,-0.4244425006670692,-0.31501339434140924,zero_sensitivity_only,25966
NFHS-4,first_delivery,52851,51239,1612,8.8159951203199,refit_change_on_same_reference_pp,-2.058259306597257,0.2632045567574272,-2.5741548060559105,-1.5423638071386034,zero_sensitivity_only,25966
NFHS-4,first_delivery,52851,51239,1612,8.8159951203199,total_exclusion_change_pp,-2.427987254101496,0.26690032157733534,-2.951126657165532,-1.90484785103746,zero_sensitivity_only,25966
NFHS-5,all_narrow,115197,112235,2962,7.016120205289261,full_fit_full_reference_gap_pp,23.75678053300499,0.4637780133330822,22.847752174758128,24.66580889125185,adjust,27400
NFHS-5,all_narrow,115197,112235,2962,7.016120205289261,full_fit_non_west_bengal_reference_gap_pp,23.42614127271113,0.4570375175884468,22.530324626974053,24.32195791844821,adjust,27400
NFHS-5,all_narrow,115197,112235,2962,7.016120205289261,non_west_bengal_refit_same_reference_gap_pp,22.030521134635233,0.4721232989860906,21.105135594507896,22.95590667476257,adjust,27400
NFHS-5,all_narrow,115197,112235,2962,7.016120205289261,reference_only_change_pp,-0.33063926029385793,0.01567109641987089,-0.3613554017256263,-0.29992311886208955,adjust,27400
NFHS-5,all_narrow,115197,112235,2962,7.016120205289261,refit_change_on_same_reference_pp,-1.3956201380758981,0.13916123021453486,-1.668383186337696,-1.1228570898141004,adjust,27400
NFHS-5,all_narrow,115197,112235,2962,7.016120205289261,total_exclusion_change_pp,-1.726259398369756,0.14226365143537936,-2.005103349106223,-1.4474154476332888,adjust,27400
NFHS-5,all_narrow,115197,112235,2962,7.016120205289261,full_fit_full_reference_gap_pp,23.75678053300499,0.4648409845095013,22.845668697500507,24.66789236850947,average,27400
NFHS-5,all_narrow,115197,112235,2962,7.016120205289261,full_fit_non_west_bengal_reference_gap_pp,23.42614127271113,0.4580879258480306,22.528265773668707,24.324016771753556,average,27400
NFHS-5,all_narrow,115197,112235,2962,7.016120205289261,non_west_bengal_refit_same_reference_gap_pp,22.030521134635233,0.4731643851689531,21.103095012944316,22.95794725632615,average,27400
NFHS-5,all_narrow,115197,112235,2962,7.016120205289261,reference_only_change_pp,-0.33063926029385793,0.015710448856916477,-0.36143253449219165,-0.2998459860955242,average,27400
NFHS-5,all_narrow,115197,112235,2962,7.016120205289261,refit_change_on_same_reference_pp,-1.3956201380758981,0.1395515072120543,-1.6691481489881823,-1.122092127163614,average,27400
NFHS-5,all_narrow,115197,112235,2962,7.016120205289261,total_exclusion_change_pp,-1.726259398369756,0.14266481381015111,-2.005889647646571,-1.446629149092941,average,27400
NFHS-5,all_narrow,115197,112235,2962,7.016120205289261,full_fit_full_reference_gap_pp,23.75678053300499,0.46349605298329044,22.84830483130176,24.665256234708217,zero_sensitivity_only,27400
NFHS-5,all_narrow,115197,112235,2962,7.016120205289261,full_fit_non_west_bengal_reference_gap_pp,23.42614127271113,0.4567625330496748,22.53086361057534,24.32141893484692,zero_sensitivity_only,27400
NFHS-5,all_narrow,115197,112235,2962,7.016120205289261,non_west_bengal_refit_same_reference_gap_pp,22.030521134635233,0.47179537142037975,21.10577834911918,22.955263920151285,zero_sensitivity_only,27400
NFHS-5,all_narrow,115197,112235,2962,7.016120205289261,reference_only_change_pp,-0.33063926029385793,0.015664993575083087,-0.36134343984123635,-0.2999350807464795,zero_sensitivity_only,27400
NFHS-5,all_narrow,115197,112235,2962,7.016120205289261,refit_change_on_same_reference_pp,-1.3956201380758981,0.13914774070300223,-1.6683567462129605,-1.1228835299388358,zero_sensitivity_only,27400
NFHS-5,all_narrow,115197,112235,2962,7.016120205289261,total_exclusion_change_pp,-1.726259398369756,0.1422520395235276,-2.005080589171808,-1.4474382075677041,zero_sensitivity_only,27400
NFHS-5,first_delivery,51854,50179,1675,8.773021035289792,full_fit_full_reference_gap_pp,25.237001635445615,0.6585418804833001,23.946226232201024,26.527777038690207,adjust,27392
NFHS-5,first_delivery,51854,50179,1675,8.773021035289792,full_fit_non_west_bengal_reference_gap_pp,24.994238206026978,0.6508693719639848,23.718501307654165,26.26997510439979,adjust,27392
NFHS-5,first_delivery,51854,50179,1675,8.773021035289792,non_west_bengal_refit_same_reference_gap_pp,23.27011510437845,0.670088227080765,21.95670827764048,24.583521931116422,adjust,27392
NFHS-5,first_delivery,51854,50179,1675,8.773021035289792,reference_only_change_pp,-0.24276342941863815,0.023734810309585727,-0.2892848584366462,-0.1962420004006301,adjust,27392
NFHS-5,first_delivery,51854,50179,1675,8.773021035289792,refit_change_on_same_reference_pp,-1.7241231016485252,0.24037228814431932,-2.195264947525671,-1.2529812557713793,adjust,27392
NFHS-5,first_delivery,51854,50179,1675,8.773021035289792,total_exclusion_change_pp,-1.9668865310671635,0.24576639330595143,-2.448601095964153,-1.4851719661701739,adjust,27392
NFHS-5,first_delivery,51854,50179,1675,8.773021035289792,full_fit_full_reference_gap_pp,25.237001635445615,0.6594936651998871,23.944360686003034,26.529642584888197,average,27392
NFHS-5,first_delivery,51854,50179,1675,8.773021035289792,full_fit_non_west_bengal_reference_gap_pp,24.994238206026978,0.6518231791343502,23.716631797344444,26.27184461470951,average,27392
NFHS-5,first_delivery,51854,50179,1675,8.773021035289792,non_west_bengal_refit_same_reference_gap_pp,23.27011510437845,0.6709433003077444,21.955032290855026,24.585197917901876,average,27392
NFHS-5,first_delivery,51854,50179,1675,8.773021035289792,reference_only_change_pp,-0.24276342941863815,0.023786231620980907,-0.2893856468085304,-0.1961412120287459,average,27392
NFHS-5,first_delivery,51854,50179,1675,8.773021035289792,refit_change_on_same_reference_pp,-1.7241231016485252,0.2409509985200945,-2.1963992491407858,-1.2518469541562645,average,27392
NFHS-5,first_delivery,51854,50179,1675,8.773021035289792,total_exclusion_change_pp,-1.9668865310671635,0.24636678719690774,-2.449777898366053,-1.4839951637682736,average,27392
NFHS-5,first_delivery,51854,50179,1675,8.773021035289792,full_fit_full_reference_gap_pp,25.237001635445615,0.6578207305768211,23.94763972250274,26.526363548388492,zero_sensitivity_only,27392
NFHS-5,first_delivery,51854,50179,1675,8.773021035289792,full_fit_non_west_bengal_reference_gap_pp,24.994238206026978,0.6501697021988889,23.719872695792024,26.268603716261932,zero_sensitivity_only,27392
NFHS-5,first_delivery,51854,50179,1675,8.773021035289792,non_west_bengal_refit_same_reference_gap_pp,23.27011510437845,0.6692413214466453,21.958368255530708,24.581861953226195,zero_sensitivity_only,27392
NFHS-5,first_delivery,51854,50179,1675,8.773021035289792,reference_only_change_pp,-0.24276342941863815,0.023725893193895415,-0.2892673804387511,-0.19625947839852523,zero_sensitivity_only,27392
NFHS-5,first_delivery,51854,50179,1675,8.773021035289792,refit_change_on_same_reference_pp,-1.7241231016485252,0.240339779202674,-2.1952012283553266,-1.2530449749417236,zero_sensitivity_only,27392
NFHS-5,first_delivery,51854,50179,1675,8.773021035289792,total_exclusion_change_pp,-1.9668865310671635,0.24574182967263747,-2.448552950000114,-1.485220112134213,zero_sensitivity_only,27392
